,Unnamed: 0,Unnamed: 0.1,cluster_id,time,seqlength,coh_cluster,kmeans_clusters,kmeans_time,gmm_clusters,gmm_time,k_shape_clusters,k_means_softdtw_clusters
0,0,0,0,13.73594,1000,1,0,134.96796999999998,0,133.30432,1,0
1,1,1,0,13.73594,689,0,0,134.96796999999998,0,133.30432,1,0
2,2,2,0,13.73594,1000,1,1,134.96796999999998,0,133.30432,1,0
3,3,3,0,13.73594,520,1,0,134.96796999999998,0,133.30432,1,0
4,4,4,0,13.73594,669,0,0,134.96796999999998,0,133.30432,1,0
5,5,5,0,13.73594,887,1,0,134.96796999999998,0,133.30432,0,0
6,6,6,0,13.73594,472,0,0,134.96796999999998,0,133.30432,1,0
7,7,7,0,13.73594,446,0,0,134.96796999999998,0,133.30432,1,0
8,8,8,0,13.73594,1000,1,0,134.96796999999998,0,133.30432,1,0
9,9,9,0,13.73594,989,1,0,134.96796999999998,0,133.30432,1,0
10,10,10,0,13.73594,1000,1,1,134.96796999999998,0,133.30432,1,0
11,11,11,0,13.73594,520,1,0,134.96796999999998,0,133.30432,1,0
12,12,12,0,13.73594,438,1,0,134.96796999999998,0,133.30432,1,0
13,13,13,0,13.73594,597,1,0,134.96796999999998,0,133.30432,1,0
14,14,14,0,13.73594,904,1,0,134.96796999999998,0,133.30432,1,0
15,15,15,0,13.73594,654,0,0,134.96796999999998,0,133.30432,1,0
16,16,16,0,13.73594,1000,1,1,134.96796999999998,0,133.30432,1,0
17,17,17,0,13.73594,641,1,1,134.96796999999998,0,133.30432,0,0
18,18,18,0,13.73594,963,1,1,134.96796999999998,0,133.30432,1,0
19,19,19,0,13.73594,395,1,0,134.96796999999998,0,133.30432,1,0
20,20,20,0,13.73594,598,1,0,134.96796999999998,0,133.30432,1,0
21,21,21,0,13.73594,936,1,0,134.96796999999998,0,133.30432,1,0
22,22,22,0,13.73594,837,1,0,134.96796999999998,0,133.30432,1,0
23,23,23,0,13.73594,871,1,0,134.96796999999998,0,133.30432,1,0
24,24,24,0,13.73594,406,1,0,134.96796999999998,0,133.30432,1,0
25,25,25,0,13.73594,1000,1,0,134.96796999999998,0,133.30432,1,0
26,26,26,0,13.73594,570,1,0,134.96796999999998,0,133.30432,1,0
27,27,27,0,13.73594,850,1,1,134.96796999999998,0,133.30432,1,0
28,28,28,0,13.73594,1000,1,0,134.96796999999998,0,133.30432,1,0
29,29,29,0,13.73594,513,0,0,134.96796999999998,0,133.30432,1,0
30,30,30,0,13.73594,597,1,1,134.96796999999998,0,133.30432,1,0
31,31,31,0,13.73594,585,1,1,134.96796999999998,1,133.30432,1,0
32,32,32,0,13.73594,771,1,0,134.96796999999998,0,133.30432,1,0
33,33,33,0,13.73594,1000,1,0,134.96796999999998,0,133.30432,1,0
34,34,34,0,13.73594,770,1,1,134.96796999999998,0,133.30432,1,0
35,35,35,0,13.73594,593,1,0,134.96796999999998,0,133.30432,1,0
36,36,36,0,13.73594,582,1,0,134.96796999999998,0,133.30432,1,0
37,37,37,0,13.73594,619,1,0,134.96796999999998,0,133.30432,1,0
38,38,38,0,13.73594,502,1,0,134.96796999999998,0,133.30432,1,0
39,39,39,0,13.73594,484,0,0,134.96796999999998,0,133.30432,1,0
40,40,40,0,13.73594,846,1,0,134.96796999999998,0,133.30432,1,0
41,41,41,0,13.73594,1000,1,0,134.96796999999998,0,133.30432,1,0
42,42,42,0,13.73594,680,1,1,134.96796999999998,0,133.30432,1,0
43,43,43,0,13.73594,638,1,1,134.96796999999998,0,133.30432,1,0
44,44,44,0,13.73594,446,1,1,134.96796999999998,0,133.30432,1,0
45,45,45,0,13.73594,728,0,0,134.96796999999998,0,133.30432,1,0
46,46,46,0,13.73594,699,1,1,134.96796999999998,0,133.30432,1,0
47,47,47,0,13.73594,948,1,1,134.96796999999998,0,133.30432,1,0
48,48,48,0,13.73594,304,1,0,134.96796999999998,0,133.30432,1,0
49,49,49,0,13.73594,1000,1,0,134.96796999999998,0,133.30432,1,0
50,50,50,0,13.73594,944,0,0,134.96796999999998,0,133.30432,1,0
51,51,51,0,13.73594,861,1,1,134.96796999999998,0,133.30432,1,0
52,52,52,0,13.73594,487,1,0,134.96796999999998,0,133.30432,1,0
53,53,53,0,13.73594,1000,1,0,134.96796999999998,0,133.30432,0,0
54,54,54,0,13.73594,441,1,1,134.96796999999998,1,133.30432,0,1
55,55,55,0,13.73594,766,1,0,134.96796999999998,0,133.30432,1,0
56,56,56,0,13.73594,733,1,1,134.96796999999998,0,133.30432,1,0
57,57,57,0,13.73594,814,1,0,134.96796999999998,0,133.30432,1,0
58,58,58,0,13.73594,840,1,1,134.96796999999998,0,133.30432,1,0
59,59,59,0,13.73594,856,1,0,134.96796999999998,0,133.30432,1,0
60,60,60,0,13.73594,887,0,0,134.96796999999998,0,133.30432,1,0
61,61,61,0,13.73594,1000,1,1,134.96796999999998,0,133.30432,1,0
62,62,62,0,13.73594,855,1,0,134.96796999999998,0,133.30432,1,0
63,63,63,0,13.73594,1000,1,1,134.96796999999998,0,133.30432,1,0
64,64,64,0,13.73594,788,1,1,134.96796999999998,0,133.30432,1,0
65,65,65,0,13.73594,1000,1,1,134.96796999999998,0,133.30432,1,0
66,66,66,0,13.73594,493,1,0,134.96796999999998,0,133.30432,1,0
67,67,67,0,13.73594,1000,1,1,134.96796999999998,0,133.30432,1,0
68,68,68,0,13.73594,891,1,0,134.96796999999998,0,133.30432,1,0
69,69,69,0,13.73594,483,1,0,134.96796999999998,0,133.30432,1,0
70,70,70,0,13.73594,451,1,0,134.96796999999998,0,133.30432,1,0
71,71,71,0,13.73594,1000,1,0,134.96796999999998,0,133.30432,1,0
72,72,72,0,13.73594,499,1,1,134.96796999999998,0,133.30432,1,0
73,73,73,0,13.73594,724,1,1,134.96796999999998,1,133.30432,1,0
74,74,74,0,13.73594,819,1,0,134.96796999999998,0,133.30432,1,0
75,75,75,0,13.73594,794,1,0,134.96796999999998,0,133.30432,1,0
76,76,76,0,13.73594,1000,1,1,134.96796999999998,0,133.30432,1,0
77,77,77,0,13.73594,595,1,1,134.96796999999998,1,133.30432,1,0
78,78,78,0,13.73594,586,0,0,134.96796999999998,0,133.30432,1,0
79,79,79,0,13.73594,657,0,0,134.96796999999998,0,133.30432,1,0
80,80,80,0,13.73594,808,1,0,134.96796999999998,0,133.30432,1,0
81,81,81,0,13.73594,1000,1,0,134.96796999999998,0,133.30432,1,0
82,82,82,0,13.73594,380,0,0,134.96796999999998,0,133.30432,1,0
83,83,83,0,13.73594,869,0,0,134.96796999999998,0,133.30432,1,0
84,84,84,0,13.73594,608,1,0,134.96796999999998,0,133.30432,1,0
85,85,85,0,13.73594,555,0,0,134.96796999999998,0,133.30432,1,0
86,86,86,0,13.73594,490,0,0,134.96796999999998,0,133.30432,1,0
87,87,87,0,13.73594,605,1,0,134.96796999999998,0,133.30432,0,0
88,88,88,0,13.73594,579,1,0,134.96796999999998,0,133.30432,1,0
89,89,89,0,13.73594,475,1,1,134.96796999999998,0,133.30432,1,0
90,90,90,0,13.73594,636,1,0,134.96796999999998,0,133.30432,1,0
91,91,91,0,13.73594,428,1,1,134.96796999999998,0,133.30432,1,0
92,92,92,0,13.73594,831,1,1,134.96796999999998,0,133.30432,1,0
93,93,93,0,13.73594,605,1,0,134.96796999999998,0,133.30432,1,0
94,94,94,0,13.73594,572,1,1,134.96796999999998,0,133.30432,1,0
95,95,95,0,13.73594,1000,1,0,134.96796999999998,0,133.30432,1,0
96,96,96,0,13.73594,571,1,0,134.96796999999998,0,133.30432,1,0
97,97,97,0,13.73594,1000,1,0,134.96796999999998,0,133.30432,1,0
98,98,98,0,13.73594,695,1,0,134.96796999999998,0,133.30432,1,0
99,99,99,0,13.73594,546,0,0,134.96796999999998,0,133.30432,1,0
100,100,100,0,13.73594,421,1,1,134.96796999999998,0,133.30432,1,0
101,101,101,0,13.73594,1000,1,0,134.96796999999998,0,133.30432,1,0
102,102,102,0,13.73594,673,1,0,134.96796999999998,0,133.30432,1,0
103,103,103,0,13.73594,366,1,1,134.96796999999998,0,133.30432,1,0
104,104,104,0,13.73594,535,1,1,134.96796999999998,0,133.30432,1,0
105,105,105,0,13.73594,782,0,0,134.96796999999998,0,133.30432,1,0
106,106,106,0,13.73594,674,1,0,134.96796999999998,0,133.30432,1,0
107,107,107,0,13.73594,419,0,0,134.96796999999998,0,133.30432,1,0
108,108,108,0,13.73594,446,1,1,134.96796999999998,0,133.30432,1,0
109,109,109,0,13.73594,640,0,0,134.96796999999998,0,133.30432,1,0
110,110,110,0,13.73594,1000,1,0,134.96796999999998,0,133.30432,1,0
111,111,111,0,13.73594,1000,1,0,134.96796999999998,0,133.30432,1,0
112,112,112,0,13.73594,949,1,0,134.96796999999998,0,133.30432,1,0
113,113,113,0,13.73594,462,1,0,134.96796999999998,0,133.30432,1,0
114,114,114,0,13.73594,430,0,0,134.96796999999998,0,133.30432,1,0
115,115,115,0,13.73594,904,1,1,134.96796999999998,0,133.30432,1,0
116,116,116,0,13.73594,917,1,0,134.96796999999998,0,133.30432,1,0
117,117,117,0,13.73594,267,1,0,134.96796999999998,0,133.30432,1,0
118,118,118,0,13.73594,572,1,0,134.96796999999998,0,133.30432,1,0
119,119,119,0,13.73594,708,1,1,134.96796999999998,0,133.30432,1,0
120,120,120,0,13.73594,623,1,0,134.96796999999998,0,133.30432,1,0
121,121,121,0,13.73594,749,1,0,134.96796999999998,0,133.30432,0,0
122,122,122,0,13.73594,575,1,0,134.96796999999998,0,133.30432,1,0
123,123,123,0,13.73594,644,0,0,134.96796999999998,0,133.30432,1,0
124,124,124,0,13.73594,595,1,1,134.96796999999998,0,133.30432,1,0
125,125,125,0,13.73594,685,1,0,134.96796999999998,0,133.30432,1,0
126,126,126,0,13.73594,581,1,0,134.96796999999998,0,133.30432,1,0
127,127,127,0,13.73594,933,1,0,134.96796999999998,0,133.30432,1,0
128,128,128,0,13.73594,619,1,0,134.96796999999998,0,133.30432,1,0
129,129,129,0,13.73594,911,1,1,134.96796999999998,0,133.30432,1,0
130,130,130,0,13.73594,959,1,1,134.96796999999998,0,133.30432,1,0
131,131,131,0,13.73594,687,1,0,134.96796999999998,0,133.30432,1,0
132,132,132,0,13.73594,803,1,0,134.96796999999998,0,133.30432,1,0
133,133,133,0,13.73594,684,1,1,134.96796999999998,0,133.30432,1,0
134,134,134,0,13.73594,1000,1,0,134.96796999999998,0,133.30432,1,0
135,135,135,0,13.73594,739,0,0,134.96796999999998,0,133.30432,1,0
136,136,136,0,13.73594,1000,1,0,134.96796999999998,0,133.30432,1,0
137,137,137,0,13.73594,1000,1,0,134.96796999999998,0,133.30432,1,0
138,138,138,0,13.73594,910,1,1,134.96796999999998,1,133.30432,1,0
139,139,139,0,13.73594,971,1,0,134.96796999999998,0,133.30432,1,0
140,140,140,0,13.73594,455,1,0,134.96796999999998,0,133.30432,1,0
141,141,141,0,13.73594,1000,1,1,134.96796999999998,1,133.30432,0,0
142,142,142,0,13.73594,881,1,0,134.96796999999998,0,133.30432,1,0
143,143,143,0,13.73594,584,1,0,134.96796999999998,0,133.30432,1,0
144,144,144,0,13.73594,509,1,0,134.96796999999998,0,133.30432,1,0
145,145,145,0,13.73594,845,1,1,134.96796999999998,0,133.30432,1,0
146,146,146,0,13.73594,1000,0,0,134.96796999999998,0,133.30432,1,0
147,147,147,0,13.73594,744,1,1,134.96796999999998,0,133.30432,1,0
148,148,148,0,13.73594,1000,1,0,134.96796999999998,0,133.30432,1,0
149,149,149,0,13.73594,607,1,0,134.96796999999998,0,133.30432,1,0
150,150,150,0,13.73594,625,1,0,134.96796999999998,0,133.30432,1,0
151,151,151,0,13.73594,672,1,0,134.96796999999998,0,133.30432,1,0
152,152,152,0,13.73594,1000,1,0,134.96796999999998,0,133.30432,1,0
153,153,153,0,13.73594,433,1,0,134.96796999999998,0,133.30432,1,0
154,154,154,0,13.73594,450,1,0,134.96796999999998,0,133.30432,1,0
155,155,155,0,13.73594,1000,0,0,134.96796999999998,0,133.30432,1,0
156,156,156,0,13.73594,716,1,0,134.96796999999998,0,133.30432,1,0
157,157,157,0,13.73594,1000,1,0,134.96796999999998,0,133.30432,1,0
158,158,158,0,13.73594,1000,1,1,134.96796999999998,0,133.30432,1,0
159,159,159,0,13.73594,387,1,0,134.96796999999998,0,133.30432,1,0
160,160,160,0,13.73594,1000,1,1,134.96796999999998,0,133.30432,0,0
161,161,161,0,13.73594,523,1,1,134.96796999999998,0,133.30432,1,0
162,162,162,0,13.73594,647,0,0,134.96796999999998,0,133.30432,1,0
163,163,163,0,13.73594,626,1,1,134.96796999999998,0,133.30432,0,0
164,164,164,0,13.73594,574,0,0,134.96796999999998,0,133.30432,1,0
165,165,165,0,13.73594,706,1,0,134.96796999999998,0,133.30432,1,0
166,166,166,0,13.73594,634,1,0,134.96796999999998,0,133.30432,1,0
167,167,167,0,13.73594,1000,1,0,134.96796999999998,0,133.30432,1,0
168,168,168,0,13.73594,559,1,0,134.96796999999998,0,133.30432,1,0
169,169,169,0,13.73594,310,1,0,134.96796999999998,0,133.30432,1,0
170,170,170,0,13.73594,894,1,0,134.96796999999998,0,133.30432,1,0
171,171,171,0,13.73594,635,0,0,134.96796999999998,0,133.30432,1,0
172,172,172,0,13.73594,890,1,1,134.96796999999998,1,133.30432,1,0
173,173,173,0,13.73594,626,1,0,134.96796999999998,0,133.30432,1,0
174,174,174,0,13.73594,545,1,0,134.96796999999998,0,133.30432,1,0
175,175,175,0,13.73594,722,1,1,134.96796999999998,0,133.30432,1,0
176,176,176,0,13.73594,584,1,0,134.96796999999998,0,133.30432,1,0
177,177,177,0,13.73594,794,1,0,134.96796999999998,0,133.30432,0,0
178,178,178,0,13.73594,955,1,0,134.96796999999998,0,133.30432,1,0
179,179,179,0,13.73594,589,1,0,134.96796999999998,0,133.30432,1,0
180,180,180,0,13.73594,1000,1,1,134.96796999999998,1,133.30432,1,0
181,181,181,0,13.73594,608,1,0,134.96796999999998,0,133.30432,1,0
182,182,182,0,13.73594,420,1,0,134.96796999999998,0,133.30432,1,0
183,183,183,0,13.73594,742,1,0,134.96796999999998,0,133.30432,1,0
184,184,184,0,13.73594,682,1,0,134.96796999999998,0,133.30432,1,0
185,185,185,0,13.73594,364,1,0,134.96796999999998,0,133.30432,0,0
186,186,186,0,13.73594,703,1,0,134.96796999999998,0,133.30432,1,0
187,187,187,0,13.73594,821,1,0,134.96796999999998,0,133.30432,1,0
188,188,188,0,13.73594,907,1,1,134.96796999999998,0,133.30432,1,0
189,189,189,0,13.73594,934,0,0,134.96796999999998,0,133.30432,1,0
190,190,190,0,13.73594,1000,1,0,134.96796999999998,0,133.30432,1,0
191,191,191,0,13.73594,627,1,1,134.96796999999998,1,133.30432,1,0
192,192,192,0,13.73594,1000,1,1,134.96796999999998,0,133.30432,1,0
193,193,193,0,13.73594,431,1,0,134.96796999999998,0,133.30432,1,0
194,194,194,0,13.73594,629,1,0,134.96796999999998,0,133.30432,1,0
195,195,195,0,13.73594,782,1,1,134.96796999999998,1,133.30432,1,0
196,196,196,0,13.73594,1000,1,1,134.96796999999998,0,133.30432,1,0
197,197,197,0,13.73594,773,1,0,134.96796999999998,0,133.30432,1,0
198,198,198,0,13.73594,632,0,0,134.96796999999998,0,133.30432,1,0
199,199,199,0,13.73594,530,1,1,134.96796999999998,0,133.30432,1,0
200,200,200,0,13.73594,480,1,1,134.96796999999998,0,133.30432,1,0
201,201,201,0,13.73594,762,1,0,134.96796999999998,0,133.30432,1,0
202,202,202,0,13.73594,1000,0,0,134.96796999999998,0,133.30432,1,0
203,203,203,0,13.73594,1000,1,1,134.96796999999998,1,133.30432,0,1
204,204,204,0,13.73594,505,1,0,134.96796999999998,0,133.30432,1,0
205,205,205,0,13.73594,826,1,0,134.96796999999998,0,133.30432,1,0
206,206,206,0,13.73594,460,1,0,134.96796999999998,0,133.30432,1,0
207,207,207,0,13.73594,660,1,0,134.96796999999998,0,133.30432,1,0
208,208,208,0,13.73594,842,1,0,134.96796999999998,0,133.30432,1,0
209,209,209,0,13.73594,1000,1,1,134.96796999999998,0,133.30432,1,0
210,210,210,0,13.73594,1000,1,0,134.96796999999998,0,133.30432,1,0
211,211,211,0,13.73594,677,1,1,134.96796999999998,0,133.30432,1,0
212,212,212,0,13.73594,1000,1,0,134.96796999999998,0,133.30432,1,0
213,213,213,0,13.73594,685,1,0,134.96796999999998,0,133.30432,1,0
214,214,214,0,13.73594,1000,1,0,134.96796999999998,0,133.30432,1,0
215,215,215,0,13.73594,513,1,0,134.96796999999998,0,133.30432,1,0
216,216,216,0,13.73594,681,1,0,134.96796999999998,0,133.30432,1,0
217,217,217,0,13.73594,470,1,0,134.96796999999998,0,133.30432,1,0
218,218,218,0,13.73594,316,1,0,134.96796999999998,0,133.30432,1,0
219,219,219,0,13.73594,1000,1,0,134.96796999999998,0,133.30432,1,0
220,220,220,0,13.73594,619,0,0,134.96796999999998,0,133.30432,1,0
221,221,221,0,13.73594,663,1,0,134.96796999999998,0,133.30432,1,0
222,222,222,0,13.73594,471,1,0,134.96796999999998,0,133.30432,1,0
223,223,223,0,13.73594,1000,1,0,134.96796999999998,0,133.30432,1,0
224,224,224,0,13.73594,843,1,1,134.96796999999998,0,133.30432,1,0
225,225,225,0,13.73594,679,1,0,134.96796999999998,0,133.30432,1,0
226,226,226,0,13.73594,424,1,0,134.96796999999998,0,133.30432,1,0
227,227,227,0,13.73594,1000,1,0,134.96796999999998,0,133.30432,1,0
228,228,228,0,13.73594,1000,1,1,134.96796999999998,0,133.30432,1,0
229,229,229,0,13.73594,694,0,0,134.96796999999998,0,133.30432,1,0
230,230,230,0,13.73594,798,1,0,134.96796999999998,0,133.30432,0,0
231,231,231,0,13.73594,562,0,0,134.96796999999998,0,133.30432,1,0
232,232,232,0,13.73594,1000,1,0,134.96796999999998,0,133.30432,1,0
233,233,233,0,13.73594,601,1,0,134.96796999999998,0,133.30432,1,0
234,234,234,0,13.73594,405,1,0,134.96796999999998,0,133.30432,1,0
235,235,235,0,13.73594,581,1,0,134.96796999999998,0,133.30432,1,0
236,236,236,0,13.73594,537,1,1,134.96796999999998,0,133.30432,1,0
237,237,237,0,13.73594,414,1,1,134.96796999999998,0,133.30432,1,0
238,238,238,0,13.73594,680,0,0,134.96796999999998,0,133.30432,1,0
239,239,239,0,13.73594,876,1,0,134.96796999999998,0,133.30432,1,0
240,240,240,0,13.73594,501,0,0,134.96796999999998,0,133.30432,1,0
241,241,241,0,13.73594,888,1,1,134.96796999999998,0,133.30432,1,0
242,242,242,0,13.73594,664,1,0,134.96796999999998,0,133.30432,1,0
243,243,243,0,13.73594,743,1,1,134.96796999999998,1,133.30432,1,0
244,244,244,0,13.73594,737,1,0,134.96796999999998,0,133.30432,1,0
245,245,245,0,13.73594,354,1,0,134.96796999999998,0,133.30432,1,0
246,246,246,0,13.73594,438,1,1,134.96796999999998,0,133.30432,1,0
247,247,247,0,13.73594,728,1,0,134.96796999999998,0,133.30432,1,0
248,248,248,0,13.73594,1000,1,0,134.96796999999998,0,133.30432,1,0
249,249,249,0,13.73594,937,1,1,134.96796999999998,0,133.30432,1,0
250,250,250,0,13.73594,695,1,1,134.96796999999998,1,133.30432,1,1
251,251,251,0,13.73594,363,1,0,134.96796999999998,0,133.30432,1,0
252,252,252,0,13.73594,610,1,0,134.96796999999998,0,133.30432,0,0
253,253,253,0,13.73594,636,1,0,134.96796999999998,0,133.30432,1,0
254,254,254,0,13.73594,680,1,0,134.96796999999998,0,133.30432,1,0
255,255,255,0,13.73594,663,1,1,134.96796999999998,0,133.30432,1,0
256,256,256,0,13.73594,663,1,0,134.96796999999998,0,133.30432,1,0
257,257,257,0,13.73594,1000,1,1,134.96796999999998,0,133.30432,1,0
258,258,258,0,13.73594,780,1,0,134.96796999999998,0,133.30432,1,0
259,259,259,0,13.73594,1000,1,0,134.96796999999998,0,133.30432,1,0
260,260,260,0,13.73594,621,0,0,134.96796999999998,0,133.30432,1,0
261,261,261,0,13.73594,570,1,1,134.96796999999998,0,133.30432,1,0
262,262,262,0,13.73594,1000,1,1,134.96796999999998,0,133.30432,1,0
263,263,263,0,13.73594,802,1,0,134.96796999999998,0,133.30432,1,0
264,264,264,0,13.73594,620,1,0,134.96796999999998,0,133.30432,1,0
265,265,265,0,13.73594,1000,1,1,134.96796999999998,1,133.30432,1,0
266,266,266,0,13.73594,602,1,0,134.96796999999998,0,133.30432,1,0
267,267,267,0,13.73594,815,1,0,134.96796999999998,0,133.30432,1,0
268,268,268,0,13.73594,387,1,0,134.96796999999998,0,133.30432,1,0
269,269,269,0,13.73594,1000,1,0,134.96796999999998,0,133.30432,1,0
270,270,270,0,13.73594,574,1,0,134.96796999999998,0,133.30432,1,0
271,271,271,0,13.73594,483,0,0,134.96796999999998,0,133.30432,1,0
272,272,272,0,13.73594,675,1,1,134.96796999999998,0,133.30432,1,0
273,273,273,0,13.73594,511,1,0,134.96796999999998,0,133.30432,1,0
274,274,274,0,13.73594,830,1,0,134.96796999999998,0,133.30432,1,0
275,275,275,0,13.73594,941,1,0,134.96796999999998,0,133.30432,1,0
276,276,276,0,13.73594,1000,1,0,134.96796999999998,0,133.30432,1,0
277,277,277,0,13.73594,1000,1,0,134.96796999999998,0,133.30432,1,0
278,278,278,0,13.73594,494,1,1,134.96796999999998,0,133.30432,1,0
279,279,279,0,13.73594,741,1,0,134.96796999999998,0,133.30432,1,0
280,280,280,0,13.73594,810,0,0,134.96796999999998,0,133.30432,1,0
281,281,281,0,13.73594,1000,0,0,134.96796999999998,0,133.30432,1,0
282,282,282,0,13.73594,858,1,1,134.96796999999998,0,133.30432,1,0
283,283,283,0,13.73594,574,1,0,134.96796999999998,0,133.30432,1,0
284,284,284,0,13.73594,622,1,1,134.96796999999998,0,133.30432,1,0
285,285,285,0,13.73594,600,1,0,134.96796999999998,0,133.30432,1,0
286,286,286,0,13.73594,630,1,0,134.96796999999998,0,133.30432,1,0
287,287,287,0,13.73594,320,0,0,134.96796999999998,0,133.30432,1,0
288,288,288,0,13.73594,484,0,0,134.96796999999998,0,133.30432,1,0
289,289,289,0,13.73594,589,1,0,134.96796999999998,0,133.30432,1,0
290,290,290,0,13.73594,812,0,0,134.96796999999998,0,133.30432,1,0
291,291,291,0,13.73594,1000,0,0,134.96796999999998,0,133.30432,1,0
292,292,292,0,13.73594,681,1,1,134.96796999999998,0,133.30432,0,0
293,293,293,0,13.73594,632,1,0,134.96796999999998,0,133.30432,1,0
294,294,294,0,13.73594,918,1,1,134.96796999999998,0,133.30432,1,0
295,295,295,0,13.73594,1000,1,1,134.96796999999998,1,133.30432,1,0
296,296,296,0,13.73594,773,0,0,134.96796999999998,0,133.30432,1,0
297,297,297,0,13.73594,1000,1,1,134.96796999999998,0,133.30432,1,0
298,298,298,0,13.73594,395,1,0,134.96796999999998,0,133.30432,1,0
299,299,299,0,13.73594,764,1,0,134.96796999999998,0,133.30432,1,0
300,300,300,0,13.73594,971,1,0,134.96796999999998,0,133.30432,1,0
301,301,301,0,13.73594,651,1,1,134.96796999999998,0,133.30432,1,0
302,302,302,0,13.73594,705,0,0,134.96796999999998,0,133.30432,1,0
303,303,303,0,13.73594,666,0,0,134.96796999999998,0,133.30432,1,0
304,304,304,0,13.73594,693,0,0,134.96796999999998,0,133.30432,1,0
305,305,305,0,13.73594,653,1,0,134.96796999999998,0,133.30432,1,0
306,306,306,0,13.73594,483,1,1,134.96796999999998,0,133.30432,1,0
307,307,307,0,13.73594,1000,1,0,134.96796999999998,0,133.30432,1,0
308,308,308,0,13.73594,556,1,0,134.96796999999998,0,133.30432,1,0
309,309,309,0,13.73594,539,1,0,134.96796999999998,0,133.30432,1,0
310,310,310,0,13.73594,1000,1,1,134.96796999999998,0,133.30432,1,0
311,311,311,0,13.73594,1000,1,1,134.96796999999998,1,133.30432,1,0
312,312,312,0,13.73594,554,1,0,134.96796999999998,0,133.30432,1,0
313,313,313,0,13.73594,448,1,0,134.96796999999998,0,133.30432,1,0
314,314,314,0,13.73594,1000,1,1,134.96796999999998,0,133.30432,1,0
315,315,315,0,13.73594,384,1,0,134.96796999999998,0,133.30432,1,0
316,316,316,0,13.73594,1000,1,0,134.96796999999998,0,133.30432,0,0
317,317,317,0,13.73594,612,1,0,134.96796999999998,0,133.30432,1,0
318,318,318,0,13.73594,729,1,0,134.96796999999998,0,133.30432,1,0
319,319,319,0,13.73594,1000,1,1,134.96796999999998,0,133.30432,1,0
320,320,320,0,13.73594,1000,1,0,134.96796999999998,0,133.30432,1,0
321,321,321,0,13.73594,1000,0,0,134.96796999999998,0,133.30432,1,0
322,322,322,0,13.73594,948,1,0,134.96796999999998,0,133.30432,1,0
323,323,323,0,13.73594,437,1,0,134.96796999999998,0,133.30432,1,0
324,324,324,0,13.73594,1000,1,1,134.96796999999998,0,133.30432,1,0
325,325,325,0,13.73594,335,1,0,134.96796999999998,0,133.30432,1,0
326,326,326,0,13.73594,735,1,0,134.96796999999998,0,133.30432,1,0
327,327,327,0,13.73594,407,1,0,134.96796999999998,0,133.30432,0,0
328,328,328,0,13.73594,1000,1,0,134.96796999999998,0,133.30432,1,0
329,329,329,0,13.73594,990,1,0,134.96796999999998,0,133.30432,1,0
330,330,330,0,13.73594,731,1,0,134.96796999999998,0,133.30432,1,0
331,331,331,0,13.73594,440,1,0,134.96796999999998,0,133.30432,1,0
332,332,332,0,13.73594,591,1,0,134.96796999999998,0,133.30432,1,0
333,333,333,0,13.73594,680,1,0,134.96796999999998,0,133.30432,1,0
334,334,334,0,13.73594,1000,0,0,134.96796999999998,0,133.30432,1,0
335,335,335,0,13.73594,545,1,0,134.96796999999998,0,133.30432,1,0
336,336,336,0,13.73594,128,1,0,134.96796999999998,0,133.30432,1,0
337,337,337,0,13.73594,131,0,0,134.96796999999998,0,133.30432,1,0
338,338,338,0,13.73594,239,0,0,134.96796999999998,0,133.30432,1,0
339,339,339,0,13.73594,157,1,1,134.96796999999998,1,133.30432,1,0
340,340,340,0,13.73594,140,1,0,134.96796999999998,0,133.30432,1,0
341,341,341,0,13.73594,132,1,1,134.96796999999998,0,133.30432,1,0
342,342,342,0,13.73594,195,1,1,134.96796999999998,0,133.30432,1,0
343,343,343,0,13.73594,228,1,0,134.96796999999998,0,133.30432,1,0
344,344,344,0,13.73594,124,1,1,134.96796999999998,0,133.30432,1,0
345,345,345,0,13.73594,954,1,0,134.96796999999998,0,133.30432,1,0
346,346,346,0,13.73594,115,1,0,134.96796999999998,0,133.30432,1,0
347,347,347,0,13.73594,164,0,0,134.96796999999998,0,133.30432,1,0
348,348,348,0,13.73594,156,0,0,134.96796999999998,0,133.30432,1,0
349,349,349,0,13.73594,167,1,0,134.96796999999998,0,133.30432,1,0
350,350,350,0,13.73594,257,1,0,134.96796999999998,0,133.30432,1,0
351,351,351,0,13.73594,136,0,0,134.96796999999998,0,133.30432,1,0
352,352,352,0,13.73594,104,1,0,134.96796999999998,0,133.30432,1,0
353,353,353,0,13.73594,124,1,0,134.96796999999998,0,133.30432,1,0
354,354,354,0,13.73594,127,1,0,134.96796999999998,0,133.30432,1,0
355,355,355,0,13.73594,230,1,1,134.96796999999998,0,133.30432,1,0
356,356,356,0,13.73594,709,1,0,134.96796999999998,0,133.30432,1,0
357,357,357,0,13.73594,270,1,1,134.96796999999998,1,133.30432,1,0
358,358,358,0,13.73594,123,1,1,134.96796999999998,0,133.30432,1,0
359,359,359,0,13.73594,196,1,0,134.96796999999998,0,133.30432,1,0
360,360,360,0,13.73594,138,1,0,134.96796999999998,0,133.30432,1,0
361,361,361,0,13.73594,121,1,0,134.96796999999998,0,133.30432,1,0
362,362,362,0,13.73594,127,1,0,134.96796999999998,0,133.30432,1,0
363,363,363,0,13.73594,260,1,0,134.96796999999998,0,133.30432,1,0
364,364,364,0,13.73594,160,0,0,134.96796999999998,0,133.30432,1,0
365,365,365,0,13.73594,198,1,0,134.96796999999998,0,133.30432,1,0
366,366,366,0,13.73594,126,0,0,134.96796999999998,0,133.30432,1,0
367,367,367,0,13.73594,497,1,1,134.96796999999998,0,133.30432,1,0
368,368,368,0,13.73594,87,1,0,134.96796999999998,0,133.30432,1,0
369,369,369,0,13.73594,157,1,0,134.96796999999998,0,133.30432,1,0
370,370,370,0,13.73594,173,1,0,134.96796999999998,0,133.30432,0,0
371,371,371,0,13.73594,186,1,0,134.96796999999998,0,133.30432,1,0
372,372,372,0,13.73594,89,1,0,134.96796999999998,0,133.30432,1,0
373,373,373,0,13.73594,273,1,0,134.96796999999998,0,133.30432,1,0
374,374,374,0,13.73594,242,1,1,134.96796999999998,0,133.30432,1,0
375,375,375,0,13.73594,140,0,0,134.96796999999998,0,133.30432,1,0
376,376,376,0,13.73594,146,1,1,134.96796999999998,0,133.30432,1,0
377,377,377,0,13.73594,188,1,0,134.96796999999998,0,133.30432,1,0
378,378,378,0,13.73594,579,1,0,134.96796999999998,0,133.30432,1,0
379,379,379,0,13.73594,95,1,0,134.96796999999998,0,133.30432,1,0
380,380,380,0,13.73594,149,1,1,134.96796999999998,1,133.30432,1,0
381,381,381,0,13.73594,116,1,0,134.96796999999998,0,133.30432,1,0
382,382,382,0,13.73594,125,1,1,134.96796999999998,0,133.30432,1,0
383,383,383,0,13.73594,145,1,0,134.96796999999998,0,133.30432,1,0
384,384,384,0,13.73594,189,1,0,134.96796999999998,0,133.30432,1,0
385,385,385,0,13.73594,195,1,0,134.96796999999998,0,133.30432,1,0
386,386,386,0,13.73594,115,0,0,134.96796999999998,0,133.30432,1,0
387,387,387,0,13.73594,201,0,0,134.96796999999998,0,133.30432,1,0
388,388,388,0,13.73594,288,0,0,134.96796999999998,0,133.30432,1,0
389,389,389,0,13.73594,445,1,1,134.96796999999998,0,133.30432,1,0
390,390,390,0,13.73594,145,1,0,134.96796999999998,0,133.30432,1,0
391,391,391,0,13.73594,165,1,1,134.96796999999998,1,133.30432,0,0
392,392,392,0,13.73594,155,1,0,134.96796999999998,0,133.30432,1,0
393,393,393,0,13.73594,195,0,1,134.96796999999998,0,133.30432,1,0
394,394,394,0,13.73594,136,1,0,134.96796999999998,0,133.30432,1,0
395,395,395,0,13.73594,329,1,0,134.96796999999998,0,133.30432,1,0
396,396,396,0,13.73594,151,1,0,134.96796999999998,0,133.30432,1,0
397,397,397,0,13.73594,179,1,1,134.96796999999998,1,133.30432,1,0
398,398,398,0,13.73594,124,1,1,134.96796999999998,0,133.30432,1,0
399,399,399,0,13.73594,178,1,0,134.96796999999998,0,133.30432,1,0
400,400,400,1,13.73594,1000,0,1,134.96796999999998,1,133.30432,0,1
401,401,401,1,13.73594,122,0,1,134.96796999999998,1,133.30432,0,1
402,402,402,1,13.73594,118,0,1,134.96796999999998,1,133.30432,0,1
403,403,403,1,13.73594,173,0,1,134.96796999999998,1,133.30432,0,1
404,404,404,1,13.73594,122,0,1,134.96796999999998,1,133.30432,0,1
405,405,405,1,13.73594,133,0,1,134.96796999999998,1,133.30432,0,1
406,406,406,1,13.73594,205,0,1,134.96796999999998,1,133.30432,0,1
407,407,407,1,13.73594,287,0,1,134.96796999999998,1,133.30432,0,1
408,408,408,1,13.73594,74,0,1,134.96796999999998,1,133.30432,0,1
409,409,409,1,13.73594,246,0,1,134.96796999999998,1,133.30432,0,1
410,410,410,1,13.73594,199,0,1,134.96796999999998,1,133.30432,0,1
411,411,411,1,13.73594,596,0,1,134.96796999999998,1,133.30432,1,1
412,412,412,1,13.73594,119,0,1,134.96796999999998,1,133.30432,0,1
413,413,413,1,13.73594,175,0,1,134.96796999999998,1,133.30432,0,1
414,414,414,1,13.73594,134,0,1,134.96796999999998,1,133.30432,0,1
415,415,415,1,13.73594,174,0,1,134.96796999999998,1,133.30432,0,1
416,416,416,1,13.73594,172,0,1,134.96796999999998,1,133.30432,0,1
417,417,417,1,13.73594,105,0,1,134.96796999999998,1,133.30432,0,1
418,418,418,1,13.73594,84,0,1,134.96796999999998,1,133.30432,0,1
419,419,419,1,13.73594,115,0,1,134.96796999999998,1,133.30432,0,1
420,420,420,1,13.73594,165,0,1,134.96796999999998,1,133.30432,0,1
421,421,421,1,13.73594,107,0,1,134.96796999999998,1,133.30432,0,1
422,422,422,1,13.73594,481,0,1,134.96796999999998,1,133.30432,0,1
423,423,423,1,13.73594,126,0,1,134.96796999999998,1,133.30432,0,1
424,424,424,1,13.73594,216,0,1,134.96796999999998,1,133.30432,0,1
425,425,425,1,13.73594,198,0,1,134.96796999999998,1,133.30432,0,1
426,426,426,1,13.73594,214,0,1,134.96796999999998,1,133.30432,0,1
427,427,427,1,13.73594,214,0,1,134.96796999999998,1,133.30432,0,1
428,428,428,1,13.73594,148,0,1,134.96796999999998,1,133.30432,0,1
429,429,429,1,13.73594,222,0,1,134.96796999999998,1,133.30432,0,1
430,430,430,1,13.73594,115,0,1,134.96796999999998,1,133.30432,0,1
431,431,431,1,13.73594,142,0,1,134.96796999999998,1,133.30432,0,1
432,432,432,1,13.73594,108,0,1,134.96796999999998,1,133.30432,1,1
433,433,433,1,13.73594,692,0,1,134.96796999999998,1,133.30432,0,1
434,434,434,1,13.73594,67,0,1,134.96796999999998,1,133.30432,0,1
435,435,435,1,13.73594,135,0,1,134.96796999999998,1,133.30432,0,1
436,436,436,1,13.73594,89,0,1,134.96796999999998,1,133.30432,0,1
437,437,437,1,13.73594,240,0,1,134.96796999999998,1,133.30432,0,1
438,438,438,1,13.73594,199,0,1,134.96796999999998,1,133.30432,0,1
439,439,439,1,13.73594,150,0,1,134.96796999999998,1,133.30432,0,1
440,440,440,1,13.73594,145,0,1,134.96796999999998,1,133.30432,0,1
441,441,441,1,13.73594,128,0,1,134.96796999999998,1,133.30432,0,1
442,442,442,1,13.73594,103,0,1,134.96796999999998,1,133.30432,0,1
443,443,443,1,13.73594,129,0,1,134.96796999999998,1,133.30432,0,1
444,444,444,1,13.73594,1000,0,1,134.96796999999998,1,133.30432,0,1
445,445,445,1,13.73594,806,0,1,134.96796999999998,1,133.30432,0,1
446,446,446,1,13.73594,89,0,1,134.96796999999998,1,133.30432,1,1
447,447,447,1,13.73594,166,0,1,134.96796999999998,1,133.30432,0,1
448,448,448,1,13.73594,117,0,1,134.96796999999998,1,133.30432,0,0
449,449,449,1,13.73594,138,0,1,134.96796999999998,1,133.30432,0,1
450,450,450,1,13.73594,184,0,1,134.96796999999998,1,133.30432,0,1
451,451,451,1,13.73594,109,0,1,134.96796999999998,1,133.30432,0,1
452,452,452,1,13.73594,160,0,1,134.96796999999998,1,133.30432,0,1
453,453,453,1,13.73594,107,0,1,134.96796999999998,1,133.30432,1,1
454,454,454,1,13.73594,118,0,1,134.96796999999998,1,133.30432,0,0
455,455,455,1,13.73594,118,0,1,134.96796999999998,1,133.30432,0,1
456,456,456,1,13.73594,1000,0,1,134.96796999999998,1,133.30432,0,1
457,457,457,1,13.73594,150,0,1,134.96796999999998,1,133.30432,0,1
458,458,458,1,13.73594,280,0,1,134.96796999999998,1,133.30432,0,1
459,459,459,1,13.73594,298,0,1,134.96796999999998,1,133.30432,0,1
460,460,460,1,13.73594,343,0,1,134.96796999999998,1,133.30432,0,1
461,461,461,1,13.73594,146,0,1,134.96796999999998,1,133.30432,0,1
462,462,462,1,13.73594,115,0,1,134.96796999999998,1,133.30432,0,1
463,463,463,1,13.73594,180,0,1,134.96796999999998,1,133.30432,0,1
464,464,464,1,13.73594,154,0,1,134.96796999999998,1,133.30432,0,1
465,465,465,1,13.73594,88,0,1,134.96796999999998,1,133.30432,0,1
466,466,466,1,13.73594,81,0,1,134.96796999999998,1,133.30432,0,1
467,467,467,1,13.73594,583,0,1,134.96796999999998,1,133.30432,0,1
468,468,468,1,13.73594,170,0,1,134.96796999999998,1,133.30432,0,1
469,469,469,1,13.73594,158,0,1,134.96796999999998,1,133.30432,0,1
470,470,470,1,13.73594,213,0,1,134.96796999999998,1,133.30432,0,1
471,471,471,1,13.73594,98,0,1,134.96796999999998,1,133.30432,1,1
472,472,472,1,13.73594,75,0,1,134.96796999999998,1,133.30432,0,1
473,473,473,1,13.73594,114,0,1,134.96796999999998,1,133.30432,0,1
474,474,474,1,13.73594,148,0,1,134.96796999999998,1,133.30432,0,1
475,475,475,1,13.73594,280,0,1,134.96796999999998,1,133.30432,0,1
476,476,476,1,13.73594,70,0,1,134.96796999999998,1,133.30432,0,1
477,477,477,1,13.73594,150,0,1,134.96796999999998,1,133.30432,0,1
478,478,478,1,13.73594,1000,0,1,134.96796999999998,1,133.30432,0,1
479,479,479,1,13.73594,166,0,1,134.96796999999998,1,133.30432,0,1
480,480,480,1,13.73594,139,0,1,134.96796999999998,1,133.30432,0,1
481,481,481,1,13.73594,102,0,1,134.96796999999998,1,133.30432,0,1
482,482,482,1,13.73594,145,0,1,134.96796999999998,1,133.30432,0,1
483,483,483,1,13.73594,160,0,1,134.96796999999998,1,133.30432,0,1
484,484,484,1,13.73594,95,0,1,134.96796999999998,1,133.30432,0,1
485,485,485,1,13.73594,151,0,1,134.96796999999998,1,133.30432,0,1
486,486,486,1,13.73594,121,0,1,134.96796999999998,1,133.30432,0,1
487,487,487,1,13.73594,255,0,1,134.96796999999998,1,133.30432,0,1
488,488,488,1,13.73594,116,0,1,134.96796999999998,1,133.30432,1,1
489,489,489,1,13.73594,513,0,1,134.96796999999998,1,133.30432,0,1
490,490,490,1,13.73594,176,0,1,134.96796999999998,1,133.30432,0,1
491,491,491,1,13.73594,172,0,1,134.96796999999998,1,133.30432,0,1
492,492,492,1,13.73594,201,0,1,134.96796999999998,1,133.30432,0,1
493,493,493,1,13.73594,226,0,1,134.96796999999998,1,133.30432,0,1
494,494,494,1,13.73594,163,0,1,134.96796999999998,1,133.30432,0,1
495,495,495,1,13.73594,312,0,1,134.96796999999998,1,133.30432,0,1
496,496,496,1,13.73594,393,0,1,134.96796999999998,1,133.30432,0,1
497,497,497,1,13.73594,165,0,1,134.96796999999998,1,133.30432,0,1
498,498,498,1,13.73594,136,0,1,134.96796999999998,1,133.30432,0,1
499,499,499,1,13.73594,96,0,1,134.96796999999998,1,133.30432,0,1
500,500,500,1,13.73594,254,0,1,134.96796999999998,1,133.30432,0,1
501,501,501,1,13.73594,175,0,1,134.96796999999998,1,133.30432,0,1
502,502,502,1,13.73594,172,0,1,134.96796999999998,1,133.30432,0,1
503,503,503,1,13.73594,137,0,1,134.96796999999998,1,133.30432,0,1
504,504,504,1,13.73594,195,0,1,134.96796999999998,1,133.30432,1,1
505,505,505,1,13.73594,168,0,1,134.96796999999998,1,133.30432,0,1
506,506,506,1,13.73594,212,0,1,134.96796999999998,1,133.30432,0,1
507,507,507,1,13.73594,87,0,1,134.96796999999998,1,133.30432,1,1
508,508,508,1,13.73594,239,0,1,134.96796999999998,1,133.30432,0,1
509,509,509,1,13.73594,127,0,1,134.96796999999998,1,133.30432,0,1
510,510,510,1,13.73594,104,0,1,134.96796999999998,1,133.30432,0,1
511,511,511,1,13.73594,939,0,1,134.96796999999998,1,133.30432,0,1
512,512,512,1,13.73594,170,0,1,134.96796999999998,1,133.30432,0,0
513,513,513,1,13.73594,133,0,1,134.96796999999998,1,133.30432,0,1
514,514,514,1,13.73594,210,0,1,134.96796999999998,1,133.30432,0,1
515,515,515,1,13.73594,92,0,1,134.96796999999998,1,133.30432,0,1
516,516,516,1,13.73594,120,0,1,134.96796999999998,1,133.30432,0,1
517,517,517,1,13.73594,156,0,1,134.96796999999998,1,133.30432,0,1
518,518,518,1,13.73594,120,0,1,134.96796999999998,1,133.30432,0,1
519,519,519,1,13.73594,131,0,1,134.96796999999998,1,133.30432,0,1
520,520,520,1,13.73594,126,0,1,134.96796999999998,1,133.30432,0,1
521,521,521,1,13.73594,110,0,1,134.96796999999998,1,133.30432,0,1
522,522,522,1,13.73594,568,0,1,134.96796999999998,1,133.30432,0,1
523,523,523,1,13.73594,277,0,1,134.96796999999998,1,133.30432,0,1
524,524,524,1,13.73594,191,0,1,134.96796999999998,1,133.30432,0,1
525,525,525,1,13.73594,160,0,1,134.96796999999998,1,133.30432,0,1
526,526,526,1,13.73594,93,0,1,134.96796999999998,1,133.30432,0,1
527,527,527,1,13.73594,73,0,1,134.96796999999998,1,133.30432,0,1
528,528,528,1,13.73594,199,0,1,134.96796999999998,1,133.30432,0,1
529,529,529,1,13.73594,98,0,1,134.96796999999998,1,133.30432,0,1
530,530,530,1,13.73594,178,0,1,134.96796999999998,1,133.30432,0,1
531,531,531,1,13.73594,197,0,1,134.96796999999998,1,133.30432,0,1
532,532,532,1,13.73594,85,0,1,134.96796999999998,1,133.30432,0,1
533,533,533,1,13.73594,825,0,1,134.96796999999998,1,133.30432,0,1
534,534,534,1,13.73594,105,0,1,134.96796999999998,1,133.30432,0,1
535,535,535,1,13.73594,137,0,1,134.96796999999998,1,133.30432,0,1
536,536,536,1,13.73594,148,0,1,134.96796999999998,1,133.30432,0,1
537,537,537,1,13.73594,129,0,1,134.96796999999998,1,133.30432,0,1
538,538,538,1,13.73594,144,0,1,134.96796999999998,1,133.30432,0,1
539,539,539,1,13.73594,388,0,1,134.96796999999998,1,133.30432,0,1
540,540,540,1,13.73594,218,0,1,134.96796999999998,1,133.30432,0,1
541,541,541,1,13.73594,263,0,1,134.96796999999998,1,133.30432,0,1
542,542,542,1,13.73594,127,0,1,134.96796999999998,1,133.30432,0,1
543,543,543,1,13.73594,134,0,1,134.96796999999998,1,133.30432,0,1
544,544,544,1,13.73594,536,0,1,134.96796999999998,1,133.30432,0,0
545,545,545,1,13.73594,165,0,1,134.96796999999998,1,133.30432,1,1
546,546,546,1,13.73594,142,0,1,134.96796999999998,1,133.30432,0,1
547,547,547,1,13.73594,141,0,1,134.96796999999998,1,133.30432,0,1
548,548,548,1,13.73594,67,0,1,134.96796999999998,1,133.30432,0,1
549,549,549,1,13.73594,179,0,1,134.96796999999998,1,133.30432,0,1
550,550,550,1,13.73594,277,0,1,134.96796999999998,1,133.30432,0,1
551,551,551,1,13.73594,169,0,1,134.96796999999998,1,133.30432,0,1
552,552,552,1,13.73594,99,0,1,134.96796999999998,1,133.30432,0,1
553,553,553,1,13.73594,113,0,1,134.96796999999998,1,133.30432,0,1
554,554,554,1,13.73594,301,0,1,134.96796999999998,1,133.30432,0,1
555,555,555,1,13.73594,677,0,1,134.96796999999998,1,133.30432,0,1
556,556,556,1,13.73594,747,0,1,134.96796999999998,1,133.30432,0,1
557,557,557,1,13.73594,71,0,1,134.96796999999998,1,133.30432,0,1
558,558,558,1,13.73594,170,0,1,134.96796999999998,1,133.30432,0,1
559,559,559,1,13.73594,178,0,1,134.96796999999998,1,133.30432,0,1
560,560,560,1,13.73594,99,0,1,134.96796999999998,1,133.30432,0,1
561,561,561,1,13.73594,100,0,1,134.96796999999998,1,133.30432,0,1
562,562,562,1,13.73594,223,0,1,134.96796999999998,1,133.30432,0,1
563,563,563,1,13.73594,123,0,1,134.96796999999998,1,133.30432,0,1
564,564,564,1,13.73594,181,0,1,134.96796999999998,1,133.30432,0,1
565,565,565,1,13.73594,153,0,1,134.96796999999998,1,133.30432,0,1
566,566,566,1,13.73594,126,0,1,134.96796999999998,1,133.30432,0,1
567,567,567,1,13.73594,1000,0,1,134.96796999999998,1,133.30432,0,1
568,568,568,1,13.73594,111,0,1,134.96796999999998,1,133.30432,0,1
569,569,569,1,13.73594,99,0,1,134.96796999999998,1,133.30432,0,1
570,570,570,1,13.73594,165,0,1,134.96796999999998,1,133.30432,0,1
571,571,571,1,13.73594,90,0,1,134.96796999999998,1,133.30432,0,1
572,572,572,1,13.73594,117,0,1,134.96796999999998,1,133.30432,0,1
573,573,573,1,13.73594,276,0,1,134.96796999999998,1,133.30432,0,1
574,574,574,1,13.73594,93,0,1,134.96796999999998,1,133.30432,0,1
575,575,575,1,13.73594,109,0,1,134.96796999999998,1,133.30432,0,1
576,576,576,1,13.73594,131,0,1,134.96796999999998,1,133.30432,0,1
577,577,577,1,13.73594,196,0,1,134.96796999999998,1,133.30432,0,1
578,578,578,1,13.73594,459,0,1,134.96796999999998,1,133.30432,0,1
579,579,579,1,13.73594,170,0,1,134.96796999999998,1,133.30432,0,1
580,580,580,1,13.73594,78,0,1,134.96796999999998,1,133.30432,0,1
581,581,581,1,13.73594,137,0,1,134.96796999999998,1,133.30432,0,1
582,582,582,1,13.73594,135,0,1,134.96796999999998,1,133.30432,0,1
583,583,583,1,13.73594,198,0,1,134.96796999999998,1,133.30432,0,1
584,584,584,1,13.73594,145,0,1,134.96796999999998,1,133.30432,1,0
585,585,585,1,13.73594,230,0,1,134.96796999999998,1,133.30432,1,1
586,586,586,1,13.73594,152,0,1,134.96796999999998,1,133.30432,1,1
587,587,587,1,13.73594,118,0,1,134.96796999999998,1,133.30432,0,1
588,588,588,1,13.73594,303,0,1,134.96796999999998,1,133.30432,0,1
589,589,589,1,13.73594,704,0,1,134.96796999999998,1,133.30432,0,1
590,590,590,1,13.73594,155,0,1,134.96796999999998,1,133.30432,0,1
591,591,591,1,13.73594,136,0,1,134.96796999999998,1,133.30432,0,1
592,592,592,1,13.73594,110,0,1,134.96796999999998,1,133.30432,1,1
593,593,593,1,13.73594,197,0,1,134.96796999999998,1,133.30432,0,1
594,594,594,1,13.73594,120,0,1,134.96796999999998,1,133.30432,0,1
595,595,595,1,13.73594,300,0,1,134.96796999999998,1,133.30432,0,1
596,596,596,1,13.73594,190,0,1,134.96796999999998,1,133.30432,0,1
597,597,597,1,13.73594,119,0,1,134.96796999999998,1,133.30432,0,1
598,598,598,1,13.73594,165,0,1,134.96796999999998,1,133.30432,0,1
599,599,599,1,13.73594,183,0,1,134.96796999999998,1,133.30432,1,1
600,600,600,1,13.73594,418,0,1,134.96796999999998,1,133.30432,0,1
601,601,601,1,13.73594,193,0,1,134.96796999999998,1,133.30432,0,1
602,602,602,1,13.73594,176,0,1,134.96796999999998,1,133.30432,0,1
603,603,603,1,13.73594,130,0,1,134.96796999999998,1,133.30432,0,1
604,604,604,1,13.73594,206,0,1,134.96796999999998,1,133.30432,0,1
605,605,605,1,13.73594,237,0,1,134.96796999999998,1,133.30432,0,1
606,606,606,1,13.73594,99,0,1,134.96796999999998,1,133.30432,0,1
607,607,607,1,13.73594,179,0,1,134.96796999999998,1,133.30432,0,1
608,608,608,1,13.73594,180,0,1,134.96796999999998,1,133.30432,0,1
609,609,609,1,13.73594,162,0,1,134.96796999999998,1,133.30432,0,1
610,610,610,1,13.73594,89,0,1,134.96796999999998,1,133.30432,0,1
611,611,611,1,13.73594,477,0,1,134.96796999999998,1,133.30432,0,1
612,612,612,1,13.73594,83,0,1,134.96796999999998,1,133.30432,0,1
613,613,613,1,13.73594,246,0,1,134.96796999999998,1,133.30432,0,1
614,614,614,1,13.73594,94,0,1,134.96796999999998,1,133.30432,0,1
615,615,615,1,13.73594,103,0,1,134.96796999999998,1,133.30432,0,1
616,616,616,1,13.73594,112,0,1,134.96796999999998,1,133.30432,0,1
617,617,617,1,13.73594,203,0,1,134.96796999999998,1,133.30432,0,1
618,618,618,1,13.73594,172,0,1,134.96796999999998,1,133.30432,0,1
619,619,619,1,13.73594,137,0,1,134.96796999999998,1,133.30432,0,1
620,620,620,1,13.73594,194,0,1,134.96796999999998,1,133.30432,0,1
621,621,621,1,13.73594,141,0,1,134.96796999999998,1,133.30432,0,1
622,622,622,1,13.73594,432,0,1,134.96796999999998,1,133.30432,0,1
623,623,623,1,13.73594,121,0,1,134.96796999999998,1,133.30432,0,1
624,624,624,1,13.73594,126,0,1,134.96796999999998,1,133.30432,0,1
625,625,625,1,13.73594,180,0,1,134.96796999999998,1,133.30432,0,1
626,626,626,1,13.73594,127,0,1,134.96796999999998,1,133.30432,0,1
627,627,627,1,13.73594,177,0,1,134.96796999999998,1,133.30432,0,1
628,628,628,1,13.73594,119,0,1,134.96796999999998,1,133.30432,0,1
629,629,629,1,13.73594,122,0,1,134.96796999999998,1,133.30432,0,1
630,630,630,1,13.73594,132,0,1,134.96796999999998,1,133.30432,0,1
631,631,631,1,13.73594,163,0,1,134.96796999999998,1,133.30432,0,1
632,632,632,1,13.73594,226,0,1,134.96796999999998,1,133.30432,0,1
633,633,633,1,13.73594,1000,0,1,134.96796999999998,1,133.30432,0,1
634,634,634,1,13.73594,198,0,1,134.96796999999998,1,133.30432,0,1
635,635,635,1,13.73594,256,0,1,134.96796999999998,1,133.30432,0,1
636,636,636,1,13.73594,124,0,1,134.96796999999998,1,133.30432,0,1
637,637,637,1,13.73594,116,0,1,134.96796999999998,1,133.30432,0,1
638,638,638,1,13.73594,164,0,1,134.96796999999998,1,133.30432,0,1
639,639,639,1,13.73594,178,0,1,134.96796999999998,1,133.30432,1,1
640,640,640,1,13.73594,282,0,1,134.96796999999998,1,133.30432,0,1
641,641,641,1,13.73594,204,0,1,134.96796999999998,1,133.30432,0,1
642,642,642,1,13.73594,127,0,1,134.96796999999998,1,133.30432,0,1
643,643,643,1,13.73594,151,0,1,134.96796999999998,1,133.30432,0,1
644,644,644,1,13.73594,609,0,1,134.96796999999998,1,133.30432,0,1
645,645,645,1,13.73594,125,0,1,134.96796999999998,1,133.30432,0,1
646,646,646,1,13.73594,139,0,1,134.96796999999998,1,133.30432,0,1
647,647,647,1,13.73594,198,0,1,134.96796999999998,1,133.30432,0,1
648,648,648,1,13.73594,204,0,1,134.96796999999998,1,133.30432,0,1
649,649,649,1,13.73594,128,0,1,134.96796999999998,1,133.30432,0,1
650,650,650,1,13.73594,153,0,1,134.96796999999998,1,133.30432,1,1
651,651,651,1,13.73594,112,0,1,134.96796999999998,1,133.30432,0,1
652,652,652,1,13.73594,193,0,1,134.96796999999998,1,133.30432,0,1
653,653,653,1,13.73594,377,0,1,134.96796999999998,1,133.30432,0,1
654,654,654,1,13.73594,199,0,1,134.96796999999998,1,133.30432,0,1
655,655,655,1,13.73594,710,0,1,134.96796999999998,1,133.30432,0,1
656,656,656,1,13.73594,83,0,1,134.96796999999998,1,133.30432,0,1
657,657,657,1,13.73594,161,0,1,134.96796999999998,1,133.30432,0,1
658,658,658,1,13.73594,185,0,1,134.96796999999998,1,133.30432,1,1
659,659,659,1,13.73594,202,0,1,134.96796999999998,1,133.30432,0,1
660,660,660,1,13.73594,98,0,1,134.96796999999998,1,133.30432,0,1
661,661,661,1,13.73594,107,0,1,134.96796999999998,1,133.30432,0,1
662,662,662,1,13.73594,75,0,1,134.96796999999998,1,133.30432,0,1
663,663,663,1,13.73594,149,0,1,134.96796999999998,1,133.30432,0,1
664,664,664,1,13.73594,181,0,1,134.96796999999998,1,133.30432,0,1
665,665,665,1,13.73594,122,0,1,134.96796999999998,1,133.30432,0,1
666,666,666,1,13.73594,1000,0,1,134.96796999999998,1,133.30432,0,1
667,667,667,1,13.73594,842,0,1,134.96796999999998,1,133.30432,0,1
668,668,668,1,13.73594,143,0,1,134.96796999999998,1,133.30432,1,1
669,669,669,1,13.73594,147,0,1,134.96796999999998,1,133.30432,0,1
670,670,670,1,13.73594,236,0,1,134.96796999999998,1,133.30432,0,1
671,671,671,1,13.73594,315,0,1,134.96796999999998,1,133.30432,0,1
672,672,672,1,13.73594,97,0,1,134.96796999999998,1,133.30432,1,1
673,673,673,1,13.73594,136,0,1,134.96796999999998,1,133.30432,0,1
674,674,674,1,13.73594,138,0,1,134.96796999999998,1,133.30432,0,1
675,675,675,1,13.73594,137,0,1,134.96796999999998,1,133.30432,0,1
676,676,676,1,13.73594,68,0,1,134.96796999999998,1,133.30432,0,1
677,677,677,1,13.73594,170,0,1,134.96796999999998,1,133.30432,0,1
678,678,678,1,13.73594,707,0,1,134.96796999999998,1,133.30432,0,1
679,679,679,1,13.73594,166,0,1,134.96796999999998,1,133.30432,0,1
680,680,680,1,13.73594,114,0,1,134.96796999999998,1,133.30432,0,1
681,681,681,1,13.73594,233,0,1,134.96796999999998,1,133.30432,0,1
682,682,682,1,13.73594,170,0,1,134.96796999999998,1,133.30432,1,1
683,683,683,1,13.73594,116,0,1,134.96796999999998,1,133.30432,0,1
684,684,684,1,13.73594,155,0,1,134.96796999999998,1,133.30432,0,1
685,685,685,1,13.73594,173,0,1,134.96796999999998,1,133.30432,0,1
686,686,686,1,13.73594,149,0,1,134.96796999999998,1,133.30432,0,1
687,687,687,1,13.73594,92,0,1,134.96796999999998,1,133.30432,0,0
688,688,688,1,13.73594,178,0,1,134.96796999999998,1,133.30432,0,1
689,689,689,1,13.73594,954,0,1,134.96796999999998,1,133.30432,0,1
690,690,690,1,13.73594,118,0,1,134.96796999999998,1,133.30432,0,1
691,691,691,1,13.73594,150,0,1,134.96796999999998,1,133.30432,0,1
692,692,692,1,13.73594,153,0,1,134.96796999999998,1,133.30432,0,1
693,693,693,1,13.73594,266,0,1,134.96796999999998,1,133.30432,0,1
694,694,694,1,13.73594,102,0,1,134.96796999999998,1,133.30432,0,1
695,695,695,1,13.73594,203,0,1,134.96796999999998,1,133.30432,0,1
696,696,696,1,13.73594,112,0,1,134.96796999999998,1,133.30432,0,1
697,697,697,1,13.73594,202,0,1,134.96796999999998,1,133.30432,0,1
698,698,698,1,13.73594,163,0,1,134.96796999999998,1,133.30432,0,1
699,699,699,1,13.73594,218,0,1,134.96796999999998,1,133.30432,1,1
700,700,700,1,13.73594,555,0,1,134.96796999999998,1,133.30432,0,1
701,701,701,1,13.73594,75,0,1,134.96796999999998,1,133.30432,1,1
702,702,702,1,13.73594,133,0,1,134.96796999999998,1,133.30432,0,1
703,703,703,1,13.73594,152,0,1,134.96796999999998,1,133.30432,0,1
704,704,704,1,13.73594,171,0,1,134.96796999999998,1,133.30432,0,1
705,705,705,1,13.73594,116,0,1,134.96796999999998,1,133.30432,1,1
706,706,706,1,13.73594,140,0,1,134.96796999999998,1,133.30432,0,1
707,707,707,1,13.73594,179,0,1,134.96796999999998,1,133.30432,0,1
708,708,708,1,13.73594,190,0,1,134.96796999999998,1,133.30432,0,1
709,709,709,1,13.73594,226,0,1,134.96796999999998,1,133.30432,0,1
710,710,710,1,13.73594,116,0,1,134.96796999999998,1,133.30432,0,1
711,711,711,1,13.73594,447,0,1,134.96796999999998,1,133.30432,0,1
712,712,712,1,13.73594,243,0,1,134.96796999999998,1,133.30432,0,1
713,713,713,1,13.73594,131,0,1,134.96796999999998,1,133.30432,0,1
714,714,714,1,13.73594,203,0,1,134.96796999999998,1,133.30432,0,1
715,715,715,1,13.73594,97,0,1,134.96796999999998,1,133.30432,0,1
716,716,716,1,13.73594,119,0,1,134.96796999999998,1,133.30432,1,1
717,717,717,1,13.73594,162,0,1,134.96796999999998,1,133.30432,0,1
718,718,718,1,13.73594,133,0,1,134.96796999999998,1,133.30432,0,1
719,719,719,1,13.73594,228,0,1,134.96796999999998,1,133.30432,0,1
720,720,720,1,13.73594,102,0,1,134.96796999999998,1,133.30432,0,1
721,721,721,1,13.73594,144,0,1,134.96796999999998,1,133.30432,0,1
722,722,722,1,13.73594,577,0,1,134.96796999999998,1,133.30432,0,1
723,723,723,1,13.73594,315,0,1,134.96796999999998,1,133.30432,0,1
724,724,724,1,13.73594,191,0,1,134.96796999999998,1,133.30432,0,1
725,725,725,1,13.73594,166,0,1,134.96796999999998,1,133.30432,1,1
726,726,726,1,13.73594,280,0,1,134.96796999999998,1,133.30432,0,1
727,727,727,1,13.73594,231,0,1,134.96796999999998,1,133.30432,0,1
728,728,728,1,13.73594,197,0,1,134.96796999999998,1,133.30432,0,1
729,729,729,1,13.73594,72,0,1,134.96796999999998,1,133.30432,0,1
730,730,730,1,13.73594,112,0,1,134.96796999999998,1,133.30432,0,1
731,731,731,1,13.73594,138,0,1,134.96796999999998,1,133.30432,0,1
732,732,732,1,13.73594,277,0,1,134.96796999999998,1,133.30432,0,1
733,733,733,1,13.73594,738,0,1,134.96796999999998,1,133.30432,0,1
734,734,734,1,13.73594,143,0,1,134.96796999999998,1,133.30432,1,1
735,735,735,1,13.73594,179,0,1,134.96796999999998,1,133.30432,0,1
736,736,736,1,13.73594,149,0,1,134.96796999999998,1,133.30432,0,1
737,737,737,1,13.73594,152,0,1,134.96796999999998,1,133.30432,0,1
738,738,738,1,13.73594,187,0,1,134.96796999999998,1,133.30432,0,1
739,739,739,1,13.73594,156,0,1,134.96796999999998,1,133.30432,0,1
740,740,740,1,13.73594,292,0,1,134.96796999999998,1,133.30432,0,1
741,741,741,1,13.73594,142,0,1,134.96796999999998,1,133.30432,0,1
742,742,742,1,13.73594,163,0,1,134.96796999999998,1,133.30432,0,1
743,743,743,1,13.73594,90,0,1,134.96796999999998,1,133.30432,0,1
744,744,744,1,13.73594,573,0,1,134.96796999999998,1,133.30432,0,1
745,745,745,1,13.73594,225,0,1,134.96796999999998,1,133.30432,0,1
746,746,746,1,13.73594,163,0,1,134.96796999999998,1,133.30432,1,1
747,747,747,1,13.73594,144,0,1,134.96796999999998,1,133.30432,0,1
748,748,748,1,13.73594,127,0,1,134.96796999999998,1,133.30432,0,1
749,749,749,1,13.73594,100,0,1,134.96796999999998,1,133.30432,0,0
750,750,750,1,13.73594,221,0,1,134.96796999999998,1,133.30432,0,1
751,751,751,1,13.73594,91,0,1,134.96796999999998,1,133.30432,0,1
752,752,752,1,13.73594,112,0,1,134.96796999999998,1,133.30432,0,1
753,753,753,1,13.73594,190,0,1,134.96796999999998,1,133.30432,0,1
754,754,754,1,13.73594,128,0,1,134.96796999999998,1,133.30432,0,1
755,755,755,1,13.73594,325,0,1,134.96796999999998,1,133.30432,0,1
756,756,756,1,13.73594,176,0,1,134.96796999999998,1,133.30432,0,1
757,757,757,1,13.73594,175,0,1,134.96796999999998,1,133.30432,1,1
758,758,758,1,13.73594,136,0,1,134.96796999999998,1,133.30432,0,1
759,759,759,1,13.73594,219,0,1,134.96796999999998,1,133.30432,0,1
760,760,760,1,13.73594,163,0,1,134.96796999999998,1,133.30432,0,1
761,761,761,1,13.73594,143,0,1,134.96796999999998,1,133.30432,0,1
762,762,762,1,13.73594,187,0,1,134.96796999999998,1,133.30432,0,1
763,763,763,1,13.73594,330,0,1,134.96796999999998,1,133.30432,0,1
764,764,764,1,13.73594,114,0,1,134.96796999999998,1,133.30432,0,1
765,765,765,1,13.73594,123,0,1,134.96796999999998,1,133.30432,0,1
766,766,766,1,13.73594,1000,0,1,134.96796999999998,1,133.30432,0,1
767,767,767,1,13.73594,222,0,1,134.96796999999998,1,133.30432,0,1
768,768,768,1,13.73594,91,0,1,134.96796999999998,1,133.30432,0,1
769,769,769,1,13.73594,128,0,1,134.96796999999998,1,133.30432,1,1
770,770,770,1,13.73594,163,0,1,134.96796999999998,1,133.30432,0,1
771,771,771,1,13.73594,132,0,1,134.96796999999998,1,133.30432,0,1
772,772,772,1,13.73594,146,0,1,134.96796999999998,1,133.30432,0,1
773,773,773,1,13.73594,212,0,1,134.96796999999998,1,133.30432,0,1
774,774,774,1,13.73594,137,0,1,134.96796999999998,1,133.30432,0,1
775,775,775,1,13.73594,96,0,1,134.96796999999998,1,133.30432,0,1
776,776,776,1,13.73594,141,0,1,134.96796999999998,1,133.30432,0,1
777,777,777,1,13.73594,1000,0,1,134.96796999999998,1,133.30432,0,1
778,778,778,1,13.73594,1000,0,1,134.96796999999998,1,133.30432,0,1
779,779,779,1,13.73594,144,0,1,134.96796999999998,1,133.30432,0,1
780,780,780,1,13.73594,826,0,1,134.96796999999998,1,133.30432,0,1
781,781,781,1,13.73594,875,0,1,134.96796999999998,1,133.30432,0,1
782,782,782,1,13.73594,892,0,1,134.96796999999998,1,133.30432,0,1
783,783,783,1,13.73594,756,0,1,134.96796999999998,1,133.30432,1,1
784,784,784,1,13.73594,1000,0,1,134.96796999999998,1,133.30432,0,1
785,785,785,1,13.73594,1000,0,1,134.96796999999998,1,133.30432,0,1
786,786,786,1,13.73594,1000,0,1,134.96796999999998,1,133.30432,0,1
787,787,787,1,13.73594,623,0,1,134.96796999999998,1,133.30432,0,1
788,788,788,1,13.73594,886,0,1,134.96796999999998,1,133.30432,1,1
789,789,789,1,13.73594,1000,0,1,134.96796999999998,1,133.30432,0,1
790,790,790,1,13.73594,456,0,1,134.96796999999998,1,133.30432,0,1
791,791,791,1,13.73594,666,0,1,134.96796999999998,1,133.30432,0,1
792,792,792,1,13.73594,575,0,1,134.96796999999998,1,133.30432,0,1
793,793,793,1,13.73594,399,0,1,134.96796999999998,1,133.30432,0,1
794,794,794,1,13.73594,756,0,1,134.96796999999998,1,133.30432,0,1
795,795,795,1,13.73594,618,0,1,134.96796999999998,1,133.30432,1,1
796,796,796,1,13.73594,862,0,1,134.96796999999998,1,133.30432,0,1
797,797,797,1,13.73594,1000,0,1,134.96796999999998,1,133.30432,0,1
798,798,798,1,13.73594,564,0,1,134.96796999999998,1,133.30432,0,1
799,799,799,1,13.73594,1000,0,1,134.96796999999998,1,133.30432,0,1
