,Unnamed: 0,Unnamed: 0.1,cluster_id,seqlength,kmeans_clusters,kmeans_time,gmm_clusters,gmm_time,time,coh_cluster,k_shape_clusters,k_means_softdtw_clusters
0,0,0,0,835,0,148.65882,1,147.39666,20.89245,0,1,0
1,1,1,0,799,0,148.65882,1,147.39666,20.89245,0,1,0
2,2,2,0,830,0,148.65882,1,147.39666,20.89245,0,2,0
3,3,3,0,399,0,148.65882,1,147.39666,20.89245,0,1,0
4,4,4,0,384,0,148.65882,1,147.39666,20.89245,0,1,0
5,5,5,0,354,0,148.65882,1,147.39666,20.89245,0,1,0
6,6,6,0,355,0,148.65882,1,147.39666,20.89245,0,1,0
7,7,7,0,430,0,148.65882,1,147.39666,20.89245,0,1,0
8,8,8,0,312,0,148.65882,1,147.39666,20.89245,0,1,0
9,9,9,0,233,0,148.65882,1,147.39666,20.89245,0,1,0
10,10,10,0,381,0,148.65882,1,147.39666,20.89245,0,1,0
11,11,11,0,398,0,148.65882,1,147.39666,20.89245,0,2,0
12,12,12,0,370,0,148.65882,1,147.39666,20.89245,0,1,0
13,13,13,0,794,0,148.65882,1,147.39666,20.89245,0,2,0
14,14,14,0,465,0,148.65882,1,147.39666,20.89245,0,1,0
15,15,15,0,447,0,148.65882,1,147.39666,20.89245,0,2,0
16,16,16,0,408,0,148.65882,1,147.39666,20.89245,0,1,0
17,17,17,0,334,0,148.65882,1,147.39666,20.89245,0,1,0
18,18,18,0,333,0,148.65882,1,147.39666,20.89245,0,1,0
19,19,19,0,330,0,148.65882,1,147.39666,20.89245,0,1,0
20,20,20,0,480,0,148.65882,1,147.39666,20.89245,0,1,0
21,21,21,0,420,0,148.65882,1,147.39666,20.89245,0,2,0
22,22,22,0,361,0,148.65882,1,147.39666,20.89245,0,1,0
23,23,23,0,459,0,148.65882,1,147.39666,20.89245,0,1,0
24,24,24,0,851,0,148.65882,1,147.39666,20.89245,0,1,0
25,25,25,0,460,0,148.65882,1,147.39666,20.89245,0,1,0
26,26,26,0,326,0,148.65882,1,147.39666,20.89245,0,1,0
27,27,27,0,338,0,148.65882,1,147.39666,20.89245,0,1,0
28,28,28,0,393,0,148.65882,1,147.39666,20.89245,0,1,0
29,29,29,0,315,0,148.65882,1,147.39666,20.89245,0,1,0
30,30,30,0,359,0,148.65882,1,147.39666,20.89245,0,2,0
31,31,31,0,332,0,148.65882,1,147.39666,20.89245,0,1,0
32,32,32,0,490,0,148.65882,1,147.39666,20.89245,0,1,0
33,33,33,0,364,0,148.65882,1,147.39666,20.89245,0,1,0
34,34,34,0,403,0,148.65882,1,147.39666,20.89245,0,1,0
35,35,35,0,826,0,148.65882,1,147.39666,20.89245,0,1,0
36,36,36,0,389,0,148.65882,1,147.39666,20.89245,0,1,0
37,37,37,0,363,0,148.65882,1,147.39666,20.89245,0,1,0
38,38,38,0,261,0,148.65882,1,147.39666,20.89245,0,1,0
39,39,39,0,348,0,148.65882,1,147.39666,20.89245,0,1,0
40,40,40,0,424,0,148.65882,1,147.39666,20.89245,0,2,0
41,41,41,0,371,0,148.65882,1,147.39666,20.89245,0,1,0
42,42,42,0,232,0,148.65882,1,147.39666,20.89245,0,1,0
43,43,43,0,403,0,148.65882,1,147.39666,20.89245,0,1,0
44,44,44,0,338,0,148.65882,1,147.39666,20.89245,0,1,0
45,45,45,0,357,0,148.65882,1,147.39666,20.89245,0,1,0
46,46,46,0,819,0,148.65882,1,147.39666,20.89245,0,1,0
47,47,47,0,389,0,148.65882,1,147.39666,20.89245,0,1,0
48,48,48,0,354,0,148.65882,1,147.39666,20.89245,0,1,0
49,49,49,0,375,0,148.65882,1,147.39666,20.89245,0,0,0
50,50,50,0,363,0,148.65882,1,147.39666,20.89245,0,1,0
51,51,51,0,356,0,148.65882,1,147.39666,20.89245,0,1,0
52,52,52,0,328,0,148.65882,1,147.39666,20.89245,0,1,0
53,53,53,0,347,0,148.65882,1,147.39666,20.89245,0,1,0
54,54,54,0,476,0,148.65882,1,147.39666,20.89245,0,1,0
55,55,55,0,284,0,148.65882,1,147.39666,20.89245,0,1,0
56,56,56,0,407,0,148.65882,1,147.39666,20.89245,0,1,0
57,57,57,0,747,0,148.65882,1,147.39666,20.89245,0,1,0
58,58,58,0,352,0,148.65882,1,147.39666,20.89245,0,1,0
59,59,59,0,386,0,148.65882,1,147.39666,20.89245,0,1,0
60,60,60,0,503,0,148.65882,1,147.39666,20.89245,0,1,0
61,61,61,0,431,0,148.65882,1,147.39666,20.89245,0,1,0
62,62,62,0,403,0,148.65882,1,147.39666,20.89245,0,1,0
63,63,63,0,450,0,148.65882,1,147.39666,20.89245,0,1,0
64,64,64,0,341,0,148.65882,1,147.39666,20.89245,0,2,0
65,65,65,0,359,0,148.65882,1,147.39666,20.89245,0,1,0
66,66,66,0,378,0,148.65882,1,147.39666,20.89245,0,1,0
67,67,67,0,410,0,148.65882,1,147.39666,20.89245,0,1,0
68,68,68,0,694,0,148.65882,1,147.39666,20.89245,0,2,0
69,69,69,0,384,0,148.65882,1,147.39666,20.89245,0,1,0
70,70,70,0,332,0,148.65882,1,147.39666,20.89245,0,1,0
71,71,71,0,382,0,148.65882,1,147.39666,20.89245,0,1,0
72,72,72,0,432,0,148.65882,1,147.39666,20.89245,0,2,0
73,73,73,0,357,0,148.65882,1,147.39666,20.89245,0,1,0
74,74,74,0,344,0,148.65882,1,147.39666,20.89245,0,1,0
75,75,75,0,320,0,148.65882,1,147.39666,20.89245,0,2,0
76,76,76,0,398,0,148.65882,1,147.39666,20.89245,0,1,0
77,77,77,0,376,0,148.65882,1,147.39666,20.89245,0,1,0
78,78,78,0,416,0,148.65882,1,147.39666,20.89245,0,1,0
79,79,79,0,801,0,148.65882,1,147.39666,20.89245,0,1,0
80,80,80,0,365,0,148.65882,1,147.39666,20.89245,0,1,0
81,81,81,0,376,0,148.65882,1,147.39666,20.89245,0,1,0
82,82,82,0,407,0,148.65882,1,147.39666,20.89245,0,1,0
83,83,83,0,280,0,148.65882,1,147.39666,20.89245,0,1,0
84,84,84,0,432,0,148.65882,1,147.39666,20.89245,0,1,0
85,85,85,0,295,0,148.65882,1,147.39666,20.89245,0,1,0
86,86,86,0,374,0,148.65882,1,147.39666,20.89245,0,1,0
87,87,87,0,372,0,148.65882,1,147.39666,20.89245,0,2,0
88,88,88,0,446,0,148.65882,1,147.39666,20.89245,0,1,0
89,89,89,0,420,0,148.65882,1,147.39666,20.89245,0,1,0
90,90,90,0,840,0,148.65882,1,147.39666,20.89245,0,1,0
91,91,91,0,396,0,148.65882,1,147.39666,20.89245,0,1,0
92,92,92,0,418,0,148.65882,1,147.39666,20.89245,0,1,0
93,93,93,0,391,0,148.65882,1,147.39666,20.89245,0,1,0
94,94,94,0,344,0,148.65882,1,147.39666,20.89245,0,1,0
95,95,95,0,298,0,148.65882,1,147.39666,20.89245,0,1,0
96,96,96,0,311,0,148.65882,1,147.39666,20.89245,0,1,0
97,97,97,0,374,0,148.65882,1,147.39666,20.89245,0,1,0
98,98,98,0,365,0,148.65882,1,147.39666,20.89245,0,1,0
99,99,99,0,318,0,148.65882,1,147.39666,20.89245,0,1,0
100,100,100,0,435,0,148.65882,1,147.39666,20.89245,0,1,0
101,101,101,0,816,0,148.65882,1,147.39666,20.89245,0,1,0
102,102,102,0,337,0,148.65882,1,147.39666,20.89245,0,1,0
103,103,103,0,422,0,148.65882,1,147.39666,20.89245,0,1,0
104,104,104,0,391,0,148.65882,1,147.39666,20.89245,0,1,0
105,105,105,0,386,0,148.65882,1,147.39666,20.89245,0,1,0
106,106,106,0,380,0,148.65882,1,147.39666,20.89245,0,1,0
107,107,107,0,335,0,148.65882,1,147.39666,20.89245,0,1,0
108,108,108,0,368,0,148.65882,1,147.39666,20.89245,0,1,0
109,109,109,0,349,0,148.65882,1,147.39666,20.89245,0,2,0
110,110,110,0,396,0,148.65882,1,147.39666,20.89245,0,1,0
111,111,111,0,449,0,148.65882,1,147.39666,20.89245,0,1,0
112,112,112,0,674,0,148.65882,1,147.39666,20.89245,0,2,0
113,113,113,0,807,0,148.65882,1,147.39666,20.89245,0,1,0
114,114,114,0,299,0,148.65882,1,147.39666,20.89245,0,1,0
115,115,115,0,382,0,148.65882,1,147.39666,20.89245,0,2,0
116,116,116,0,304,0,148.65882,1,147.39666,20.89245,0,1,0
117,117,117,0,356,0,148.65882,1,147.39666,20.89245,0,1,0
118,118,118,0,447,0,148.65882,1,147.39666,20.89245,0,1,0
119,119,119,0,290,0,148.65882,1,147.39666,20.89245,0,1,0
120,120,120,0,343,0,148.65882,1,147.39666,20.89245,0,2,0
121,121,121,0,384,0,148.65882,1,147.39666,20.89245,0,1,0
122,122,122,0,478,0,148.65882,1,147.39666,20.89245,0,1,0
123,123,123,0,444,0,148.65882,1,147.39666,20.89245,0,1,0
124,124,124,0,851,0,148.65882,1,147.39666,20.89245,0,1,0
125,125,125,0,432,0,148.65882,1,147.39666,20.89245,0,1,0
126,126,126,0,486,0,148.65882,1,147.39666,20.89245,0,1,0
127,127,127,0,340,0,148.65882,1,147.39666,20.89245,0,1,0
128,128,128,0,382,0,148.65882,1,147.39666,20.89245,0,1,0
129,129,129,0,315,0,148.65882,1,147.39666,20.89245,0,1,0
130,130,130,0,372,0,148.65882,1,147.39666,20.89245,0,1,0
131,131,131,0,268,0,148.65882,1,147.39666,20.89245,0,1,0
132,132,132,0,302,0,148.65882,1,147.39666,20.89245,0,1,0
133,133,133,0,354,0,148.65882,1,147.39666,20.89245,0,0,0
134,134,134,0,354,0,148.65882,1,147.39666,20.89245,0,1,0
135,135,135,0,792,0,148.65882,1,147.39666,20.89245,0,1,0
136,136,136,0,410,0,148.65882,1,147.39666,20.89245,0,1,0
137,137,137,0,276,0,148.65882,1,147.39666,20.89245,0,1,0
138,138,138,0,425,0,148.65882,1,147.39666,20.89245,0,1,0
139,139,139,0,428,0,148.65882,1,147.39666,20.89245,0,1,0
140,140,140,0,404,0,148.65882,1,147.39666,20.89245,0,2,0
141,141,141,0,347,0,148.65882,1,147.39666,20.89245,0,2,0
142,142,142,0,413,0,148.65882,1,147.39666,20.89245,0,1,0
143,143,143,0,421,0,148.65882,1,147.39666,20.89245,0,1,0
144,144,144,0,526,0,148.65882,1,147.39666,20.89245,0,1,0
145,145,145,0,283,0,148.65882,1,147.39666,20.89245,0,1,0
146,146,146,0,715,0,148.65882,1,147.39666,20.89245,0,1,0
147,147,147,0,344,0,148.65882,1,147.39666,20.89245,0,1,0
148,148,148,0,255,0,148.65882,1,147.39666,20.89245,0,1,0
149,149,149,0,447,0,148.65882,1,147.39666,20.89245,0,1,0
150,150,150,0,337,0,148.65882,1,147.39666,20.89245,0,1,0
151,151,151,0,392,0,148.65882,1,147.39666,20.89245,0,1,0
152,152,152,0,282,0,148.65882,1,147.39666,20.89245,0,2,0
153,153,153,0,354,0,148.65882,1,147.39666,20.89245,0,1,0
154,154,154,0,369,0,148.65882,1,147.39666,20.89245,0,0,0
155,155,155,0,356,0,148.65882,1,147.39666,20.89245,0,1,0
156,156,156,0,383,0,148.65882,1,147.39666,20.89245,0,1,0
157,157,157,0,763,0,148.65882,1,147.39666,20.89245,0,1,0
158,158,158,0,379,0,148.65882,1,147.39666,20.89245,0,1,0
159,159,159,0,423,0,148.65882,1,147.39666,20.89245,0,1,0
160,160,160,0,418,0,148.65882,1,147.39666,20.89245,0,1,0
161,161,161,0,434,0,148.65882,1,147.39666,20.89245,0,1,0
162,162,162,0,381,0,148.65882,1,147.39666,20.89245,0,1,0
163,163,163,0,389,0,148.65882,1,147.39666,20.89245,0,1,0
164,164,164,0,388,0,148.65882,1,147.39666,20.89245,0,1,0
165,165,165,0,408,0,148.65882,1,147.39666,20.89245,0,1,0
166,166,166,0,318,0,148.65882,1,147.39666,20.89245,0,2,0
167,167,167,0,362,0,148.65882,1,147.39666,20.89245,0,1,0
168,168,168,0,743,0,148.65882,1,147.39666,20.89245,0,1,0
169,169,169,0,386,0,148.65882,1,147.39666,20.89245,0,1,0
170,170,170,0,364,0,148.65882,1,147.39666,20.89245,0,1,0
171,171,171,0,360,0,148.65882,1,147.39666,20.89245,0,1,0
172,172,172,0,415,0,148.65882,1,147.39666,20.89245,0,1,0
173,173,173,0,371,0,148.65882,1,147.39666,20.89245,0,1,0
174,174,174,0,310,0,148.65882,1,147.39666,20.89245,0,1,0
175,175,175,0,360,0,148.65882,1,147.39666,20.89245,0,1,0
176,176,176,0,493,0,148.65882,1,147.39666,20.89245,0,1,0
177,177,177,0,344,0,148.65882,1,147.39666,20.89245,0,1,0
178,178,178,0,392,0,148.65882,1,147.39666,20.89245,0,1,0
179,179,179,0,736,0,148.65882,1,147.39666,20.89245,0,1,0
180,180,180,0,340,0,148.65882,1,147.39666,20.89245,0,1,0
181,181,181,0,434,0,148.65882,1,147.39666,20.89245,0,1,0
182,182,182,0,550,0,148.65882,1,147.39666,20.89245,0,1,0
183,183,183,0,469,0,148.65882,1,147.39666,20.89245,0,1,0
184,184,184,0,430,0,148.65882,1,147.39666,20.89245,0,1,0
185,185,185,0,335,0,148.65882,1,147.39666,20.89245,0,1,0
186,186,186,0,376,0,148.65882,1,147.39666,20.89245,0,1,0
187,187,187,0,481,0,148.65882,1,147.39666,20.89245,0,1,0
188,188,188,0,384,0,148.65882,1,147.39666,20.89245,0,1,0
189,189,189,0,414,0,148.65882,1,147.39666,20.89245,0,1,0
190,190,190,0,674,0,148.65882,1,147.39666,20.89245,0,0,0
191,191,191,0,340,0,148.65882,1,147.39666,20.89245,0,1,0
192,192,192,0,366,0,148.65882,1,147.39666,20.89245,0,0,0
193,193,193,0,438,0,148.65882,1,147.39666,20.89245,0,1,0
194,194,194,0,412,0,148.65882,1,147.39666,20.89245,0,1,0
195,195,195,0,358,0,148.65882,1,147.39666,20.89245,0,1,0
196,196,196,0,401,0,148.65882,1,147.39666,20.89245,0,1,0
197,197,197,0,353,0,148.65882,1,147.39666,20.89245,0,1,0
198,198,198,0,428,0,148.65882,1,147.39666,20.89245,0,1,0
199,199,199,0,323,0,148.65882,1,147.39666,20.89245,0,1,0
200,200,200,0,390,0,148.65882,1,147.39666,20.89245,0,1,0
201,201,201,0,843,0,148.65882,1,147.39666,20.89245,0,1,0
202,202,202,0,346,0,148.65882,1,147.39666,20.89245,0,1,0
203,203,203,0,381,0,148.65882,1,147.39666,20.89245,0,1,0
204,204,204,0,344,0,148.65882,1,147.39666,20.89245,0,2,0
205,205,205,0,399,0,148.65882,1,147.39666,20.89245,0,1,0
206,206,206,0,347,0,148.65882,1,147.39666,20.89245,0,1,0
207,207,207,0,396,0,148.65882,1,147.39666,20.89245,0,1,0
208,208,208,0,368,0,148.65882,1,147.39666,20.89245,0,1,0
209,209,209,0,299,0,148.65882,1,147.39666,20.89245,0,1,0
210,210,210,0,319,0,148.65882,1,147.39666,20.89245,0,1,0
211,211,211,0,431,0,148.65882,1,147.39666,20.89245,0,1,0
212,212,212,0,704,0,148.65882,1,147.39666,20.89245,0,1,0
213,213,213,0,337,0,148.65882,1,147.39666,20.89245,0,1,0
214,214,214,0,374,0,148.65882,1,147.39666,20.89245,0,1,0
215,215,215,0,308,0,148.65882,1,147.39666,20.89245,0,1,0
216,216,216,0,360,0,148.65882,1,147.39666,20.89245,0,1,0
217,217,217,0,407,0,148.65882,1,147.39666,20.89245,0,1,0
218,218,218,0,284,0,148.65882,1,147.39666,20.89245,0,1,0
219,219,219,0,344,0,148.65882,1,147.39666,20.89245,0,2,0
220,220,220,0,318,0,148.65882,1,147.39666,20.89245,0,1,0
221,221,221,0,339,0,148.65882,1,147.39666,20.89245,0,1,0
222,222,222,0,277,0,148.65882,1,147.39666,20.89245,0,1,0
223,223,223,0,694,0,148.65882,1,147.39666,20.89245,0,1,0
224,224,224,0,871,0,148.65882,1,147.39666,20.89245,0,1,0
225,225,225,0,373,0,148.65882,1,147.39666,20.89245,0,1,0
226,226,226,0,818,0,148.65882,1,147.39666,20.89245,0,1,0
227,227,227,0,829,0,148.65882,1,147.39666,20.89245,0,1,0
228,228,228,0,764,0,148.65882,1,147.39666,20.89245,0,1,0
229,229,229,0,666,0,148.65882,1,147.39666,20.89245,0,1,0
230,230,230,0,803,0,148.65882,1,147.39666,20.89245,0,2,0
231,231,231,0,746,0,148.65882,1,147.39666,20.89245,0,1,0
232,232,232,0,639,0,148.65882,1,147.39666,20.89245,0,1,0
233,233,233,0,723,0,148.65882,1,147.39666,20.89245,0,1,0
234,234,234,0,936,0,148.65882,1,147.39666,20.89245,0,1,0
235,235,235,0,740,0,148.65882,1,147.39666,20.89245,0,1,0
236,236,236,0,766,0,148.65882,1,147.39666,20.89245,0,1,0
237,237,237,0,736,0,148.65882,1,147.39666,20.89245,0,1,0
238,238,238,0,872,0,148.65882,1,147.39666,20.89245,0,1,0
239,239,239,0,758,0,148.65882,1,147.39666,20.89245,0,2,0
240,240,240,0,742,0,148.65882,1,147.39666,20.89245,0,1,0
241,241,241,0,708,0,148.65882,1,147.39666,20.89245,0,1,0
242,242,242,0,802,0,148.65882,1,147.39666,20.89245,0,1,0
243,243,243,0,810,0,148.65882,1,147.39666,20.89245,0,1,0
244,244,244,0,709,0,148.65882,1,147.39666,20.89245,0,1,0
245,245,245,0,828,0,148.65882,1,147.39666,20.89245,0,1,0
246,246,246,0,824,0,148.65882,1,147.39666,20.89245,0,1,0
247,247,247,0,760,0,148.65882,1,147.39666,20.89245,0,1,0
248,248,248,0,644,0,148.65882,1,147.39666,20.89245,0,1,0
249,249,249,0,911,0,148.65882,1,147.39666,20.89245,0,1,0
250,250,250,0,694,0,148.65882,1,147.39666,20.89245,0,1,0
251,251,251,0,698,0,148.65882,1,147.39666,20.89245,0,1,0
252,252,252,0,776,0,148.65882,1,147.39666,20.89245,0,1,0
253,253,253,0,854,0,148.65882,1,147.39666,20.89245,0,2,0
254,254,254,0,722,0,148.65882,1,147.39666,20.89245,0,2,0
255,255,255,0,725,0,148.65882,1,147.39666,20.89245,0,1,0
256,256,256,0,770,0,148.65882,1,147.39666,20.89245,0,1,0
257,257,257,0,739,0,148.65882,1,147.39666,20.89245,0,1,0
258,258,258,0,894,0,148.65882,1,147.39666,20.89245,0,2,0
259,259,259,0,660,0,148.65882,1,147.39666,20.89245,0,0,0
260,260,260,0,822,0,148.65882,1,147.39666,20.89245,0,1,0
261,261,261,0,720,0,148.65882,1,147.39666,20.89245,0,1,0
262,262,262,0,639,0,148.65882,1,147.39666,20.89245,0,1,0
263,263,263,0,796,0,148.65882,1,147.39666,20.89245,0,1,0
264,264,264,0,697,0,148.65882,1,147.39666,20.89245,0,1,0
265,265,265,0,707,0,148.65882,1,147.39666,20.89245,0,1,0
266,266,266,0,694,0,148.65882,1,147.39666,20.89245,0,1,0
267,267,267,0,756,0,148.65882,1,147.39666,20.89245,0,1,0
268,268,268,0,822,0,148.65882,1,147.39666,20.89245,0,1,0
269,269,269,0,939,0,148.65882,1,147.39666,20.89245,0,1,0
270,270,270,0,819,0,148.65882,1,147.39666,20.89245,0,1,0
271,271,271,0,662,0,148.65882,1,147.39666,20.89245,0,2,0
272,272,272,0,915,0,148.65882,1,147.39666,20.89245,0,1,0
273,273,273,0,739,0,148.65882,1,147.39666,20.89245,0,1,0
274,274,274,0,739,0,148.65882,1,147.39666,20.89245,0,2,0
275,275,275,0,820,0,148.65882,1,147.39666,20.89245,0,1,0
276,276,276,0,777,0,148.65882,1,147.39666,20.89245,0,1,0
277,277,277,0,680,0,148.65882,1,147.39666,20.89245,0,1,0
278,278,278,0,665,0,148.65882,1,147.39666,20.89245,0,1,0
279,279,279,0,714,0,148.65882,1,147.39666,20.89245,0,1,0
280,280,280,0,701,0,148.65882,1,147.39666,20.89245,0,1,0
281,281,281,0,750,0,148.65882,1,147.39666,20.89245,0,1,0
282,282,282,0,696,0,148.65882,1,147.39666,20.89245,0,1,0
283,283,283,0,781,0,148.65882,1,147.39666,20.89245,0,2,0
284,284,284,0,717,0,148.65882,1,147.39666,20.89245,0,1,0
285,285,285,0,748,0,148.65882,1,147.39666,20.89245,0,1,0
286,286,286,0,757,0,148.65882,1,147.39666,20.89245,0,1,0
287,287,287,0,773,0,148.65882,1,147.39666,20.89245,0,2,0
288,288,288,0,775,0,148.65882,1,147.39666,20.89245,0,1,0
289,289,289,0,813,0,148.65882,1,147.39666,20.89245,0,2,0
290,290,290,0,822,0,148.65882,1,147.39666,20.89245,0,1,0
291,291,291,0,756,0,148.65882,1,147.39666,20.89245,0,1,0
292,292,292,0,758,0,148.65882,1,147.39666,20.89245,0,1,0
293,293,293,0,734,0,148.65882,1,147.39666,20.89245,0,1,0
294,294,294,0,753,0,148.65882,1,147.39666,20.89245,0,1,0
295,295,295,0,729,0,148.65882,1,147.39666,20.89245,0,1,0
296,296,296,0,732,0,148.65882,1,147.39666,20.89245,0,1,0
297,297,297,0,776,0,148.65882,1,147.39666,20.89245,0,1,0
298,298,298,0,806,0,148.65882,1,147.39666,20.89245,0,1,0
299,299,299,0,822,0,148.65882,1,147.39666,20.89245,0,1,0
300,300,300,0,856,0,148.65882,1,147.39666,20.89245,0,1,0
301,301,301,0,730,0,148.65882,1,147.39666,20.89245,0,1,0
302,302,302,0,696,0,148.65882,1,147.39666,20.89245,0,1,0
303,303,303,0,836,0,148.65882,1,147.39666,20.89245,0,1,0
304,304,304,0,889,0,148.65882,1,147.39666,20.89245,0,1,0
305,305,305,0,626,0,148.65882,1,147.39666,20.89245,0,1,0
306,306,306,0,847,0,148.65882,1,147.39666,20.89245,0,1,0
307,307,307,0,767,0,148.65882,1,147.39666,20.89245,0,1,0
308,308,308,0,662,0,148.65882,1,147.39666,20.89245,0,1,0
309,309,309,0,891,0,148.65882,1,147.39666,20.89245,0,1,0
310,310,310,0,849,0,148.65882,1,147.39666,20.89245,0,1,0
311,311,311,0,751,0,148.65882,1,147.39666,20.89245,0,1,0
312,312,312,0,747,0,148.65882,1,147.39666,20.89245,0,1,0
313,313,313,0,674,0,148.65882,1,147.39666,20.89245,0,1,0
314,314,314,0,740,0,148.65882,1,147.39666,20.89245,0,1,0
315,315,315,0,769,0,148.65882,1,147.39666,20.89245,0,2,0
316,316,316,0,665,0,148.65882,1,147.39666,20.89245,0,1,0
317,317,317,0,654,0,148.65882,1,147.39666,20.89245,0,1,0
318,318,318,0,721,0,148.65882,1,147.39666,20.89245,0,1,0
319,319,319,0,744,0,148.65882,1,147.39666,20.89245,0,1,0
320,320,320,0,811,0,148.65882,1,147.39666,20.89245,0,1,0
321,321,321,0,572,0,148.65882,1,147.39666,20.89245,0,1,0
322,322,322,0,780,0,148.65882,1,147.39666,20.89245,0,1,0
323,323,323,0,833,0,148.65882,1,147.39666,20.89245,0,1,0
324,324,324,0,778,0,148.65882,1,147.39666,20.89245,0,2,0
325,325,325,0,701,0,148.65882,1,147.39666,20.89245,0,1,0
326,326,326,0,879,0,148.65882,1,147.39666,20.89245,0,1,0
327,327,327,0,735,0,148.65882,1,147.39666,20.89245,0,1,0
328,328,328,0,607,0,148.65882,1,147.39666,20.89245,0,1,0
329,329,329,0,709,0,148.65882,1,147.39666,20.89245,0,1,0
330,330,330,0,836,0,148.65882,1,147.39666,20.89245,0,1,0
331,331,331,0,846,0,148.65882,1,147.39666,20.89245,0,1,0
332,332,332,0,694,0,148.65882,1,147.39666,20.89245,0,1,0
333,333,333,0,637,0,148.65882,1,147.39666,20.89245,0,1,0
334,334,334,0,800,0,148.65882,1,147.39666,20.89245,0,1,0
335,335,335,0,723,0,148.65882,1,147.39666,20.89245,0,1,0
336,336,336,0,704,0,148.65882,1,147.39666,20.89245,0,1,0
337,337,337,0,656,0,148.65882,1,147.39666,20.89245,0,1,0
338,338,338,0,742,0,148.65882,1,147.39666,20.89245,0,1,0
339,339,339,0,838,0,148.65882,1,147.39666,20.89245,0,1,0
340,340,340,0,701,0,148.65882,1,147.39666,20.89245,0,1,0
341,341,341,0,719,0,148.65882,1,147.39666,20.89245,0,1,0
342,342,342,0,668,0,148.65882,1,147.39666,20.89245,0,1,0
343,343,343,0,818,0,148.65882,1,147.39666,20.89245,0,1,0
344,344,344,0,826,0,148.65882,1,147.39666,20.89245,0,1,0
345,345,345,0,820,0,148.65882,1,147.39666,20.89245,0,1,0
346,346,346,0,757,0,148.65882,1,147.39666,20.89245,0,1,0
347,347,347,0,817,0,148.65882,1,147.39666,20.89245,0,1,0
348,348,348,0,781,0,148.65882,1,147.39666,20.89245,0,1,0
349,349,349,0,739,0,148.65882,1,147.39666,20.89245,0,0,0
350,350,350,0,843,0,148.65882,1,147.39666,20.89245,0,1,0
351,351,351,0,729,0,148.65882,1,147.39666,20.89245,0,1,0
352,352,352,0,737,0,148.65882,1,147.39666,20.89245,0,1,0
353,353,353,0,727,0,148.65882,1,147.39666,20.89245,0,1,0
354,354,354,0,538,0,148.65882,1,147.39666,20.89245,0,1,0
355,355,355,0,759,0,148.65882,1,147.39666,20.89245,0,1,0
356,356,356,0,821,0,148.65882,1,147.39666,20.89245,0,1,0
357,357,357,0,679,0,148.65882,1,147.39666,20.89245,0,1,0
358,358,358,0,680,0,148.65882,1,147.39666,20.89245,0,1,0
359,359,359,0,705,0,148.65882,1,147.39666,20.89245,0,1,0
360,360,360,0,839,0,148.65882,1,147.39666,20.89245,0,1,0
361,361,361,0,817,0,148.65882,1,147.39666,20.89245,0,1,0
362,362,362,0,815,0,148.65882,1,147.39666,20.89245,0,1,0
363,363,363,0,766,0,148.65882,1,147.39666,20.89245,0,1,0
364,364,364,0,645,0,148.65882,1,147.39666,20.89245,0,1,0
365,365,365,0,664,0,148.65882,1,147.39666,20.89245,0,1,0
366,366,366,0,682,0,148.65882,1,147.39666,20.89245,0,1,0
367,367,367,0,817,0,148.65882,1,147.39666,20.89245,0,1,0
368,368,368,0,796,0,148.65882,1,147.39666,20.89245,0,1,0
369,369,369,0,699,0,148.65882,1,147.39666,20.89245,0,1,0
370,370,370,0,851,0,148.65882,1,147.39666,20.89245,0,1,0
371,371,371,0,814,0,148.65882,1,147.39666,20.89245,0,1,0
372,372,372,0,788,0,148.65882,1,147.39666,20.89245,0,1,0
373,373,373,0,821,0,148.65882,1,147.39666,20.89245,0,1,0
374,374,374,0,786,0,148.65882,1,147.39666,20.89245,0,1,0
375,375,375,0,761,0,148.65882,1,147.39666,20.89245,0,1,0
376,376,376,0,821,0,148.65882,1,147.39666,20.89245,0,1,0
377,377,377,0,786,0,148.65882,1,147.39666,20.89245,0,1,0
378,378,378,0,819,0,148.65882,1,147.39666,20.89245,0,1,0
379,379,379,0,863,0,148.65882,1,147.39666,20.89245,0,2,0
380,380,380,0,734,0,148.65882,1,147.39666,20.89245,0,2,0
381,381,381,0,796,0,148.65882,1,147.39666,20.89245,0,1,0
382,382,382,0,780,0,148.65882,1,147.39666,20.89245,0,1,0
383,383,383,0,810,0,148.65882,1,147.39666,20.89245,0,1,0
384,384,384,0,659,0,148.65882,1,147.39666,20.89245,0,2,0
385,385,385,0,889,0,148.65882,1,147.39666,20.89245,0,1,0
386,386,386,0,788,0,148.65882,1,147.39666,20.89245,0,2,0
387,387,387,0,744,0,148.65882,1,147.39666,20.89245,0,1,0
388,388,388,0,818,0,148.65882,1,147.39666,20.89245,0,1,0
389,389,389,0,682,0,148.65882,1,147.39666,20.89245,0,1,0
390,390,390,0,901,0,148.65882,1,147.39666,20.89245,0,1,0
391,391,391,0,808,0,148.65882,1,147.39666,20.89245,0,1,0
392,392,392,0,746,0,148.65882,1,147.39666,20.89245,0,1,0
393,393,393,0,859,0,148.65882,1,147.39666,20.89245,0,1,0
394,394,394,0,631,0,148.65882,1,147.39666,20.89245,0,1,0
395,395,395,0,704,0,148.65882,1,147.39666,20.89245,0,1,0
396,396,396,0,968,0,148.65882,1,147.39666,20.89245,0,1,0
397,397,397,0,849,0,148.65882,1,147.39666,20.89245,0,1,0
398,398,398,0,704,0,148.65882,1,147.39666,20.89245,0,1,0
399,399,399,0,730,0,148.65882,1,147.39666,20.89245,0,1,0
400,400,400,1,774,1,148.65882,0,147.39666,20.89245,0,1,0
401,401,401,1,873,2,148.65882,2,147.39666,20.89245,2,1,0
402,402,402,1,698,1,148.65882,2,147.39666,20.89245,2,1,0
403,403,403,1,770,1,148.65882,0,147.39666,20.89245,0,2,0
404,404,404,1,671,2,148.65882,2,147.39666,20.89245,1,1,0
405,405,405,1,819,1,148.65882,0,147.39666,20.89245,0,2,0
406,406,406,1,705,1,148.65882,0,147.39666,20.89245,0,2,0
407,407,407,1,729,2,148.65882,2,147.39666,20.89245,2,1,0
408,408,408,1,651,1,148.65882,0,147.39666,20.89245,0,2,0
409,409,409,1,723,1,148.65882,0,147.39666,20.89245,0,1,0
410,410,410,1,676,1,148.65882,0,147.39666,20.89245,2,1,0
411,411,411,1,838,2,148.65882,2,147.39666,20.89245,2,1,0
412,412,412,1,755,1,148.65882,0,147.39666,20.89245,2,1,0
413,413,413,1,867,1,148.65882,0,147.39666,20.89245,2,1,0
414,414,414,1,758,1,148.65882,2,147.39666,20.89245,2,1,0
415,415,415,1,672,1,148.65882,0,147.39666,20.89245,0,2,0
416,416,416,1,664,1,148.65882,0,147.39666,20.89245,0,1,0
417,417,417,1,786,1,148.65882,0,147.39666,20.89245,0,1,0
418,418,418,1,776,2,148.65882,2,147.39666,20.89245,2,1,0
419,419,419,1,760,1,148.65882,2,147.39666,20.89245,2,1,0
420,420,420,1,776,1,148.65882,0,147.39666,20.89245,0,1,0
421,421,421,1,787,1,148.65882,0,147.39666,20.89245,0,1,0
422,422,422,1,796,1,148.65882,2,147.39666,20.89245,2,2,0
423,423,423,1,813,2,148.65882,2,147.39666,20.89245,1,2,0
424,424,424,1,683,1,148.65882,0,147.39666,20.89245,0,1,0
425,425,425,1,741,1,148.65882,0,147.39666,20.89245,0,1,0
426,426,426,1,702,1,148.65882,2,147.39666,20.89245,0,2,0
427,427,427,1,756,1,148.65882,0,147.39666,20.89245,0,1,0
428,428,428,1,713,2,148.65882,2,147.39666,20.89245,2,1,0
429,429,429,1,659,1,148.65882,0,147.39666,20.89245,0,1,0
430,430,430,1,758,1,148.65882,2,147.39666,20.89245,1,2,0
431,431,431,1,754,2,148.65882,2,147.39666,20.89245,1,1,0
432,432,432,1,706,1,148.65882,0,147.39666,20.89245,0,2,0
433,433,433,1,802,2,148.65882,2,147.39666,20.89245,2,1,0
434,434,434,1,742,1,148.65882,0,147.39666,20.89245,0,2,0
435,435,435,1,745,1,148.65882,2,147.39666,20.89245,2,1,0
436,436,436,1,803,2,148.65882,2,147.39666,20.89245,1,1,0
437,437,437,1,846,1,148.65882,0,147.39666,20.89245,0,2,0
438,438,438,1,762,1,148.65882,0,147.39666,20.89245,0,1,0
439,439,439,1,689,1,148.65882,0,147.39666,20.89245,0,2,0
440,440,440,1,681,2,148.65882,2,147.39666,20.89245,2,1,0
441,441,441,1,668,2,148.65882,2,147.39666,20.89245,2,1,0
442,442,442,1,678,1,148.65882,2,147.39666,20.89245,2,1,0
443,443,443,1,720,1,148.65882,0,147.39666,20.89245,0,2,0
444,444,444,1,723,1,148.65882,0,147.39666,20.89245,0,1,0
445,445,445,1,674,0,148.65882,0,147.39666,20.89245,0,1,0
446,446,446,1,785,1,148.65882,0,147.39666,20.89245,0,1,0
447,447,447,1,918,1,148.65882,0,147.39666,20.89245,0,1,0
448,448,448,1,619,2,148.65882,2,147.39666,20.89245,2,1,0
449,449,449,1,627,1,148.65882,2,147.39666,20.89245,2,1,0
450,450,450,1,736,1,148.65882,2,147.39666,20.89245,2,1,0
451,451,451,1,864,1,148.65882,0,147.39666,20.89245,2,1,0
452,452,452,1,715,2,148.65882,2,147.39666,20.89245,2,1,0
453,453,453,1,757,1,148.65882,0,147.39666,20.89245,0,1,0
454,454,454,1,612,0,148.65882,0,147.39666,20.89245,0,2,0
455,455,455,1,740,1,148.65882,0,147.39666,20.89245,0,1,0
456,456,456,1,655,0,148.65882,0,147.39666,20.89245,0,2,0
457,457,457,1,749,1,148.65882,2,147.39666,20.89245,2,1,0
458,458,458,1,779,1,148.65882,2,147.39666,20.89245,1,2,0
459,459,459,1,768,1,148.65882,0,147.39666,20.89245,2,1,0
460,460,460,1,607,0,148.65882,0,147.39666,20.89245,0,1,0
461,461,461,1,739,1,148.65882,0,147.39666,20.89245,0,1,0
462,462,462,1,764,1,148.65882,0,147.39666,20.89245,0,2,0
463,463,463,1,665,1,148.65882,2,147.39666,20.89245,2,1,0
464,464,464,1,766,2,148.65882,2,147.39666,20.89245,2,1,0
465,465,465,1,724,1,148.65882,0,147.39666,20.89245,0,2,0
466,466,466,1,762,1,148.65882,2,147.39666,20.89245,2,2,0
467,467,467,1,810,2,148.65882,2,147.39666,20.89245,2,1,0
468,468,468,1,739,2,148.65882,2,147.39666,20.89245,2,1,0
469,469,469,1,751,1,148.65882,0,147.39666,20.89245,1,1,0
470,470,470,1,852,2,148.65882,2,147.39666,20.89245,2,1,0
471,471,471,1,791,1,148.65882,0,147.39666,20.89245,2,1,0
472,472,472,1,731,1,148.65882,2,147.39666,20.89245,2,2,0
473,473,473,1,668,2,148.65882,2,147.39666,20.89245,2,1,0
474,474,474,1,838,2,148.65882,2,147.39666,20.89245,1,2,0
475,475,475,1,812,2,148.65882,2,147.39666,20.89245,2,1,0
476,476,476,1,641,1,148.65882,0,147.39666,20.89245,0,1,0
477,477,477,1,669,1,148.65882,0,147.39666,20.89245,0,1,0
478,478,478,1,724,2,148.65882,2,147.39666,20.89245,2,1,0
479,479,479,1,711,1,148.65882,0,147.39666,20.89245,0,2,0
480,480,480,1,906,1,148.65882,0,147.39666,20.89245,2,1,0
481,481,481,1,809,1,148.65882,0,147.39666,20.89245,0,2,0
482,482,482,1,709,1,148.65882,2,147.39666,20.89245,2,1,0
483,483,483,1,740,0,148.65882,0,147.39666,20.89245,0,2,0
484,484,484,1,644,2,148.65882,2,147.39666,20.89245,1,1,0
485,485,485,1,804,1,148.65882,0,147.39666,20.89245,2,1,0
486,486,486,1,743,1,148.65882,0,147.39666,20.89245,2,1,0
487,487,487,1,680,2,148.65882,2,147.39666,20.89245,2,1,0
488,488,488,1,772,2,148.65882,2,147.39666,20.89245,2,1,0
489,489,489,1,729,1,148.65882,0,147.39666,20.89245,0,2,0
490,490,490,1,754,1,148.65882,2,147.39666,20.89245,2,1,0
491,491,491,1,693,1,148.65882,0,147.39666,20.89245,0,2,0
492,492,492,1,716,1,148.65882,0,147.39666,20.89245,0,1,0
493,493,493,1,782,1,148.65882,0,147.39666,20.89245,0,1,0
494,494,494,1,671,1,148.65882,0,147.39666,20.89245,0,1,0
495,495,495,1,768,2,148.65882,2,147.39666,20.89245,1,1,0
496,496,496,1,772,1,148.65882,2,147.39666,20.89245,0,1,0
497,497,497,1,749,1,148.65882,2,147.39666,20.89245,2,1,0
498,498,498,1,702,1,148.65882,2,147.39666,20.89245,0,2,0
499,499,499,1,679,1,148.65882,0,147.39666,20.89245,0,2,0
500,500,500,1,788,1,148.65882,0,147.39666,20.89245,0,1,0
501,501,501,1,793,2,148.65882,2,147.39666,20.89245,2,1,0
502,502,502,1,622,1,148.65882,0,147.39666,20.89245,0,1,0
503,503,503,1,737,1,148.65882,2,147.39666,20.89245,2,1,0
504,504,504,1,758,1,148.65882,0,147.39666,20.89245,2,1,0
505,505,505,1,718,1,148.65882,0,147.39666,20.89245,2,1,0
506,506,506,1,735,1,148.65882,0,147.39666,20.89245,0,1,0
507,507,507,1,775,2,148.65882,2,147.39666,20.89245,2,1,0
508,508,508,1,822,1,148.65882,0,147.39666,20.89245,0,2,0
509,509,509,1,701,1,148.65882,2,147.39666,20.89245,0,1,0
510,510,510,1,856,1,148.65882,0,147.39666,20.89245,2,1,0
511,511,511,1,772,2,148.65882,2,147.39666,20.89245,2,1,0
512,512,512,1,804,1,148.65882,0,147.39666,20.89245,0,2,0
513,513,513,1,612,2,148.65882,2,147.39666,20.89245,2,1,0
514,514,514,1,777,1,148.65882,2,147.39666,20.89245,2,1,0
515,515,515,1,741,1,148.65882,2,147.39666,20.89245,2,1,0
516,516,516,1,721,1,148.65882,0,147.39666,20.89245,2,1,0
517,517,517,1,938,2,148.65882,2,147.39666,20.89245,1,1,0
518,518,518,1,837,2,148.65882,2,147.39666,20.89245,2,2,0
519,519,519,1,785,2,148.65882,2,147.39666,20.89245,2,1,0
520,520,520,1,804,2,148.65882,2,147.39666,20.89245,2,1,0
521,521,521,1,708,2,148.65882,2,147.39666,20.89245,2,2,0
522,522,522,1,688,0,148.65882,0,147.39666,20.89245,0,2,0
523,523,523,1,778,2,148.65882,2,147.39666,20.89245,2,2,0
524,524,524,1,782,1,148.65882,0,147.39666,20.89245,2,1,0
525,525,525,1,820,1,148.65882,0,147.39666,20.89245,0,1,0
526,526,526,1,808,1,148.65882,0,147.39666,20.89245,0,1,0
527,527,527,1,681,1,148.65882,2,147.39666,20.89245,2,1,0
528,528,528,1,809,2,148.65882,2,147.39666,20.89245,1,1,0
529,529,529,1,696,1,148.65882,0,147.39666,20.89245,0,2,0
530,530,530,1,789,1,148.65882,0,147.39666,20.89245,0,1,0
531,531,531,1,829,1,148.65882,2,147.39666,20.89245,1,1,0
532,532,532,1,698,1,148.65882,2,147.39666,20.89245,2,2,0
533,533,533,1,658,1,148.65882,0,147.39666,20.89245,0,1,0
534,534,534,1,658,1,148.65882,0,147.39666,20.89245,0,2,0
535,535,535,1,822,0,148.65882,0,147.39666,20.89245,0,2,0
536,536,536,1,714,2,148.65882,2,147.39666,20.89245,2,1,0
537,537,537,1,2881,1,148.65882,0,147.39666,20.89245,0,1,0
538,538,538,1,5222,1,148.65882,0,147.39666,20.89245,2,1,0
539,539,539,1,4655,1,148.65882,0,147.39666,20.89245,0,2,0
540,540,540,1,3284,1,148.65882,2,147.39666,20.89245,1,1,0
541,541,541,1,4995,1,148.65882,0,147.39666,20.89245,0,1,0
542,542,542,1,3424,1,148.65882,0,147.39666,20.89245,2,1,0
543,543,543,1,3047,2,148.65882,2,147.39666,20.89245,1,2,0
544,544,544,1,5347,1,148.65882,0,147.39666,20.89245,0,2,0
545,545,545,1,3727,1,148.65882,2,147.39666,20.89245,2,2,0
546,546,546,1,653,1,148.65882,2,147.39666,20.89245,2,1,0
547,547,547,1,3129,2,148.65882,2,147.39666,20.89245,1,1,0
548,548,548,1,4221,1,148.65882,2,147.39666,20.89245,0,1,0
549,549,549,1,5345,0,148.65882,0,147.39666,20.89245,0,1,0
550,550,550,1,4212,1,148.65882,0,147.39666,20.89245,0,1,0
551,551,551,1,4315,1,148.65882,0,147.39666,20.89245,2,2,0
552,552,552,1,4268,1,148.65882,0,147.39666,20.89245,0,2,0
553,553,553,1,2877,1,148.65882,0,147.39666,20.89245,0,2,0
554,554,554,1,3190,1,148.65882,0,147.39666,20.89245,0,1,0
555,555,555,1,3998,1,148.65882,0,147.39666,20.89245,2,1,0
556,556,556,1,5433,2,148.65882,2,147.39666,20.89245,2,1,0
557,557,557,1,853,0,148.65882,0,147.39666,20.89245,0,2,0
558,558,558,1,4684,1,148.65882,0,147.39666,20.89245,2,1,0
559,559,559,1,3466,1,148.65882,0,147.39666,20.89245,0,1,0
560,560,560,1,3200,1,148.65882,0,147.39666,20.89245,0,1,0
561,561,561,1,4793,1,148.65882,0,147.39666,20.89245,0,1,0
562,562,562,1,7665,0,148.65882,0,147.39666,20.89245,0,2,0
563,563,563,1,3290,1,148.65882,2,147.39666,20.89245,2,1,0
564,564,564,1,3399,1,148.65882,0,147.39666,20.89245,0,1,0
565,565,565,1,4383,1,148.65882,0,147.39666,20.89245,0,1,0
566,566,566,1,3044,0,148.65882,0,147.39666,20.89245,0,1,0
567,567,567,1,5734,1,148.65882,0,147.39666,20.89245,0,2,0
568,568,568,1,740,1,148.65882,0,147.39666,20.89245,1,1,0
569,569,569,1,3749,1,148.65882,0,147.39666,20.89245,0,1,0
570,570,570,1,4511,1,148.65882,0,147.39666,20.89245,0,1,0
571,571,571,1,6558,0,148.65882,0,147.39666,20.89245,0,1,0
572,572,572,1,3791,2,148.65882,2,147.39666,20.89245,1,2,0
573,573,573,1,5713,2,148.65882,2,147.39666,20.89245,2,1,0
574,574,574,1,3348,1,148.65882,0,147.39666,20.89245,0,1,0
575,575,575,1,4842,1,148.65882,0,147.39666,20.89245,0,1,0
576,576,576,1,6071,1,148.65882,0,147.39666,20.89245,0,2,0
577,577,577,1,3191,1,148.65882,0,147.39666,20.89245,0,2,0
578,578,578,1,3799,2,148.65882,2,147.39666,20.89245,2,1,0
579,579,579,1,767,1,148.65882,0,147.39666,20.89245,0,2,0
580,580,580,1,3683,1,148.65882,0,147.39666,20.89245,0,1,0
581,581,581,1,5171,1,148.65882,0,147.39666,20.89245,0,1,0
582,582,582,1,6215,1,148.65882,0,147.39666,20.89245,0,1,0
583,583,583,1,4616,1,148.65882,2,147.39666,20.89245,2,1,0
584,584,584,1,3060,1,148.65882,0,147.39666,20.89245,0,2,0
585,585,585,1,3839,1,148.65882,0,147.39666,20.89245,0,2,0
586,586,586,1,2679,1,148.65882,0,147.39666,20.89245,0,1,0
587,587,587,1,3359,1,148.65882,0,147.39666,20.89245,0,1,0
588,588,588,1,3224,1,148.65882,0,147.39666,20.89245,0,1,0
589,589,589,1,6920,1,148.65882,2,147.39666,20.89245,1,1,0
590,590,590,1,720,0,148.65882,0,147.39666,20.89245,0,2,0
591,591,591,1,4277,1,148.65882,2,147.39666,20.89245,2,1,0
592,592,592,1,4910,1,148.65882,0,147.39666,20.89245,0,1,0
593,593,593,1,4089,1,148.65882,0,147.39666,20.89245,0,1,0
594,594,594,1,5610,1,148.65882,0,147.39666,20.89245,2,1,0
595,595,595,1,2636,0,148.65882,0,147.39666,20.89245,0,2,0
596,596,596,1,2519,1,148.65882,0,147.39666,20.89245,0,1,0
597,597,597,1,2965,1,148.65882,2,147.39666,20.89245,2,1,0
598,598,598,1,2370,1,148.65882,0,147.39666,20.89245,0,1,0
599,599,599,1,4906,1,148.65882,0,147.39666,20.89245,0,1,0
600,600,600,1,4266,1,148.65882,0,147.39666,20.89245,2,1,0
601,601,601,1,695,1,148.65882,0,147.39666,20.89245,0,1,0
602,602,602,1,4125,0,148.65882,0,147.39666,20.89245,0,2,0
603,603,603,1,2541,2,148.65882,2,147.39666,20.89245,2,1,0
604,604,604,1,3044,1,148.65882,0,147.39666,20.89245,0,1,0
605,605,605,1,3586,2,148.65882,2,147.39666,20.89245,2,1,0
606,606,606,1,4344,1,148.65882,2,147.39666,20.89245,1,1,0
607,607,607,1,5145,1,148.65882,0,147.39666,20.89245,0,1,0
608,608,608,1,3016,0,148.65882,0,147.39666,20.89245,0,1,0
609,609,609,1,4463,1,148.65882,0,147.39666,20.89245,0,2,0
610,610,610,1,5643,0,148.65882,0,147.39666,20.89245,0,2,0
611,611,611,1,5378,2,148.65882,2,147.39666,20.89245,2,1,0
612,612,612,1,770,1,148.65882,0,147.39666,20.89245,0,1,0
613,613,613,1,4101,1,148.65882,0,147.39666,20.89245,0,1,0
614,614,614,1,5537,2,148.65882,2,147.39666,20.89245,2,1,0
615,615,615,1,4146,1,148.65882,0,147.39666,20.89245,0,1,0
616,616,616,1,4712,1,148.65882,2,147.39666,20.89245,1,1,0
617,617,617,1,5437,0,148.65882,0,147.39666,20.89245,0,2,0
618,618,618,1,5302,2,148.65882,2,147.39666,20.89245,2,1,0
619,619,619,1,4409,1,148.65882,0,147.39666,20.89245,2,1,0
620,620,620,1,3285,1,148.65882,0,147.39666,20.89245,0,2,0
621,621,621,1,3327,1,148.65882,0,147.39666,20.89245,0,2,0
622,622,622,1,4887,1,148.65882,2,147.39666,20.89245,2,1,0
623,623,623,1,754,1,148.65882,0,147.39666,20.89245,0,1,0
624,624,624,1,3851,2,148.65882,2,147.39666,20.89245,2,1,0
625,625,625,1,4348,1,148.65882,0,147.39666,20.89245,2,2,0
626,626,626,1,3671,1,148.65882,0,147.39666,20.89245,0,1,0
627,627,627,1,4647,1,148.65882,2,147.39666,20.89245,2,2,0
628,628,628,1,2414,1,148.65882,2,147.39666,20.89245,1,1,0
629,629,629,1,6312,1,148.65882,0,147.39666,20.89245,0,1,0
630,630,630,1,4126,1,148.65882,0,147.39666,20.89245,0,1,0
631,631,631,1,4330,2,148.65882,2,147.39666,20.89245,2,1,0
632,632,632,1,5252,2,148.65882,2,147.39666,20.89245,1,2,0
633,633,633,1,5478,1,148.65882,0,147.39666,20.89245,0,1,0
634,634,634,1,848,0,148.65882,0,147.39666,20.89245,0,1,0
635,635,635,1,3047,2,148.65882,2,147.39666,20.89245,1,1,0
636,636,636,1,4231,1,148.65882,0,147.39666,20.89245,2,1,0
637,637,637,1,3376,1,148.65882,0,147.39666,20.89245,0,1,0
638,638,638,1,3063,1,148.65882,2,147.39666,20.89245,2,1,0
639,639,639,1,3020,1,148.65882,0,147.39666,20.89245,0,1,0
640,640,640,1,3160,1,148.65882,0,147.39666,20.89245,2,1,0
641,641,641,1,5189,1,148.65882,0,147.39666,20.89245,0,1,0
642,642,642,1,3693,1,148.65882,0,147.39666,20.89245,2,1,0
643,643,643,1,5012,1,148.65882,0,147.39666,20.89245,2,1,0
644,644,644,1,3835,1,148.65882,0,147.39666,20.89245,2,1,0
645,645,645,1,799,2,148.65882,2,147.39666,20.89245,2,1,0
646,646,646,1,812,2,148.65882,2,147.39666,20.89245,1,1,0
647,647,647,1,3486,1,148.65882,0,147.39666,20.89245,0,2,0
648,648,648,1,3727,1,148.65882,0,147.39666,20.89245,0,1,0
649,649,649,1,4631,2,148.65882,2,147.39666,20.89245,1,2,0
650,650,650,1,3049,2,148.65882,2,147.39666,20.89245,1,1,0
651,651,651,1,4076,1,148.65882,2,147.39666,20.89245,2,1,0
652,652,652,1,3718,2,148.65882,2,147.39666,20.89245,1,1,0
653,653,653,1,4342,2,148.65882,2,147.39666,20.89245,2,1,0
654,654,654,1,3927,1,148.65882,0,147.39666,20.89245,2,1,0
655,655,655,1,6292,1,148.65882,0,147.39666,20.89245,0,1,0
656,656,656,1,3781,1,148.65882,0,147.39666,20.89245,0,1,0
657,657,657,1,843,1,148.65882,0,147.39666,20.89245,0,1,0
658,658,658,1,3731,2,148.65882,2,147.39666,20.89245,2,1,0
659,659,659,1,4123,1,148.65882,2,147.39666,20.89245,2,1,0
660,660,660,1,5281,1,148.65882,0,147.39666,20.89245,0,1,0
661,661,661,1,3518,1,148.65882,0,147.39666,20.89245,0,1,0
662,662,662,1,4893,1,148.65882,2,147.39666,20.89245,0,1,0
663,663,663,1,4644,1,148.65882,2,147.39666,20.89245,2,1,0
664,664,664,1,4692,1,148.65882,2,147.39666,20.89245,2,1,0
665,665,665,1,4394,2,148.65882,2,147.39666,20.89245,1,2,0
666,666,666,1,6741,1,148.65882,0,147.39666,20.89245,2,1,0
667,667,667,1,4995,1,148.65882,0,147.39666,20.89245,0,1,0
668,668,668,1,743,2,148.65882,2,147.39666,20.89245,2,1,0
669,669,669,1,5218,1,148.65882,0,147.39666,20.89245,2,1,0
670,670,670,1,5783,1,148.65882,0,147.39666,20.89245,0,1,0
671,671,671,1,4638,1,148.65882,2,147.39666,20.89245,2,1,0
672,672,672,1,2641,1,148.65882,0,147.39666,20.89245,0,1,0
673,673,673,1,6166,1,148.65882,2,147.39666,20.89245,2,1,0
674,674,674,1,4102,1,148.65882,0,147.39666,20.89245,0,2,0
675,675,675,1,3084,1,148.65882,0,147.39666,20.89245,0,1,0
676,676,676,1,3418,2,148.65882,2,147.39666,20.89245,2,1,0
677,677,677,1,4978,0,148.65882,0,147.39666,20.89245,0,1,0
678,678,678,1,5157,1,148.65882,0,147.39666,20.89245,0,1,0
679,679,679,1,810,1,148.65882,0,147.39666,20.89245,0,2,0
680,680,680,1,2918,1,148.65882,0,147.39666,20.89245,0,1,0
681,681,681,1,3632,1,148.65882,0,147.39666,20.89245,0,1,0
682,682,682,1,4572,1,148.65882,0,147.39666,20.89245,0,1,0
683,683,683,1,4231,1,148.65882,0,147.39666,20.89245,0,1,0
684,684,684,1,2946,0,148.65882,2,147.39666,20.89245,0,1,0
685,685,685,1,2876,1,148.65882,0,147.39666,20.89245,0,1,0
686,686,686,1,2555,1,148.65882,0,147.39666,20.89245,0,1,0
687,687,687,1,5775,1,148.65882,2,147.39666,20.89245,2,1,0
688,688,688,1,3882,1,148.65882,0,147.39666,20.89245,0,2,0
689,689,689,1,3727,2,148.65882,2,147.39666,20.89245,1,1,0
690,690,690,1,936,1,148.65882,2,147.39666,20.89245,2,2,0
691,691,691,1,4122,1,148.65882,0,147.39666,20.89245,2,1,0
692,692,692,1,4334,1,148.65882,0,147.39666,20.89245,0,2,0
693,693,693,1,3000,1,148.65882,0,147.39666,20.89245,0,1,0
694,694,694,1,4121,1,148.65882,0,147.39666,20.89245,0,2,0
695,695,695,1,6456,1,148.65882,0,147.39666,20.89245,0,1,0
696,696,696,1,4012,2,148.65882,2,147.39666,20.89245,2,1,0
697,697,697,1,3757,2,148.65882,2,147.39666,20.89245,1,1,0
698,698,698,1,4546,1,148.65882,0,147.39666,20.89245,2,2,0
699,699,699,1,6450,1,148.65882,2,147.39666,20.89245,2,1,0
700,700,700,1,4166,1,148.65882,2,147.39666,20.89245,2,1,0
701,701,701,1,773,1,148.65882,0,147.39666,20.89245,0,1,0
702,702,702,1,2668,2,148.65882,2,147.39666,20.89245,1,1,0
703,703,703,1,3231,1,148.65882,0,147.39666,20.89245,0,2,0
704,704,704,1,4267,2,148.65882,2,147.39666,20.89245,2,1,0
705,705,705,1,3710,1,148.65882,2,147.39666,20.89245,2,1,0
706,706,706,1,2493,1,148.65882,0,147.39666,20.89245,0,1,0
707,707,707,1,3419,1,148.65882,2,147.39666,20.89245,2,1,0
708,708,708,1,4009,1,148.65882,0,147.39666,20.89245,0,1,0
709,709,709,1,5986,1,148.65882,2,147.39666,20.89245,2,1,0
710,710,710,1,2227,0,148.65882,0,147.39666,20.89245,0,1,0
711,711,711,1,4084,1,148.65882,0,147.39666,20.89245,0,1,0
712,712,712,1,773,1,148.65882,0,147.39666,20.89245,0,2,0
713,713,713,1,3229,1,148.65882,2,147.39666,20.89245,2,2,0
714,714,714,1,3910,1,148.65882,0,147.39666,20.89245,2,1,0
715,715,715,1,3119,1,148.65882,0,147.39666,20.89245,0,1,0
716,716,716,1,2387,1,148.65882,0,147.39666,20.89245,2,1,0
717,717,717,1,4070,1,148.65882,0,147.39666,20.89245,0,1,0
718,718,718,1,3172,1,148.65882,0,147.39666,20.89245,0,2,0
719,719,719,1,3253,2,148.65882,2,147.39666,20.89245,2,2,0
720,720,720,1,2371,1,148.65882,0,147.39666,20.89245,0,1,0
721,721,721,1,2752,2,148.65882,2,147.39666,20.89245,2,1,0
722,722,722,1,3427,1,148.65882,0,147.39666,20.89245,0,1,0
723,723,723,1,756,1,148.65882,0,147.39666,20.89245,0,1,0
724,724,724,1,2862,1,148.65882,0,147.39666,20.89245,0,1,0
725,725,725,1,3524,0,148.65882,0,147.39666,20.89245,0,2,0
726,726,726,1,2455,1,148.65882,0,147.39666,20.89245,0,2,0
727,727,727,1,4994,1,148.65882,0,147.39666,20.89245,0,1,0
728,728,728,1,5532,1,148.65882,0,147.39666,20.89245,2,1,0
729,729,729,1,3002,2,148.65882,2,147.39666,20.89245,2,1,0
730,730,730,1,2994,0,148.65882,0,147.39666,20.89245,0,2,0
731,731,731,1,3257,2,148.65882,2,147.39666,20.89245,2,1,0
732,732,732,1,3095,1,148.65882,0,147.39666,20.89245,0,2,0
733,733,733,1,5492,1,148.65882,2,147.39666,20.89245,2,1,0
734,734,734,1,728,2,148.65882,2,147.39666,20.89245,2,1,0
735,735,735,1,3291,1,148.65882,2,147.39666,20.89245,2,2,0
736,736,736,1,3190,1,148.65882,0,147.39666,20.89245,0,1,0
737,737,737,1,3082,1,148.65882,0,147.39666,20.89245,0,1,0
738,738,738,1,3184,2,148.65882,2,147.39666,20.89245,2,1,0
739,739,739,1,4845,1,148.65882,0,147.39666,20.89245,0,2,0
740,740,740,1,3420,2,148.65882,2,147.39666,20.89245,2,1,0
741,741,741,1,3348,1,148.65882,0,147.39666,20.89245,2,1,0
742,742,742,1,3710,0,148.65882,0,147.39666,20.89245,0,2,0
743,743,743,1,3202,1,148.65882,2,147.39666,20.89245,2,1,0
744,744,744,1,3473,1,148.65882,0,147.39666,20.89245,0,2,0
745,745,745,1,774,1,148.65882,2,147.39666,20.89245,2,2,0
746,746,746,1,4564,2,148.65882,2,147.39666,20.89245,1,1,0
747,747,747,1,2718,2,148.65882,2,147.39666,20.89245,1,1,0
748,748,748,1,4746,1,148.65882,0,147.39666,20.89245,0,1,0
749,749,749,1,3618,1,148.65882,0,147.39666,20.89245,0,2,0
750,750,750,1,3198,1,148.65882,0,147.39666,20.89245,0,1,0
751,751,751,1,3782,2,148.65882,2,147.39666,20.89245,1,1,0
752,752,752,1,2503,1,148.65882,2,147.39666,20.89245,2,1,0
753,753,753,1,3052,1,148.65882,2,147.39666,20.89245,2,1,0
754,754,754,1,4553,1,148.65882,2,147.39666,20.89245,2,1,0
755,755,755,1,3491,2,148.65882,2,147.39666,20.89245,2,1,0
756,756,756,1,722,1,148.65882,0,147.39666,20.89245,0,2,0
757,757,757,1,773,0,148.65882,0,147.39666,20.89245,0,1,0
758,758,758,1,3736,1,148.65882,2,147.39666,20.89245,2,1,0
759,759,759,1,4199,1,148.65882,0,147.39666,20.89245,0,2,0
760,760,760,1,3446,1,148.65882,0,147.39666,20.89245,2,1,0
761,761,761,1,2262,1,148.65882,0,147.39666,20.89245,0,1,0
762,762,762,1,6033,2,148.65882,2,147.39666,20.89245,1,2,0
763,763,763,1,2785,1,148.65882,0,147.39666,20.89245,0,2,0
764,764,764,1,6080,2,148.65882,2,147.39666,20.89245,1,1,0
765,765,765,1,4230,2,148.65882,2,147.39666,20.89245,1,1,0
766,766,766,1,3551,1,148.65882,0,147.39666,20.89245,0,1,0
767,767,767,1,2590,1,148.65882,0,147.39666,20.89245,2,1,0
768,768,768,1,775,1,148.65882,0,147.39666,20.89245,0,1,0
769,769,769,1,3575,2,148.65882,2,147.39666,20.89245,2,1,0
770,770,770,1,3008,1,148.65882,0,147.39666,20.89245,0,1,0
771,771,771,1,5516,1,148.65882,2,147.39666,20.89245,2,2,0
772,772,772,1,2988,1,148.65882,0,147.39666,20.89245,0,1,0
773,773,773,1,3477,1,148.65882,2,147.39666,20.89245,0,1,0
774,774,774,1,5159,1,148.65882,0,147.39666,20.89245,0,1,0
775,775,775,1,3808,2,148.65882,2,147.39666,20.89245,1,1,0
776,776,776,1,4121,1,148.65882,0,147.39666,20.89245,0,1,0
777,777,777,1,1916,1,148.65882,0,147.39666,20.89245,2,1,0
778,778,778,1,5791,1,148.65882,0,147.39666,20.89245,0,1,0
779,779,779,1,776,2,148.65882,2,147.39666,20.89245,2,2,0
780,780,780,1,3729,2,148.65882,2,147.39666,20.89245,1,1,0
781,781,781,1,3197,1,148.65882,0,147.39666,20.89245,0,1,0
782,782,782,1,2936,1,148.65882,0,147.39666,20.89245,0,1,0
783,783,783,1,4387,0,148.65882,0,147.39666,20.89245,0,1,0
784,784,784,1,3792,0,148.65882,0,147.39666,20.89245,0,1,0
785,785,785,1,4489,1,148.65882,0,147.39666,20.89245,0,1,0
786,786,786,1,3692,1,148.65882,0,147.39666,20.89245,0,1,0
787,787,787,1,3919,1,148.65882,0,147.39666,20.89245,0,1,0
788,788,788,1,4417,1,148.65882,0,147.39666,20.89245,0,2,0
789,789,789,1,3935,2,148.65882,2,147.39666,20.89245,1,2,0
790,790,790,1,692,2,148.65882,2,147.39666,20.89245,2,1,0
791,791,791,1,3277,1,148.65882,0,147.39666,20.89245,0,1,0
792,792,792,1,3246,2,148.65882,2,147.39666,20.89245,1,1,0
793,793,793,1,5495,0,148.65882,0,147.39666,20.89245,0,2,0
794,794,794,1,5718,1,148.65882,0,147.39666,20.89245,0,1,0
795,795,795,1,2760,2,148.65882,2,147.39666,20.89245,2,1,0
796,796,796,1,2455,1,148.65882,0,147.39666,20.89245,0,1,0
797,797,797,1,6776,2,148.65882,2,147.39666,20.89245,2,1,0
798,798,798,1,4164,2,148.65882,2,147.39666,20.89245,1,1,0
799,799,799,1,3460,1,148.65882,2,147.39666,20.89245,2,1,0
800,800,800,2,4427,0,148.65882,1,147.39666,20.89245,0,1,1
801,801,801,2,874,0,148.65882,1,147.39666,20.89245,0,1,2
802,802,802,2,3309,0,148.65882,1,147.39666,20.89245,0,1,2
803,803,803,2,4128,0,148.65882,1,147.39666,20.89245,0,1,1
804,804,804,2,3022,0,148.65882,1,147.39666,20.89245,0,2,2
805,805,805,2,3991,0,148.65882,1,147.39666,20.89245,0,1,1
806,806,806,2,4048,0,148.65882,1,147.39666,20.89245,0,1,1
807,807,807,2,4212,0,148.65882,1,147.39666,20.89245,0,1,1
808,808,808,2,5243,0,148.65882,1,147.39666,20.89245,0,1,2
809,809,809,2,5605,0,148.65882,1,147.39666,20.89245,0,1,1
810,810,810,2,2844,0,148.65882,1,147.39666,20.89245,0,1,1
811,811,811,2,3651,0,148.65882,1,147.39666,20.89245,0,2,2
812,812,812,2,802,0,148.65882,1,147.39666,20.89245,0,2,2
813,813,813,2,4525,0,148.65882,1,147.39666,20.89245,0,1,1
814,814,814,2,4866,0,148.65882,1,147.39666,20.89245,0,1,1
815,815,815,2,5389,0,148.65882,1,147.39666,20.89245,0,2,2
816,816,816,2,8018,0,148.65882,1,147.39666,20.89245,0,1,1
817,817,817,2,5757,0,148.65882,1,147.39666,20.89245,0,1,1
818,818,818,2,4038,0,148.65882,1,147.39666,20.89245,0,1,2
819,819,819,2,4055,0,148.65882,1,147.39666,20.89245,0,1,2
820,820,820,2,3358,0,148.65882,1,147.39666,20.89245,0,1,1
821,821,821,2,3554,0,148.65882,1,147.39666,20.89245,0,1,2
822,822,822,2,5529,0,148.65882,1,147.39666,20.89245,0,1,1
823,823,823,2,726,0,148.65882,1,147.39666,20.89245,0,2,2
824,824,824,2,5100,0,148.65882,1,147.39666,20.89245,0,2,2
825,825,825,2,3366,0,148.65882,1,147.39666,20.89245,0,1,2
826,826,826,2,3532,0,148.65882,1,147.39666,20.89245,0,1,2
827,827,827,2,3846,0,148.65882,1,147.39666,20.89245,1,2,2
828,828,828,2,4371,0,148.65882,1,147.39666,20.89245,0,1,2
829,829,829,2,4126,0,148.65882,1,147.39666,20.89245,0,1,2
830,830,830,2,5946,0,148.65882,1,147.39666,20.89245,0,1,1
831,831,831,2,3690,0,148.65882,1,147.39666,20.89245,0,1,1
832,832,832,2,3543,0,148.65882,1,147.39666,20.89245,0,2,2
833,833,833,2,6219,0,148.65882,1,147.39666,20.89245,1,2,2
834,834,834,2,697,0,148.65882,1,147.39666,20.89245,0,1,1
835,835,835,2,3938,0,148.65882,1,147.39666,20.89245,0,1,1
836,836,836,2,2994,0,148.65882,1,147.39666,20.89245,0,2,2
837,837,837,2,4900,0,148.65882,1,147.39666,20.89245,0,1,1
838,838,838,2,4062,0,148.65882,1,147.39666,20.89245,0,1,2
839,839,839,2,4862,0,148.65882,1,147.39666,20.89245,0,1,2
840,840,840,2,2841,0,148.65882,1,147.39666,20.89245,0,1,1
841,841,841,2,3584,0,148.65882,1,147.39666,20.89245,0,1,1
842,842,842,2,5890,0,148.65882,1,147.39666,20.89245,0,1,1
843,843,843,2,2091,0,148.65882,1,147.39666,20.89245,0,1,2
844,844,844,2,3509,0,148.65882,1,147.39666,20.89245,0,1,1
845,845,845,2,635,0,148.65882,1,147.39666,20.89245,0,1,2
846,846,846,2,3740,0,148.65882,1,147.39666,20.89245,0,1,1
847,847,847,2,4050,0,148.65882,1,147.39666,20.89245,0,1,1
848,848,848,2,3742,0,148.65882,1,147.39666,20.89245,0,1,1
849,849,849,2,3469,0,148.65882,1,147.39666,20.89245,0,1,1
850,850,850,2,4066,0,148.65882,1,147.39666,20.89245,0,1,1
851,851,851,2,2503,0,148.65882,1,147.39666,20.89245,0,1,1
852,852,852,2,3042,0,148.65882,1,147.39666,20.89245,0,1,1
853,853,853,2,4098,0,148.65882,1,147.39666,20.89245,0,2,1
854,854,854,2,4263,0,148.65882,1,147.39666,20.89245,0,2,2
855,855,855,2,3152,0,148.65882,1,147.39666,20.89245,0,1,1
856,856,856,2,833,0,148.65882,1,147.39666,20.89245,0,1,1
857,857,857,2,6028,0,148.65882,1,147.39666,20.89245,0,2,2
858,858,858,2,3981,0,148.65882,1,147.39666,20.89245,0,2,2
859,859,859,2,3976,0,148.65882,1,147.39666,20.89245,0,1,1
860,860,860,2,3228,0,148.65882,1,147.39666,20.89245,0,2,2
861,861,861,2,3655,0,148.65882,1,147.39666,20.89245,0,2,2
862,862,862,2,3335,0,148.65882,1,147.39666,20.89245,1,2,2
863,863,863,2,2991,0,148.65882,1,147.39666,20.89245,0,1,2
864,864,864,2,5343,0,148.65882,1,147.39666,20.89245,0,2,2
865,865,865,2,5026,0,148.65882,1,147.39666,20.89245,0,1,1
866,866,866,2,4069,0,148.65882,1,147.39666,20.89245,0,2,2
867,867,867,2,720,0,148.65882,1,147.39666,20.89245,0,1,2
868,868,868,2,753,0,148.65882,1,147.39666,20.89245,0,1,1
869,869,869,2,4391,0,148.65882,1,147.39666,20.89245,0,1,1
870,870,870,2,5083,0,148.65882,1,147.39666,20.89245,0,1,1
871,871,871,2,2971,0,148.65882,1,147.39666,20.89245,0,2,2
872,872,872,2,6885,0,148.65882,1,147.39666,20.89245,0,2,2
873,873,873,2,3183,0,148.65882,1,147.39666,20.89245,0,1,1
874,874,874,2,5166,0,148.65882,1,147.39666,20.89245,0,1,1
875,875,875,2,5143,0,148.65882,1,147.39666,20.89245,0,1,1
876,876,876,2,3443,0,148.65882,1,147.39666,20.89245,0,1,1
877,877,877,2,4425,0,148.65882,1,147.39666,20.89245,0,1,1
878,878,878,2,3963,0,148.65882,1,147.39666,20.89245,0,1,2
879,879,879,2,712,0,148.65882,1,147.39666,20.89245,0,1,1
880,880,880,2,4196,0,148.65882,1,147.39666,20.89245,0,1,2
881,881,881,2,2170,0,148.65882,1,147.39666,20.89245,0,2,2
882,882,882,2,3283,0,148.65882,1,147.39666,20.89245,0,1,1
883,883,883,2,3021,0,148.65882,1,147.39666,20.89245,0,1,1
884,884,884,2,4318,0,148.65882,1,147.39666,20.89245,0,1,1
885,885,885,2,3898,0,148.65882,1,147.39666,20.89245,0,2,2
886,886,886,2,3048,0,148.65882,1,147.39666,20.89245,0,1,2
887,887,887,2,4114,0,148.65882,1,147.39666,20.89245,0,1,2
888,888,888,2,3550,0,148.65882,1,147.39666,20.89245,0,1,1
889,889,889,2,3279,0,148.65882,1,147.39666,20.89245,0,1,2
890,890,890,2,675,0,148.65882,1,147.39666,20.89245,0,1,1
891,891,891,2,5389,0,148.65882,1,147.39666,20.89245,0,1,1
892,892,892,2,3083,0,148.65882,1,147.39666,20.89245,1,2,2
893,893,893,2,5564,0,148.65882,1,147.39666,20.89245,0,1,1
894,894,894,2,3566,0,148.65882,1,147.39666,20.89245,0,1,2
895,895,895,2,2944,0,148.65882,1,147.39666,20.89245,0,1,2
896,896,896,2,3587,0,148.65882,1,147.39666,20.89245,0,2,2
897,897,897,2,2412,0,148.65882,1,147.39666,20.89245,1,2,2
898,898,898,2,2597,0,148.65882,1,147.39666,20.89245,0,1,1
899,899,899,2,3173,0,148.65882,1,147.39666,20.89245,0,1,1
900,900,900,2,4270,0,148.65882,1,147.39666,20.89245,0,1,1
901,901,901,2,754,0,148.65882,1,147.39666,20.89245,0,2,2
902,902,902,2,6841,0,148.65882,1,147.39666,20.89245,0,1,1
903,903,903,2,2227,0,148.65882,1,147.39666,20.89245,0,1,1
904,904,904,2,5052,0,148.65882,1,147.39666,20.89245,0,2,2
905,905,905,2,3559,0,148.65882,1,147.39666,20.89245,0,1,1
906,906,906,2,4798,0,148.65882,1,147.39666,20.89245,0,1,1
907,907,907,2,4180,0,148.65882,1,147.39666,20.89245,0,2,2
908,908,908,2,4464,0,148.65882,1,147.39666,20.89245,0,2,2
909,909,909,2,3541,0,148.65882,1,147.39666,20.89245,0,2,2
910,910,910,2,4301,0,148.65882,1,147.39666,20.89245,0,2,2
911,911,911,2,5422,0,148.65882,1,147.39666,20.89245,0,1,1
912,912,912,2,964,0,148.65882,1,147.39666,20.89245,0,1,1
913,913,913,2,3455,0,148.65882,1,147.39666,20.89245,0,1,2
914,914,914,2,4864,0,148.65882,1,147.39666,20.89245,0,1,2
915,915,915,2,4227,0,148.65882,1,147.39666,20.89245,1,2,2
916,916,916,2,1512,0,148.65882,1,147.39666,20.89245,0,1,1
917,917,917,2,4186,0,148.65882,1,147.39666,20.89245,0,1,1
918,918,918,2,3147,0,148.65882,1,147.39666,20.89245,0,1,1
919,919,919,2,4649,0,148.65882,1,147.39666,20.89245,0,1,1
920,920,920,2,5306,0,148.65882,1,147.39666,20.89245,0,2,2
921,921,921,2,5546,0,148.65882,1,147.39666,20.89245,0,1,1
922,922,922,2,3588,0,148.65882,1,147.39666,20.89245,0,2,2
923,923,923,2,791,0,148.65882,1,147.39666,20.89245,0,1,2
924,924,924,2,3041,0,148.65882,1,147.39666,20.89245,1,2,2
925,925,925,2,3578,0,148.65882,1,147.39666,20.89245,0,1,1
926,926,926,2,6191,0,148.65882,1,147.39666,20.89245,0,2,2
927,927,927,2,4129,0,148.65882,1,147.39666,20.89245,0,1,2
928,928,928,2,4860,0,148.65882,1,147.39666,20.89245,1,2,2
929,929,929,2,4509,0,148.65882,1,147.39666,20.89245,1,2,2
930,930,930,2,5954,0,148.65882,1,147.39666,20.89245,0,1,2
931,931,931,2,3139,0,148.65882,1,147.39666,20.89245,0,1,1
932,932,932,2,2512,0,148.65882,1,147.39666,20.89245,0,1,2
933,933,933,2,4373,0,148.65882,1,147.39666,20.89245,0,1,2
934,934,934,2,792,0,148.65882,1,147.39666,20.89245,0,1,2
935,935,935,2,4103,0,148.65882,1,147.39666,20.89245,0,2,2
936,936,936,2,4433,0,148.65882,1,147.39666,20.89245,0,1,1
937,937,937,2,3117,0,148.65882,1,147.39666,20.89245,0,2,2
938,938,938,2,6334,0,148.65882,1,147.39666,20.89245,0,1,2
939,939,939,2,3302,0,148.65882,1,147.39666,20.89245,1,1,2
940,940,940,2,6571,0,148.65882,1,147.39666,20.89245,0,1,2
941,941,941,2,4938,0,148.65882,1,147.39666,20.89245,0,2,2
942,942,942,2,3800,0,148.65882,1,147.39666,20.89245,0,1,1
943,943,943,2,3918,0,148.65882,1,147.39666,20.89245,0,1,2
944,944,944,2,2964,0,148.65882,1,147.39666,20.89245,0,1,2
945,945,945,2,805,0,148.65882,1,147.39666,20.89245,0,2,2
946,946,946,2,5070,0,148.65882,1,147.39666,20.89245,0,1,2
947,947,947,2,2963,0,148.65882,1,147.39666,20.89245,0,1,1
948,948,948,2,4430,0,148.65882,1,147.39666,20.89245,0,1,1
949,949,949,2,3114,0,148.65882,1,147.39666,20.89245,0,1,1
950,950,950,2,4389,0,148.65882,1,147.39666,20.89245,0,1,2
951,951,951,2,3108,0,148.65882,1,147.39666,20.89245,0,2,1
952,952,952,2,7426,0,148.65882,1,147.39666,20.89245,0,1,1
953,953,953,2,3746,0,148.65882,1,147.39666,20.89245,0,1,1
954,954,954,2,4204,0,148.65882,1,147.39666,20.89245,0,2,1
955,955,955,2,3814,0,148.65882,1,147.39666,20.89245,0,2,2
956,956,956,2,742,0,148.65882,1,147.39666,20.89245,1,2,2
957,957,957,2,4629,0,148.65882,1,147.39666,20.89245,0,1,2
958,958,958,2,5780,0,148.65882,1,147.39666,20.89245,0,1,2
959,959,959,2,2806,0,148.65882,1,147.39666,20.89245,0,1,1
960,960,960,2,3309,0,148.65882,1,147.39666,20.89245,0,1,1
961,961,961,2,2433,0,148.65882,1,147.39666,20.89245,0,2,1
962,962,962,2,2573,0,148.65882,1,147.39666,20.89245,0,1,1
963,963,963,2,3280,0,148.65882,1,147.39666,20.89245,0,1,1
964,964,964,2,3380,0,148.65882,1,147.39666,20.89245,0,2,2
965,965,965,2,3730,0,148.65882,1,147.39666,20.89245,0,1,1
966,966,966,2,3334,0,148.65882,1,147.39666,20.89245,0,2,2
967,967,967,2,780,0,148.65882,1,147.39666,20.89245,0,1,1
968,968,968,2,6060,0,148.65882,1,147.39666,20.89245,0,1,2
969,969,969,2,4962,0,148.65882,1,147.39666,20.89245,0,2,2
970,970,970,2,3552,0,148.65882,1,147.39666,20.89245,0,1,2
971,971,971,2,5452,0,148.65882,1,147.39666,20.89245,0,1,1
972,972,972,2,2305,0,148.65882,1,147.39666,20.89245,1,1,2
973,973,973,2,2716,0,148.65882,1,147.39666,20.89245,0,1,1
974,974,974,2,5646,0,148.65882,1,147.39666,20.89245,0,2,2
975,975,975,2,3860,0,148.65882,1,147.39666,20.89245,0,1,2
976,976,976,2,5254,0,148.65882,1,147.39666,20.89245,0,1,1
977,977,977,2,4485,0,148.65882,1,147.39666,20.89245,0,1,1
978,978,978,2,579,0,148.65882,1,147.39666,20.89245,0,1,1
979,979,979,2,685,0,148.65882,1,147.39666,20.89245,0,2,2
980,980,980,2,4140,0,148.65882,1,147.39666,20.89245,0,1,2
981,981,981,2,497,0,148.65882,1,147.39666,20.89245,0,1,2
982,982,982,2,354,0,148.65882,1,147.39666,20.89245,0,1,1
983,983,983,2,368,0,148.65882,1,147.39666,20.89245,0,2,2
984,984,984,2,433,0,148.65882,1,147.39666,20.89245,0,2,1
985,985,985,2,315,0,148.65882,1,147.39666,20.89245,0,1,2
986,986,986,2,463,0,148.65882,1,147.39666,20.89245,0,1,1
987,987,987,2,436,0,148.65882,1,147.39666,20.89245,0,1,1
988,988,988,2,386,0,148.65882,1,147.39666,20.89245,0,2,2
989,989,989,2,307,0,148.65882,1,147.39666,20.89245,0,1,2
990,990,990,2,870,0,148.65882,1,147.39666,20.89245,0,1,2
991,991,991,2,399,0,148.65882,1,147.39666,20.89245,0,2,2
992,992,992,2,487,0,148.65882,1,147.39666,20.89245,0,2,2
993,993,993,2,315,0,148.65882,1,147.39666,20.89245,0,1,1
994,994,994,2,271,0,148.65882,1,147.39666,20.89245,0,1,1
995,995,995,2,361,0,148.65882,1,147.39666,20.89245,0,2,2
996,996,996,2,444,0,148.65882,1,147.39666,20.89245,0,2,2
997,997,997,2,304,0,148.65882,1,147.39666,20.89245,0,2,2
998,998,998,2,356,0,148.65882,1,147.39666,20.89245,0,1,1
999,999,999,2,398,0,148.65882,1,147.39666,20.89245,0,1,1
1000,1000,1000,2,349,0,148.65882,1,147.39666,20.89245,0,1,1
1001,1001,1001,2,677,0,148.65882,1,147.39666,20.89245,0,1,2
1002,1002,1002,2,356,0,148.65882,1,147.39666,20.89245,0,2,2
1003,1003,1003,2,361,0,148.65882,1,147.39666,20.89245,0,1,1
1004,1004,1004,2,367,0,148.65882,1,147.39666,20.89245,0,1,2
1005,1005,1005,2,438,0,148.65882,1,147.39666,20.89245,1,2,2
1006,1006,1006,2,311,0,148.65882,1,147.39666,20.89245,0,1,1
1007,1007,1007,2,300,0,148.65882,1,147.39666,20.89245,0,1,1
1008,1008,1008,2,378,0,148.65882,1,147.39666,20.89245,0,1,1
1009,1009,1009,2,358,0,148.65882,1,147.39666,20.89245,0,1,1
1010,1010,1010,2,326,0,148.65882,1,147.39666,20.89245,0,1,1
1011,1011,1011,2,374,0,148.65882,1,147.39666,20.89245,0,1,1
1012,1012,1012,2,752,0,148.65882,1,147.39666,20.89245,0,2,2
1013,1013,1013,2,360,0,148.65882,1,147.39666,20.89245,0,1,2
1014,1014,1014,2,433,0,148.65882,1,147.39666,20.89245,0,1,2
1015,1015,1015,2,421,0,148.65882,1,147.39666,20.89245,0,1,1
1016,1016,1016,2,318,0,148.65882,1,147.39666,20.89245,0,1,1
1017,1017,1017,2,316,0,148.65882,1,147.39666,20.89245,0,2,1
1018,1018,1018,2,434,0,148.65882,1,147.39666,20.89245,0,1,1
1019,1019,1019,2,444,0,148.65882,1,147.39666,20.89245,0,1,1
1020,1020,1020,2,323,0,148.65882,1,147.39666,20.89245,1,1,2
1021,1021,1021,2,509,0,148.65882,1,147.39666,20.89245,0,2,2
1022,1022,1022,2,358,0,148.65882,1,147.39666,20.89245,0,1,1
1023,1023,1023,2,656,0,148.65882,1,147.39666,20.89245,0,2,2
1024,1024,1024,2,342,0,148.65882,1,147.39666,20.89245,0,1,1
1025,1025,1025,2,368,0,148.65882,1,147.39666,20.89245,0,1,2
1026,1026,1026,2,405,0,148.65882,1,147.39666,20.89245,0,1,1
1027,1027,1027,2,413,0,148.65882,1,147.39666,20.89245,0,1,2
1028,1028,1028,2,368,0,148.65882,1,147.39666,20.89245,0,1,1
1029,1029,1029,2,409,0,148.65882,1,147.39666,20.89245,0,1,2
1030,1030,1030,2,348,0,148.65882,1,147.39666,20.89245,0,1,1
1031,1031,1031,2,405,0,148.65882,1,147.39666,20.89245,1,2,2
1032,1032,1032,2,369,0,148.65882,1,147.39666,20.89245,0,1,2
1033,1033,1033,2,402,0,148.65882,1,147.39666,20.89245,0,1,1
1034,1034,1034,2,796,0,148.65882,1,147.39666,20.89245,0,1,1
1035,1035,1035,2,482,0,148.65882,1,147.39666,20.89245,1,2,2
1036,1036,1036,2,367,0,148.65882,1,147.39666,20.89245,0,1,1
1037,1037,1037,2,445,0,148.65882,1,147.39666,20.89245,0,1,2
1038,1038,1038,2,371,0,148.65882,1,147.39666,20.89245,0,1,2
1039,1039,1039,2,349,0,148.65882,1,147.39666,20.89245,0,1,1
1040,1040,1040,2,333,0,148.65882,1,147.39666,20.89245,0,2,2
1041,1041,1041,2,458,0,148.65882,1,147.39666,20.89245,0,1,1
1042,1042,1042,2,448,0,148.65882,1,147.39666,20.89245,0,1,1
1043,1043,1043,2,279,0,148.65882,1,147.39666,20.89245,0,1,1
1044,1044,1044,2,343,0,148.65882,1,147.39666,20.89245,1,1,2
1045,1045,1045,2,607,0,148.65882,1,147.39666,20.89245,0,1,2
1046,1046,1046,2,382,0,148.65882,1,147.39666,20.89245,0,1,1
1047,1047,1047,2,317,0,148.65882,1,147.39666,20.89245,1,2,2
1048,1048,1048,2,339,0,148.65882,1,147.39666,20.89245,0,1,1
1049,1049,1049,2,321,0,148.65882,1,147.39666,20.89245,0,2,2
1050,1050,1050,2,349,0,148.65882,1,147.39666,20.89245,0,1,2
1051,1051,1051,2,322,0,148.65882,1,147.39666,20.89245,0,1,1
1052,1052,1052,2,397,0,148.65882,1,147.39666,20.89245,0,1,1
1053,1053,1053,2,297,0,148.65882,1,147.39666,20.89245,0,1,1
1054,1054,1054,2,401,0,148.65882,1,147.39666,20.89245,0,1,1
1055,1055,1055,2,435,0,148.65882,1,147.39666,20.89245,0,1,2
1056,1056,1056,2,801,0,148.65882,1,147.39666,20.89245,0,1,1
1057,1057,1057,2,394,0,148.65882,1,147.39666,20.89245,0,1,2
1058,1058,1058,2,371,0,148.65882,1,147.39666,20.89245,0,1,1
1059,1059,1059,2,318,0,148.65882,1,147.39666,20.89245,0,1,1
1060,1060,1060,2,325,0,148.65882,1,147.39666,20.89245,0,2,2
1061,1061,1061,2,420,0,148.65882,1,147.39666,20.89245,0,1,1
1062,1062,1062,2,440,0,148.65882,1,147.39666,20.89245,0,1,1
1063,1063,1063,2,378,0,148.65882,1,147.39666,20.89245,0,1,2
1064,1064,1064,2,463,0,148.65882,1,147.39666,20.89245,0,1,2
1065,1065,1065,2,400,0,148.65882,1,147.39666,20.89245,0,2,2
1066,1066,1066,2,364,0,148.65882,1,147.39666,20.89245,0,1,1
1067,1067,1067,2,717,0,148.65882,1,147.39666,20.89245,0,1,1
1068,1068,1068,2,412,0,148.65882,1,147.39666,20.89245,0,1,1
1069,1069,1069,2,359,0,148.65882,1,147.39666,20.89245,0,1,1
1070,1070,1070,2,337,0,148.65882,1,147.39666,20.89245,0,1,2
1071,1071,1071,2,397,0,148.65882,1,147.39666,20.89245,0,1,1
1072,1072,1072,2,388,0,148.65882,1,147.39666,20.89245,1,2,2
1073,1073,1073,2,378,0,148.65882,1,147.39666,20.89245,0,1,1
1074,1074,1074,2,336,0,148.65882,1,147.39666,20.89245,0,2,2
1075,1075,1075,2,358,0,148.65882,1,147.39666,20.89245,0,2,1
1076,1076,1076,2,387,0,148.65882,1,147.39666,20.89245,0,1,1
1077,1077,1077,2,489,0,148.65882,1,147.39666,20.89245,0,1,1
1078,1078,1078,2,612,0,148.65882,1,147.39666,20.89245,0,1,1
1079,1079,1079,2,319,0,148.65882,1,147.39666,20.89245,0,1,1
1080,1080,1080,2,417,0,148.65882,1,147.39666,20.89245,0,1,1
1081,1081,1081,2,444,0,148.65882,1,147.39666,20.89245,0,1,1
1082,1082,1082,2,268,0,148.65882,1,147.39666,20.89245,0,1,2
1083,1083,1083,2,383,0,148.65882,1,147.39666,20.89245,0,2,2
1084,1084,1084,2,375,0,148.65882,1,147.39666,20.89245,0,2,2
1085,1085,1085,2,340,0,148.65882,1,147.39666,20.89245,0,1,1
1086,1086,1086,2,339,0,148.65882,1,147.39666,20.89245,0,1,1
1087,1087,1087,2,321,0,148.65882,1,147.39666,20.89245,0,2,2
1088,1088,1088,2,395,0,148.65882,1,147.39666,20.89245,0,1,1
1089,1089,1089,2,809,0,148.65882,1,147.39666,20.89245,0,2,2
1090,1090,1090,2,688,0,148.65882,1,147.39666,20.89245,0,1,1
1091,1091,1091,2,412,0,148.65882,1,147.39666,20.89245,0,1,1
1092,1092,1092,2,369,0,148.65882,1,147.39666,20.89245,0,1,1
1093,1093,1093,2,266,0,148.65882,1,147.39666,20.89245,0,1,1
1094,1094,1094,2,400,0,148.65882,1,147.39666,20.89245,0,1,2
1095,1095,1095,2,409,0,148.65882,1,147.39666,20.89245,0,1,2
1096,1096,1096,2,281,0,148.65882,1,147.39666,20.89245,0,1,2
1097,1097,1097,2,429,0,148.65882,1,147.39666,20.89245,0,1,1
1098,1098,1098,2,376,0,148.65882,1,147.39666,20.89245,0,1,1
1099,1099,1099,2,313,0,148.65882,1,147.39666,20.89245,0,2,2
1100,1100,1100,2,314,0,148.65882,1,147.39666,20.89245,0,1,2
1101,1101,1101,2,689,0,148.65882,1,147.39666,20.89245,0,2,2
1102,1102,1102,2,334,0,148.65882,1,147.39666,20.89245,0,1,2
1103,1103,1103,2,311,0,148.65882,1,147.39666,20.89245,0,1,1
1104,1104,1104,2,434,0,148.65882,1,147.39666,20.89245,1,2,2
1105,1105,1105,2,414,0,148.65882,1,147.39666,20.89245,0,2,2
1106,1106,1106,2,352,0,148.65882,1,147.39666,20.89245,0,0,1
1107,1107,1107,2,354,0,148.65882,1,147.39666,20.89245,0,1,1
1108,1108,1108,2,299,0,148.65882,1,147.39666,20.89245,0,1,1
1109,1109,1109,2,418,0,148.65882,1,147.39666,20.89245,0,1,1
1110,1110,1110,2,413,0,148.65882,1,147.39666,20.89245,0,1,1
1111,1111,1111,2,389,0,148.65882,1,147.39666,20.89245,0,1,2
1112,1112,1112,2,833,0,148.65882,1,147.39666,20.89245,0,1,1
1113,1113,1113,2,421,0,148.65882,1,147.39666,20.89245,0,1,2
1114,1114,1114,2,328,0,148.65882,1,147.39666,20.89245,0,1,1
1115,1115,1115,2,407,0,148.65882,1,147.39666,20.89245,0,2,2
1116,1116,1116,2,320,0,148.65882,1,147.39666,20.89245,1,2,2
1117,1117,1117,2,357,0,148.65882,1,147.39666,20.89245,0,1,2
1118,1118,1118,2,249,0,148.65882,1,147.39666,20.89245,0,1,2
1119,1119,1119,2,407,0,148.65882,1,147.39666,20.89245,0,1,1
1120,1120,1120,2,309,0,148.65882,1,147.39666,20.89245,0,2,2
1121,1121,1121,2,372,0,148.65882,1,147.39666,20.89245,0,1,1
1122,1122,1122,2,356,0,148.65882,1,147.39666,20.89245,0,1,1
1123,1123,1123,2,740,0,148.65882,1,147.39666,20.89245,0,1,1
1124,1124,1124,2,268,0,148.65882,1,147.39666,20.89245,0,1,2
1125,1125,1125,2,339,0,148.65882,1,147.39666,20.89245,0,1,1
1126,1126,1126,2,454,0,148.65882,1,147.39666,20.89245,0,1,1
1127,1127,1127,2,361,0,148.65882,1,147.39666,20.89245,0,2,1
1128,1128,1128,2,400,0,148.65882,1,147.39666,20.89245,1,2,2
1129,1129,1129,2,373,0,148.65882,1,147.39666,20.89245,0,1,2
1130,1130,1130,2,300,0,148.65882,1,147.39666,20.89245,1,2,2
1131,1131,1131,2,417,0,148.65882,1,147.39666,20.89245,0,1,1
1132,1132,1132,2,331,0,148.65882,1,147.39666,20.89245,0,1,2
1133,1133,1133,2,336,0,148.65882,1,147.39666,20.89245,0,1,1
1134,1134,1134,2,764,0,148.65882,1,147.39666,20.89245,0,2,2
1135,1135,1135,2,332,0,148.65882,1,147.39666,20.89245,0,2,2
1136,1136,1136,2,345,0,148.65882,1,147.39666,20.89245,0,2,2
1137,1137,1137,2,322,0,148.65882,1,147.39666,20.89245,0,1,2
1138,1138,1138,2,391,0,148.65882,1,147.39666,20.89245,0,1,1
1139,1139,1139,2,361,0,148.65882,1,147.39666,20.89245,0,1,2
1140,1140,1140,2,353,0,148.65882,1,147.39666,20.89245,0,1,1
1141,1141,1141,2,278,0,148.65882,1,147.39666,20.89245,0,1,1
1142,1142,1142,2,369,0,148.65882,1,147.39666,20.89245,0,1,1
1143,1143,1143,2,481,0,148.65882,1,147.39666,20.89245,0,2,2
1144,1144,1144,2,429,0,148.65882,1,147.39666,20.89245,0,1,1
1145,1145,1145,2,759,0,148.65882,1,147.39666,20.89245,0,1,2
1146,1146,1146,2,478,0,148.65882,1,147.39666,20.89245,0,1,1
1147,1147,1147,2,354,0,148.65882,1,147.39666,20.89245,0,1,2
1148,1148,1148,2,422,0,148.65882,1,147.39666,20.89245,0,2,2
1149,1149,1149,2,445,0,148.65882,1,147.39666,20.89245,0,2,1
1150,1150,1150,2,413,0,148.65882,1,147.39666,20.89245,0,1,1
1151,1151,1151,2,386,0,148.65882,1,147.39666,20.89245,0,1,2
1152,1152,1152,2,374,0,148.65882,1,147.39666,20.89245,0,1,1
1153,1153,1153,2,305,0,148.65882,1,147.39666,20.89245,0,1,1
1154,1154,1154,2,315,0,148.65882,1,147.39666,20.89245,0,2,2
1155,1155,1155,2,359,0,148.65882,1,147.39666,20.89245,0,1,2
1156,1156,1156,2,666,0,148.65882,1,147.39666,20.89245,0,1,1
1157,1157,1157,2,393,0,148.65882,1,147.39666,20.89245,0,1,2
1158,1158,1158,2,444,0,148.65882,1,147.39666,20.89245,0,1,1
1159,1159,1159,2,362,0,148.65882,1,147.39666,20.89245,0,1,2
1160,1160,1160,2,462,0,148.65882,1,147.39666,20.89245,0,1,1
1161,1161,1161,2,422,0,148.65882,1,147.39666,20.89245,0,1,1
1162,1162,1162,2,303,0,148.65882,1,147.39666,20.89245,0,1,1
1163,1163,1163,2,372,0,148.65882,1,147.39666,20.89245,0,1,1
1164,1164,1164,2,327,0,148.65882,1,147.39666,20.89245,0,1,2
1165,1165,1165,2,474,0,148.65882,1,147.39666,20.89245,0,1,1
1166,1166,1166,2,366,0,148.65882,1,147.39666,20.89245,0,1,1
1167,1167,1167,2,753,0,148.65882,1,147.39666,20.89245,0,1,1
1168,1168,1168,2,330,0,148.65882,1,147.39666,20.89245,0,1,1
1169,1169,1169,2,357,0,148.65882,1,147.39666,20.89245,0,1,2
1170,1170,1170,2,407,0,148.65882,1,147.39666,20.89245,0,1,1
1171,1171,1171,2,386,0,148.65882,1,147.39666,20.89245,0,1,1
1172,1172,1172,2,438,0,148.65882,1,147.39666,20.89245,0,1,1
1173,1173,1173,2,354,0,148.65882,1,147.39666,20.89245,0,1,2
1174,1174,1174,2,327,0,148.65882,1,147.39666,20.89245,0,1,1
1175,1175,1175,2,369,0,148.65882,1,147.39666,20.89245,0,1,2
1176,1176,1176,2,470,0,148.65882,1,147.39666,20.89245,0,1,1
1177,1177,1177,2,455,0,148.65882,1,147.39666,20.89245,0,2,2
1178,1178,1178,2,642,0,148.65882,1,147.39666,20.89245,0,1,1
1179,1179,1179,2,317,0,148.65882,1,147.39666,20.89245,0,1,2
1180,1180,1180,2,331,0,148.65882,1,147.39666,20.89245,0,1,1
1181,1181,1181,2,360,0,148.65882,1,147.39666,20.89245,0,2,2
1182,1182,1182,2,402,0,148.65882,1,147.39666,20.89245,0,1,1
1183,1183,1183,2,333,0,148.65882,1,147.39666,20.89245,0,2,2
1184,1184,1184,2,371,0,148.65882,1,147.39666,20.89245,0,1,1
1185,1185,1185,2,380,0,148.65882,1,147.39666,20.89245,0,1,1
1186,1186,1186,2,389,0,148.65882,1,147.39666,20.89245,0,2,2
1187,1187,1187,2,386,0,148.65882,1,147.39666,20.89245,0,2,2
1188,1188,1188,2,333,0,148.65882,1,147.39666,20.89245,0,1,1
1189,1189,1189,2,834,0,148.65882,1,147.39666,20.89245,0,2,2
1190,1190,1190,2,358,0,148.65882,1,147.39666,20.89245,0,1,2
1191,1191,1191,2,407,0,148.65882,1,147.39666,20.89245,0,1,2
1192,1192,1192,2,311,0,148.65882,1,147.39666,20.89245,0,1,2
1193,1193,1193,2,334,0,148.65882,1,147.39666,20.89245,0,1,1
1194,1194,1194,2,470,0,148.65882,1,147.39666,20.89245,1,2,2
1195,1195,1195,2,405,0,148.65882,1,147.39666,20.89245,0,1,2
1196,1196,1196,2,342,0,148.65882,1,147.39666,20.89245,0,2,2
1197,1197,1197,2,335,0,148.65882,1,147.39666,20.89245,0,1,2
1198,1198,1198,2,348,0,148.65882,1,147.39666,20.89245,1,2,2
1199,1199,1199,2,427,0,148.65882,1,147.39666,20.89245,1,1,1
