,cluster_id,time,seqlength,coh_cluster,kmeans_clusters,kmeans_time,ap_clusters,ap_time,gmm_clusters,gmm_time,dbscan_clusters,dbscan_time
0,0,12.13866,64,2,0,232.75988,0,233.19131,0,232.08691,-1,233.79459
1,0,12.13866,62,2,0,232.75988,0,233.19131,0,232.08691,-1,233.79459
2,0,12.13866,68,2,0,232.75988,24,233.19131,0,232.08691,-1,233.79459
3,0,12.13866,52,2,0,232.75988,19,233.19131,0,232.08691,-1,233.79459
4,0,12.13866,67,2,0,232.75988,19,233.19131,0,232.08691,-1,233.79459
5,0,12.13866,71,2,0,232.75988,9,233.19131,0,232.08691,-1,233.79459
6,0,12.13866,67,2,0,232.75988,14,233.19131,0,232.08691,-1,233.79459
7,0,12.13866,56,2,0,232.75988,15,233.19131,0,232.08691,-1,233.79459
8,0,12.13866,59,2,0,232.75988,0,233.19131,0,232.08691,-1,233.79459
9,0,12.13866,54,0,0,232.75988,27,233.19131,0,232.08691,-1,233.79459
10,0,12.13866,63,2,0,232.75988,24,233.19131,0,232.08691,-1,233.79459
11,0,12.13866,60,2,0,232.75988,27,233.19131,0,232.08691,-1,233.79459
12,0,12.13866,61,2,0,232.75988,14,233.19131,0,232.08691,-1,233.79459
13,0,12.13866,81,2,0,232.75988,23,233.19131,0,232.08691,-1,233.79459
14,0,12.13866,57,2,0,232.75988,0,233.19131,0,232.08691,-1,233.79459
15,0,12.13866,56,2,0,232.75988,23,233.19131,0,232.08691,-1,233.79459
16,0,12.13866,55,2,0,232.75988,4,233.19131,0,232.08691,-1,233.79459
17,0,12.13866,73,2,0,232.75988,27,233.19131,0,232.08691,-1,233.79459
18,0,12.13866,62,2,0,232.75988,27,233.19131,0,232.08691,-1,233.79459
19,0,12.13866,79,2,0,232.75988,24,233.19131,0,232.08691,-1,233.79459
20,0,12.13866,49,2,0,232.75988,27,233.19131,0,232.08691,-1,233.79459
21,0,12.13866,50,2,0,232.75988,0,233.19131,0,232.08691,-1,233.79459
22,0,12.13866,77,2,0,232.75988,0,233.19131,0,232.08691,-1,233.79459
23,0,12.13866,60,2,0,232.75988,20,233.19131,0,232.08691,-1,233.79459
24,0,12.13866,61,2,0,232.75988,19,233.19131,0,232.08691,-1,233.79459
25,0,12.13866,51,2,0,232.75988,0,233.19131,0,232.08691,-1,233.79459
26,0,12.13866,56,2,0,232.75988,3,233.19131,0,232.08691,-1,233.79459
27,0,12.13866,67,2,0,232.75988,23,233.19131,0,232.08691,-1,233.79459
28,0,12.13866,58,2,0,232.75988,0,233.19131,0,232.08691,-1,233.79459
29,0,12.13866,72,2,0,232.75988,25,233.19131,0,232.08691,-1,233.79459
30,0,12.13866,60,2,0,232.75988,24,233.19131,0,232.08691,-1,233.79459
31,0,12.13866,57,2,0,232.75988,11,233.19131,0,232.08691,-1,233.79459
32,0,12.13866,64,2,0,232.75988,3,233.19131,0,232.08691,-1,233.79459
33,0,12.13866,70,2,0,232.75988,9,233.19131,0,232.08691,-1,233.79459
34,0,12.13866,64,2,0,232.75988,24,233.19131,0,232.08691,-1,233.79459
35,0,12.13866,63,2,0,232.75988,14,233.19131,0,232.08691,-1,233.79459
36,0,12.13866,64,2,0,232.75988,16,233.19131,0,232.08691,-1,233.79459
37,0,12.13866,60,2,0,232.75988,5,233.19131,0,232.08691,-1,233.79459
38,0,12.13866,62,2,0,232.75988,3,233.19131,0,232.08691,-1,233.79459
39,0,12.13866,56,2,0,232.75988,0,233.19131,0,232.08691,-1,233.79459
40,0,12.13866,66,2,0,232.75988,24,233.19131,0,232.08691,-1,233.79459
41,0,12.13866,64,2,0,232.75988,16,233.19131,0,232.08691,-1,233.79459
42,0,12.13866,59,2,0,232.75988,4,233.19131,0,232.08691,-1,233.79459
43,0,12.13866,68,2,0,232.75988,0,233.19131,0,232.08691,-1,233.79459
44,0,12.13866,70,2,0,232.75988,0,233.19131,0,232.08691,-1,233.79459
45,0,12.13866,69,2,0,232.75988,9,233.19131,0,232.08691,-1,233.79459
46,0,12.13866,66,2,0,232.75988,3,233.19131,0,232.08691,-1,233.79459
47,0,12.13866,65,2,0,232.75988,24,233.19131,0,232.08691,-1,233.79459
48,0,12.13866,63,2,0,232.75988,16,233.19131,0,232.08691,-1,233.79459
49,0,12.13866,66,2,0,232.75988,0,233.19131,0,232.08691,-1,233.79459
50,0,12.13866,63,2,0,232.75988,0,233.19131,0,232.08691,-1,233.79459
51,0,12.13866,65,2,0,232.75988,0,233.19131,0,232.08691,-1,233.79459
52,0,12.13866,65,2,0,232.75988,25,233.19131,0,232.08691,-1,233.79459
53,0,12.13866,56,2,0,232.75988,25,233.19131,0,232.08691,-1,233.79459
54,0,12.13866,56,2,0,232.75988,4,233.19131,0,232.08691,-1,233.79459
55,0,12.13866,53,2,0,232.75988,0,233.19131,0,232.08691,-1,233.79459
56,0,12.13866,61,2,0,232.75988,24,233.19131,0,232.08691,-1,233.79459
57,0,12.13866,56,2,0,232.75988,13,233.19131,0,232.08691,-1,233.79459
58,0,12.13866,64,2,0,232.75988,24,233.19131,0,232.08691,-1,233.79459
59,0,12.13866,53,2,0,232.75988,0,233.19131,0,232.08691,-1,233.79459
60,0,12.13866,55,2,0,232.75988,23,233.19131,0,232.08691,-1,233.79459
61,0,12.13866,73,2,0,232.75988,24,233.19131,0,232.08691,-1,233.79459
62,0,12.13866,66,2,0,232.75988,9,233.19131,0,232.08691,-1,233.79459
63,0,12.13866,62,2,0,232.75988,2,233.19131,0,232.08691,-1,233.79459
64,0,12.13866,60,2,0,232.75988,0,233.19131,0,232.08691,-1,233.79459
65,0,12.13866,53,2,0,232.75988,0,233.19131,0,232.08691,-1,233.79459
66,0,12.13866,59,2,0,232.75988,13,233.19131,0,232.08691,-1,233.79459
67,0,12.13866,63,2,0,232.75988,15,233.19131,0,232.08691,-1,233.79459
68,0,12.13866,64,2,0,232.75988,0,233.19131,0,232.08691,-1,233.79459
69,0,12.13866,78,2,0,232.75988,20,233.19131,0,232.08691,-1,233.79459
70,0,12.13866,64,2,0,232.75988,24,233.19131,0,232.08691,-1,233.79459
71,0,12.13866,62,2,0,232.75988,0,233.19131,0,232.08691,-1,233.79459
72,0,12.13866,66,2,0,232.75988,19,233.19131,0,232.08691,-1,233.79459
73,0,12.13866,63,2,0,232.75988,24,233.19131,0,232.08691,-1,233.79459
74,0,12.13866,61,2,0,232.75988,24,233.19131,0,232.08691,-1,233.79459
75,0,12.13866,75,2,0,232.75988,24,233.19131,0,232.08691,-1,233.79459
76,0,12.13866,57,2,0,232.75988,1,233.19131,0,232.08691,-1,233.79459
77,0,12.13866,54,2,0,232.75988,6,233.19131,0,232.08691,-1,233.79459
78,0,12.13866,63,2,0,232.75988,1,233.19131,0,232.08691,-1,233.79459
79,0,12.13866,52,2,0,232.75988,26,233.19131,0,232.08691,-1,233.79459
80,0,12.13866,61,2,0,232.75988,26,233.19131,0,232.08691,-1,233.79459
81,0,12.13866,63,2,0,232.75988,0,233.19131,0,232.08691,-1,233.79459
82,0,12.13866,69,2,0,232.75988,22,233.19131,0,232.08691,-1,233.79459
83,0,12.13866,65,2,0,232.75988,0,233.19131,0,232.08691,-1,233.79459
84,0,12.13866,73,2,0,232.75988,0,233.19131,0,232.08691,-1,233.79459
85,0,12.13866,70,2,0,232.75988,25,233.19131,0,232.08691,-1,233.79459
86,0,12.13866,69,2,0,232.75988,24,233.19131,0,232.08691,-1,233.79459
87,0,12.13866,57,2,0,232.75988,26,233.19131,0,232.08691,-1,233.79459
88,0,12.13866,67,2,0,232.75988,25,233.19131,0,232.08691,-1,233.79459
89,0,12.13866,74,2,0,232.75988,13,233.19131,0,232.08691,-1,233.79459
90,0,12.13866,68,2,0,232.75988,27,233.19131,0,232.08691,-1,233.79459
91,0,12.13866,61,2,0,232.75988,7,233.19131,0,232.08691,-1,233.79459
92,0,12.13866,63,2,0,232.75988,20,233.19131,0,232.08691,-1,233.79459
93,0,12.13866,65,2,0,232.75988,25,233.19131,0,232.08691,-1,233.79459
94,0,12.13866,56,2,0,232.75988,2,233.19131,0,232.08691,-1,233.79459
95,0,12.13866,66,2,0,232.75988,0,233.19131,0,232.08691,-1,233.79459
96,0,12.13866,49,2,0,232.75988,23,233.19131,0,232.08691,-1,233.79459
97,0,12.13866,75,2,0,232.75988,4,233.19131,0,232.08691,-1,233.79459
98,0,12.13866,63,2,0,232.75988,3,233.19131,0,232.08691,-1,233.79459
99,0,12.13866,62,2,0,232.75988,25,233.19131,0,232.08691,-1,233.79459
100,0,12.13866,58,2,0,232.75988,25,233.19131,0,232.08691,-1,233.79459
101,0,12.13866,67,2,0,232.75988,23,233.19131,0,232.08691,-1,233.79459
102,0,12.13866,59,2,0,232.75988,3,233.19131,0,232.08691,-1,233.79459
103,0,12.13866,54,2,0,232.75988,27,233.19131,0,232.08691,-1,233.79459
104,0,12.13866,59,2,0,232.75988,0,233.19131,0,232.08691,-1,233.79459
105,0,12.13866,65,2,0,232.75988,0,233.19131,0,232.08691,-1,233.79459
106,0,12.13866,46,2,0,232.75988,14,233.19131,0,232.08691,-1,233.79459
107,0,12.13866,69,2,0,232.75988,24,233.19131,0,232.08691,-1,233.79459
108,0,12.13866,82,2,0,232.75988,0,233.19131,0,232.08691,-1,233.79459
109,0,12.13866,64,2,0,232.75988,6,233.19131,0,232.08691,-1,233.79459
110,0,12.13866,64,2,0,232.75988,3,233.19131,0,232.08691,-1,233.79459
111,0,12.13866,57,2,0,232.75988,17,233.19131,0,232.08691,-1,233.79459
112,0,12.13866,58,2,0,232.75988,3,233.19131,0,232.08691,-1,233.79459
113,0,12.13866,66,2,0,232.75988,24,233.19131,0,232.08691,-1,233.79459
114,0,12.13866,69,2,0,232.75988,25,233.19131,0,232.08691,-1,233.79459
115,0,12.13866,65,2,0,232.75988,21,233.19131,0,232.08691,-1,233.79459
116,0,12.13866,65,2,0,232.75988,17,233.19131,0,232.08691,-1,233.79459
117,0,12.13866,47,2,0,232.75988,17,233.19131,0,232.08691,-1,233.79459
118,0,12.13866,68,2,0,232.75988,0,233.19131,0,232.08691,-1,233.79459
119,0,12.13866,72,2,0,232.75988,0,233.19131,0,232.08691,-1,233.79459
120,0,12.13866,62,2,0,232.75988,24,233.19131,0,232.08691,-1,233.79459
121,0,12.13866,57,2,0,232.75988,1,233.19131,0,232.08691,-1,233.79459
122,0,12.13866,66,2,0,232.75988,0,233.19131,0,232.08691,-1,233.79459
123,0,12.13866,58,2,0,232.75988,0,233.19131,0,232.08691,-1,233.79459
124,0,12.13866,71,2,0,232.75988,0,233.19131,0,232.08691,-1,233.79459
125,0,12.13866,62,2,0,232.75988,22,233.19131,0,232.08691,-1,233.79459
126,0,12.13866,62,0,0,232.75988,27,233.19131,0,232.08691,-1,233.79459
127,0,12.13866,65,2,0,232.75988,3,233.19131,0,232.08691,-1,233.79459
128,0,12.13866,69,2,0,232.75988,0,233.19131,0,232.08691,-1,233.79459
129,0,12.13866,54,2,0,232.75988,4,233.19131,0,232.08691,-1,233.79459
130,0,12.13866,63,2,0,232.75988,24,233.19131,0,232.08691,-1,233.79459
131,0,12.13866,46,2,0,232.75988,22,233.19131,0,232.08691,-1,233.79459
132,0,12.13866,62,2,0,232.75988,14,233.19131,0,232.08691,-1,233.79459
133,0,12.13866,67,2,0,232.75988,24,233.19131,0,232.08691,-1,233.79459
134,0,12.13866,73,2,0,232.75988,9,233.19131,0,232.08691,-1,233.79459
135,0,12.13866,55,2,0,232.75988,24,233.19131,0,232.08691,-1,233.79459
136,0,12.13866,66,2,0,232.75988,25,233.19131,0,232.08691,-1,233.79459
137,0,12.13866,60,2,0,232.75988,0,233.19131,0,232.08691,-1,233.79459
138,0,12.13866,62,2,0,232.75988,20,233.19131,0,232.08691,-1,233.79459
139,0,12.13866,63,2,0,232.75988,24,233.19131,0,232.08691,-1,233.79459
140,0,12.13866,61,2,0,232.75988,9,233.19131,0,232.08691,-1,233.79459
141,0,12.13866,59,2,0,232.75988,13,233.19131,0,232.08691,-1,233.79459
142,0,12.13866,65,2,0,232.75988,25,233.19131,0,232.08691,-1,233.79459
143,0,12.13866,57,2,0,232.75988,0,233.19131,0,232.08691,-1,233.79459
144,0,12.13866,70,2,0,232.75988,0,233.19131,0,232.08691,-1,233.79459
145,0,12.13866,61,2,0,232.75988,24,233.19131,0,232.08691,-1,233.79459
146,0,12.13866,68,2,0,232.75988,27,233.19131,0,232.08691,-1,233.79459
147,0,12.13866,65,2,0,232.75988,17,233.19131,0,232.08691,-1,233.79459
148,0,12.13866,70,2,0,232.75988,24,233.19131,0,232.08691,-1,233.79459
149,0,12.13866,64,2,0,232.75988,0,233.19131,0,232.08691,-1,233.79459
150,0,12.13866,75,2,0,232.75988,9,233.19131,0,232.08691,-1,233.79459
151,0,12.13866,59,2,0,232.75988,27,233.19131,0,232.08691,-1,233.79459
152,0,12.13866,62,2,0,232.75988,0,233.19131,0,232.08691,-1,233.79459
153,0,12.13866,58,2,0,232.75988,23,233.19131,0,232.08691,-1,233.79459
154,0,12.13866,62,2,0,232.75988,19,233.19131,0,232.08691,-1,233.79459
155,0,12.13866,71,2,0,232.75988,24,233.19131,0,232.08691,-1,233.79459
156,0,12.13866,84,2,0,232.75988,0,233.19131,0,232.08691,-1,233.79459
157,0,12.13866,63,2,0,232.75988,1,233.19131,0,232.08691,-1,233.79459
158,0,12.13866,59,2,0,232.75988,27,233.19131,0,232.08691,-1,233.79459
159,0,12.13866,64,2,0,232.75988,27,233.19131,0,232.08691,-1,233.79459
160,0,12.13866,86,2,0,232.75988,15,233.19131,0,232.08691,-1,233.79459
161,0,12.13866,61,2,0,232.75988,15,233.19131,0,232.08691,-1,233.79459
162,0,12.13866,63,2,0,232.75988,27,233.19131,0,232.08691,-1,233.79459
163,0,12.13866,66,2,0,232.75988,20,233.19131,0,232.08691,-1,233.79459
164,0,12.13866,48,2,0,232.75988,24,233.19131,0,232.08691,-1,233.79459
165,0,12.13866,58,2,0,232.75988,22,233.19131,0,232.08691,-1,233.79459
166,0,12.13866,62,2,0,232.75988,2,233.19131,0,232.08691,-1,233.79459
167,0,12.13866,66,2,0,232.75988,0,233.19131,0,232.08691,-1,233.79459
168,0,12.13866,79,2,0,232.75988,24,233.19131,0,232.08691,-1,233.79459
169,0,12.13866,61,0,0,232.75988,3,233.19131,0,232.08691,-1,233.79459
170,0,12.13866,71,2,0,232.75988,8,233.19131,0,232.08691,-1,233.79459
171,0,12.13866,55,2,0,232.75988,24,233.19131,0,232.08691,-1,233.79459
172,0,12.13866,60,2,0,232.75988,16,233.19131,0,232.08691,-1,233.79459
173,0,12.13866,66,2,0,232.75988,14,233.19131,0,232.08691,-1,233.79459
174,0,12.13866,70,2,0,232.75988,23,233.19131,0,232.08691,-1,233.79459
175,0,12.13866,73,2,0,232.75988,17,233.19131,0,232.08691,-1,233.79459
176,0,12.13866,54,2,0,232.75988,0,233.19131,0,232.08691,-1,233.79459
177,0,12.13866,70,2,0,232.75988,0,233.19131,0,232.08691,-1,233.79459
178,0,12.13866,56,2,0,232.75988,27,233.19131,0,232.08691,-1,233.79459
179,0,12.13866,57,2,0,232.75988,24,233.19131,0,232.08691,-1,233.79459
180,0,12.13866,62,2,0,232.75988,17,233.19131,0,232.08691,-1,233.79459
181,0,12.13866,64,2,0,232.75988,22,233.19131,0,232.08691,-1,233.79459
182,0,12.13866,60,2,0,232.75988,25,233.19131,0,232.08691,-1,233.79459
183,0,12.13866,70,2,0,232.75988,22,233.19131,0,232.08691,-1,233.79459
184,0,12.13866,61,2,0,232.75988,25,233.19131,0,232.08691,-1,233.79459
185,0,12.13866,71,0,0,232.75988,18,233.19131,0,232.08691,-1,233.79459
186,0,12.13866,64,2,0,232.75988,8,233.19131,0,232.08691,-1,233.79459
187,0,12.13866,68,2,0,232.75988,16,233.19131,0,232.08691,-1,233.79459
188,0,12.13866,73,2,0,232.75988,14,233.19131,0,232.08691,-1,233.79459
189,0,12.13866,55,2,0,232.75988,0,233.19131,0,232.08691,-1,233.79459
190,0,12.13866,64,2,0,232.75988,0,233.19131,0,232.08691,-1,233.79459
191,0,12.13866,63,0,0,232.75988,1,233.19131,0,232.08691,-1,233.79459
192,0,12.13866,60,2,0,232.75988,25,233.19131,0,232.08691,-1,233.79459
193,0,12.13866,60,2,0,232.75988,25,233.19131,0,232.08691,-1,233.79459
194,0,12.13866,59,2,0,232.75988,4,233.19131,0,232.08691,-1,233.79459
195,0,12.13866,58,2,0,232.75988,4,233.19131,0,232.08691,-1,233.79459
196,0,12.13866,83,2,0,232.75988,23,233.19131,0,232.08691,-1,233.79459
197,0,12.13866,53,2,0,232.75988,20,233.19131,0,232.08691,-1,233.79459
198,0,12.13866,61,2,0,232.75988,9,233.19131,0,232.08691,-1,233.79459
199,0,12.13866,63,2,0,232.75988,24,233.19131,0,232.08691,-1,233.79459
200,0,12.13866,71,2,0,232.75988,23,233.19131,0,232.08691,-1,233.79459
201,0,12.13866,69,2,0,232.75988,24,233.19131,0,232.08691,-1,233.79459
202,0,12.13866,68,2,0,232.75988,0,233.19131,0,232.08691,-1,233.79459
203,0,12.13866,68,2,0,232.75988,18,233.19131,0,232.08691,-1,233.79459
204,0,12.13866,57,2,0,232.75988,25,233.19131,0,232.08691,-1,233.79459
205,0,12.13866,68,2,0,232.75988,27,233.19131,0,232.08691,-1,233.79459
206,0,12.13866,54,2,0,232.75988,9,233.19131,0,232.08691,-1,233.79459
207,0,12.13866,54,2,0,232.75988,24,233.19131,0,232.08691,-1,233.79459
208,0,12.13866,49,2,0,232.75988,25,233.19131,0,232.08691,-1,233.79459
209,0,12.13866,64,2,0,232.75988,17,233.19131,0,232.08691,-1,233.79459
210,0,12.13866,71,2,0,232.75988,24,233.19131,0,232.08691,-1,233.79459
211,0,12.13866,65,2,0,232.75988,5,233.19131,0,232.08691,-1,233.79459
212,0,12.13866,54,2,0,232.75988,26,233.19131,0,232.08691,-1,233.79459
213,0,12.13866,68,2,0,232.75988,0,233.19131,0,232.08691,-1,233.79459
214,0,12.13866,62,2,0,232.75988,9,233.19131,0,232.08691,-1,233.79459
215,0,12.13866,60,2,0,232.75988,3,233.19131,0,232.08691,-1,233.79459
216,0,12.13866,56,2,0,232.75988,24,233.19131,0,232.08691,-1,233.79459
217,0,12.13866,76,2,0,232.75988,25,233.19131,0,232.08691,-1,233.79459
218,0,12.13866,65,2,0,232.75988,18,233.19131,0,232.08691,-1,233.79459
219,0,12.13866,74,0,0,232.75988,0,233.19131,0,232.08691,-1,233.79459
220,0,12.13866,76,2,0,232.75988,6,233.19131,0,232.08691,-1,233.79459
221,0,12.13866,61,2,0,232.75988,23,233.19131,0,232.08691,-1,233.79459
222,0,12.13866,67,2,0,232.75988,27,233.19131,0,232.08691,-1,233.79459
223,0,12.13866,72,2,0,232.75988,0,233.19131,0,232.08691,-1,233.79459
224,0,12.13866,65,2,0,232.75988,25,233.19131,0,232.08691,-1,233.79459
225,0,12.13866,52,2,0,232.75988,24,233.19131,0,232.08691,-1,233.79459
226,0,12.13866,66,2,0,232.75988,0,233.19131,0,232.08691,-1,233.79459
227,0,12.13866,74,2,0,232.75988,13,233.19131,0,232.08691,-1,233.79459
228,0,12.13866,62,2,0,232.75988,18,233.19131,0,232.08691,-1,233.79459
229,0,12.13866,61,2,0,232.75988,3,233.19131,0,232.08691,-1,233.79459
230,0,12.13866,62,2,0,232.75988,18,233.19131,0,232.08691,-1,233.79459
231,0,12.13866,62,2,0,232.75988,24,233.19131,0,232.08691,-1,233.79459
232,0,12.13866,59,2,0,232.75988,4,233.19131,0,232.08691,-1,233.79459
233,0,12.13866,68,2,0,232.75988,23,233.19131,0,232.08691,-1,233.79459
234,0,12.13866,57,2,0,232.75988,5,233.19131,0,232.08691,-1,233.79459
235,0,12.13866,63,2,0,232.75988,0,233.19131,0,232.08691,-1,233.79459
236,0,12.13866,65,2,0,232.75988,27,233.19131,0,232.08691,-1,233.79459
237,0,12.13866,63,2,0,232.75988,13,233.19131,0,232.08691,-1,233.79459
238,0,12.13866,78,2,0,232.75988,27,233.19131,0,232.08691,-1,233.79459
239,0,12.13866,51,2,0,232.75988,0,233.19131,0,232.08691,-1,233.79459
240,0,12.13866,61,2,0,232.75988,24,233.19131,0,232.08691,-1,233.79459
241,0,12.13866,66,2,0,232.75988,0,233.19131,0,232.08691,-1,233.79459
242,0,12.13866,57,2,0,232.75988,18,233.19131,0,232.08691,-1,233.79459
243,0,12.13866,65,2,0,232.75988,0,233.19131,0,232.08691,-1,233.79459
244,0,12.13866,64,2,0,232.75988,0,233.19131,0,232.08691,-1,233.79459
245,0,12.13866,54,2,0,232.75988,14,233.19131,0,232.08691,-1,233.79459
246,0,12.13866,72,1,0,232.75988,0,233.19131,0,232.08691,-1,233.79459
247,0,12.13866,69,2,0,232.75988,11,233.19131,0,232.08691,-1,233.79459
248,0,12.13866,62,2,0,232.75988,19,233.19131,0,232.08691,-1,233.79459
249,0,12.13866,52,2,0,232.75988,19,233.19131,0,232.08691,-1,233.79459
250,0,12.13866,55,2,0,232.75988,24,233.19131,0,232.08691,-1,233.79459
251,0,12.13866,61,2,0,232.75988,24,233.19131,0,232.08691,-1,233.79459
252,0,12.13866,67,2,0,232.75988,24,233.19131,0,232.08691,-1,233.79459
253,0,12.13866,58,2,0,232.75988,24,233.19131,0,232.08691,-1,233.79459
254,0,12.13866,61,2,0,232.75988,24,233.19131,0,232.08691,-1,233.79459
255,0,12.13866,57,2,0,232.75988,1,233.19131,0,232.08691,-1,233.79459
256,0,12.13866,63,2,0,232.75988,24,233.19131,0,232.08691,-1,233.79459
257,0,12.13866,60,2,0,232.75988,20,233.19131,0,232.08691,-1,233.79459
258,0,12.13866,66,2,0,232.75988,0,233.19131,0,232.08691,-1,233.79459
259,0,12.13866,68,2,0,232.75988,24,233.19131,0,232.08691,-1,233.79459
260,0,12.13866,65,2,0,232.75988,24,233.19131,0,232.08691,-1,233.79459
261,0,12.13866,68,2,0,232.75988,24,233.19131,0,232.08691,-1,233.79459
262,0,12.13866,56,2,0,232.75988,19,233.19131,0,232.08691,-1,233.79459
263,0,12.13866,76,2,0,232.75988,5,233.19131,0,232.08691,-1,233.79459
264,0,12.13866,69,2,0,232.75988,25,233.19131,0,232.08691,-1,233.79459
265,0,12.13866,55,2,0,232.75988,24,233.19131,0,232.08691,-1,233.79459
266,0,12.13866,75,2,0,232.75988,24,233.19131,0,232.08691,-1,233.79459
267,0,12.13866,53,2,0,232.75988,24,233.19131,0,232.08691,-1,233.79459
268,0,12.13866,57,2,0,232.75988,8,233.19131,0,232.08691,-1,233.79459
269,0,12.13866,81,2,0,232.75988,21,233.19131,0,232.08691,-1,233.79459
270,0,12.13866,67,2,0,232.75988,3,233.19131,0,232.08691,-1,233.79459
271,0,12.13866,55,2,0,232.75988,0,233.19131,0,232.08691,-1,233.79459
272,0,12.13866,59,2,0,232.75988,22,233.19131,0,232.08691,-1,233.79459
273,0,12.13866,61,2,0,232.75988,24,233.19131,0,232.08691,-1,233.79459
274,0,12.13866,67,2,0,232.75988,14,233.19131,0,232.08691,-1,233.79459
275,0,12.13866,55,2,0,232.75988,0,233.19131,0,232.08691,-1,233.79459
276,0,12.13866,62,2,0,232.75988,0,233.19131,0,232.08691,-1,233.79459
277,0,12.13866,57,2,0,232.75988,24,233.19131,0,232.08691,-1,233.79459
278,0,12.13866,58,2,0,232.75988,27,233.19131,0,232.08691,-1,233.79459
279,0,12.13866,58,0,0,232.75988,24,233.19131,0,232.08691,-1,233.79459
280,0,12.13866,64,2,0,232.75988,0,233.19131,0,232.08691,-1,233.79459
281,0,12.13866,69,2,0,232.75988,20,233.19131,0,232.08691,-1,233.79459
282,0,12.13866,74,2,0,232.75988,0,233.19131,0,232.08691,-1,233.79459
283,0,12.13866,51,2,0,232.75988,3,233.19131,0,232.08691,-1,233.79459
284,0,12.13866,57,2,0,232.75988,27,233.19131,0,232.08691,-1,233.79459
285,0,12.13866,50,2,0,232.75988,21,233.19131,0,232.08691,-1,233.79459
286,0,12.13866,78,2,0,232.75988,7,233.19131,0,232.08691,-1,233.79459
287,0,12.13866,54,2,0,232.75988,1,233.19131,0,232.08691,-1,233.79459
288,0,12.13866,69,2,0,232.75988,9,233.19131,0,232.08691,-1,233.79459
289,0,12.13866,58,2,0,232.75988,5,233.19131,0,232.08691,-1,233.79459
290,0,12.13866,71,2,0,232.75988,21,233.19131,0,232.08691,-1,233.79459
291,0,12.13866,63,2,0,232.75988,6,233.19131,0,232.08691,-1,233.79459
292,0,12.13866,56,2,0,232.75988,24,233.19131,0,232.08691,-1,233.79459
293,0,12.13866,56,2,0,232.75988,18,233.19131,0,232.08691,-1,233.79459
294,0,12.13866,61,2,0,232.75988,22,233.19131,0,232.08691,-1,233.79459
295,0,12.13866,60,2,0,232.75988,24,233.19131,0,232.08691,-1,233.79459
296,0,12.13866,59,0,0,232.75988,19,233.19131,0,232.08691,-1,233.79459
297,0,12.13866,71,2,0,232.75988,24,233.19131,0,232.08691,-1,233.79459
298,0,12.13866,50,2,0,232.75988,24,233.19131,0,232.08691,-1,233.79459
299,0,12.13866,81,2,0,232.75988,25,233.19131,0,232.08691,-1,233.79459
300,0,12.13866,72,2,0,232.75988,0,233.19131,0,232.08691,-1,233.79459
301,0,12.13866,60,2,0,232.75988,0,233.19131,0,232.08691,-1,233.79459
302,0,12.13866,56,2,0,232.75988,0,233.19131,0,232.08691,-1,233.79459
303,0,12.13866,77,2,0,232.75988,23,233.19131,0,232.08691,-1,233.79459
304,0,12.13866,68,2,0,232.75988,15,233.19131,0,232.08691,-1,233.79459
305,0,12.13866,61,2,0,232.75988,25,233.19131,0,232.08691,-1,233.79459
306,0,12.13866,46,2,0,232.75988,4,233.19131,0,232.08691,-1,233.79459
307,0,12.13866,69,2,0,232.75988,5,233.19131,0,232.08691,-1,233.79459
308,0,12.13866,58,2,0,232.75988,0,233.19131,0,232.08691,-1,233.79459
309,0,12.13866,76,2,0,232.75988,26,233.19131,0,232.08691,-1,233.79459
310,0,12.13866,66,2,0,232.75988,18,233.19131,0,232.08691,-1,233.79459
311,0,12.13866,77,2,0,232.75988,24,233.19131,0,232.08691,-1,233.79459
312,0,12.13866,66,2,0,232.75988,0,233.19131,0,232.08691,-1,233.79459
313,0,12.13866,70,2,0,232.75988,9,233.19131,0,232.08691,-1,233.79459
314,0,12.13866,66,2,0,232.75988,5,233.19131,0,232.08691,-1,233.79459
315,0,12.13866,56,2,0,232.75988,8,233.19131,0,232.08691,-1,233.79459
316,0,12.13866,69,2,0,232.75988,27,233.19131,0,232.08691,-1,233.79459
317,0,12.13866,64,2,0,232.75988,22,233.19131,0,232.08691,-1,233.79459
318,0,12.13866,53,2,0,232.75988,25,233.19131,0,232.08691,-1,233.79459
319,0,12.13866,60,2,0,232.75988,0,233.19131,0,232.08691,-1,233.79459
320,0,12.13866,69,2,0,232.75988,0,233.19131,0,232.08691,-1,233.79459
321,0,12.13866,82,2,0,232.75988,0,233.19131,0,232.08691,-1,233.79459
322,0,12.13866,55,2,0,232.75988,24,233.19131,0,232.08691,-1,233.79459
323,0,12.13866,71,2,0,232.75988,0,233.19131,0,232.08691,-1,233.79459
324,0,12.13866,54,2,0,232.75988,9,233.19131,0,232.08691,-1,233.79459
325,0,12.13866,61,2,0,232.75988,17,233.19131,0,232.08691,-1,233.79459
326,0,12.13866,72,2,0,232.75988,2,233.19131,0,232.08691,-1,233.79459
327,0,12.13866,62,2,0,232.75988,0,233.19131,0,232.08691,-1,233.79459
328,0,12.13866,64,2,0,232.75988,16,233.19131,0,232.08691,-1,233.79459
329,0,12.13866,81,2,0,232.75988,22,233.19131,0,232.08691,-1,233.79459
330,0,12.13866,58,2,0,232.75988,22,233.19131,0,232.08691,-1,233.79459
331,0,12.13866,63,2,0,232.75988,0,233.19131,0,232.08691,-1,233.79459
332,0,12.13866,69,2,0,232.75988,22,233.19131,0,232.08691,-1,233.79459
333,0,12.13866,58,2,0,232.75988,26,233.19131,0,232.08691,-1,233.79459
334,0,12.13866,60,0,0,232.75988,0,233.19131,0,232.08691,-1,233.79459
335,0,12.13866,62,2,0,232.75988,21,233.19131,0,232.08691,-1,233.79459
336,0,12.13866,72,2,0,232.75988,27,233.19131,0,232.08691,-1,233.79459
337,0,12.13866,68,2,0,232.75988,25,233.19131,0,232.08691,-1,233.79459
338,0,12.13866,76,2,0,232.75988,11,233.19131,0,232.08691,-1,233.79459
339,0,12.13866,68,2,0,232.75988,0,233.19131,0,232.08691,-1,233.79459
340,0,12.13866,73,2,0,232.75988,26,233.19131,0,232.08691,-1,233.79459
341,0,12.13866,79,2,0,232.75988,24,233.19131,0,232.08691,-1,233.79459
342,0,12.13866,55,2,0,232.75988,24,233.19131,0,232.08691,-1,233.79459
343,0,12.13866,68,2,0,232.75988,0,233.19131,0,232.08691,-1,233.79459
344,0,12.13866,67,2,0,232.75988,4,233.19131,0,232.08691,-1,233.79459
345,0,12.13866,71,2,0,232.75988,23,233.19131,0,232.08691,-1,233.79459
346,0,12.13866,77,2,0,232.75988,0,233.19131,0,232.08691,-1,233.79459
347,0,12.13866,72,2,0,232.75988,25,233.19131,0,232.08691,-1,233.79459
348,0,12.13866,61,2,0,232.75988,24,233.19131,0,232.08691,-1,233.79459
349,0,12.13866,64,2,0,232.75988,19,233.19131,0,232.08691,-1,233.79459
350,0,12.13866,61,2,0,232.75988,0,233.19131,0,232.08691,-1,233.79459
351,0,12.13866,66,2,0,232.75988,27,233.19131,0,232.08691,-1,233.79459
352,0,12.13866,60,2,0,232.75988,19,233.19131,0,232.08691,-1,233.79459
353,0,12.13866,65,2,0,232.75988,25,233.19131,0,232.08691,-1,233.79459
354,0,12.13866,65,2,0,232.75988,1,233.19131,0,232.08691,-1,233.79459
355,0,12.13866,70,2,0,232.75988,4,233.19131,0,232.08691,-1,233.79459
356,0,12.13866,80,2,0,232.75988,24,233.19131,0,232.08691,-1,233.79459
357,0,12.13866,74,2,0,232.75988,25,233.19131,0,232.08691,-1,233.79459
358,0,12.13866,57,2,0,232.75988,20,233.19131,0,232.08691,-1,233.79459
359,0,12.13866,67,2,0,232.75988,25,233.19131,0,232.08691,-1,233.79459
360,0,12.13866,59,2,0,232.75988,0,233.19131,0,232.08691,-1,233.79459
361,0,12.13866,65,2,0,232.75988,0,233.19131,0,232.08691,-1,233.79459
362,0,12.13866,77,2,0,232.75988,1,233.19131,0,232.08691,-1,233.79459
363,0,12.13866,64,2,0,232.75988,5,233.19131,0,232.08691,-1,233.79459
364,0,12.13866,60,2,0,232.75988,0,233.19131,0,232.08691,-1,233.79459
365,0,12.13866,60,2,0,232.75988,0,233.19131,0,232.08691,-1,233.79459
366,0,12.13866,62,2,0,232.75988,4,233.19131,0,232.08691,-1,233.79459
367,0,12.13866,79,2,0,232.75988,6,233.19131,0,232.08691,-1,233.79459
368,0,12.13866,64,2,0,232.75988,25,233.19131,0,232.08691,-1,233.79459
369,0,12.13866,70,2,0,232.75988,23,233.19131,0,232.08691,-1,233.79459
370,0,12.13866,66,2,0,232.75988,24,233.19131,0,232.08691,-1,233.79459
371,0,12.13866,57,2,0,232.75988,6,233.19131,0,232.08691,-1,233.79459
372,0,12.13866,60,2,0,232.75988,25,233.19131,0,232.08691,-1,233.79459
373,0,12.13866,70,2,0,232.75988,6,233.19131,0,232.08691,-1,233.79459
374,0,12.13866,73,2,0,232.75988,0,233.19131,0,232.08691,-1,233.79459
375,0,12.13866,63,2,0,232.75988,0,233.19131,0,232.08691,-1,233.79459
376,0,12.13866,64,2,0,232.75988,24,233.19131,0,232.08691,-1,233.79459
377,0,12.13866,49,2,0,232.75988,23,233.19131,0,232.08691,-1,233.79459
378,0,12.13866,59,2,0,232.75988,0,233.19131,0,232.08691,-1,233.79459
379,0,12.13866,58,2,0,232.75988,24,233.19131,0,232.08691,-1,233.79459
380,0,12.13866,60,2,0,232.75988,0,233.19131,0,232.08691,-1,233.79459
381,0,12.13866,65,2,0,232.75988,0,233.19131,0,232.08691,-1,233.79459
382,0,12.13866,59,2,0,232.75988,14,233.19131,0,232.08691,-1,233.79459
383,0,12.13866,66,2,0,232.75988,24,233.19131,0,232.08691,-1,233.79459
384,0,12.13866,59,2,0,232.75988,6,233.19131,0,232.08691,-1,233.79459
385,0,12.13866,67,2,0,232.75988,24,233.19131,0,232.08691,-1,233.79459
386,0,12.13866,62,2,0,232.75988,0,233.19131,0,232.08691,-1,233.79459
387,0,12.13866,64,2,0,232.75988,6,233.19131,0,232.08691,-1,233.79459
388,0,12.13866,55,2,0,232.75988,6,233.19131,0,232.08691,-1,233.79459
389,0,12.13866,51,2,0,232.75988,24,233.19131,0,232.08691,-1,233.79459
390,0,12.13866,54,2,0,232.75988,14,233.19131,0,232.08691,-1,233.79459
391,0,12.13866,54,2,0,232.75988,0,233.19131,0,232.08691,-1,233.79459
392,0,12.13866,61,2,0,232.75988,24,233.19131,0,232.08691,-1,233.79459
393,0,12.13866,62,2,0,232.75988,5,233.19131,0,232.08691,-1,233.79459
394,0,12.13866,58,2,0,232.75988,24,233.19131,0,232.08691,-1,233.79459
395,0,12.13866,56,2,0,232.75988,22,233.19131,0,232.08691,-1,233.79459
396,0,12.13866,57,2,0,232.75988,0,233.19131,0,232.08691,-1,233.79459
397,0,12.13866,58,2,0,232.75988,21,233.19131,0,232.08691,-1,233.79459
398,0,12.13866,65,2,0,232.75988,24,233.19131,0,232.08691,-1,233.79459
399,0,12.13866,70,0,0,232.75988,27,233.19131,0,232.08691,-1,233.79459
400,1,12.13866,36,1,0,232.75988,14,233.19131,0,232.08691,-1,233.79459
401,1,12.13866,44,1,0,232.75988,0,233.19131,0,232.08691,-1,233.79459
402,1,12.13866,56,1,0,232.75988,17,233.19131,0,232.08691,-1,233.79459
403,1,12.13866,53,1,0,232.75988,17,233.19131,0,232.08691,-1,233.79459
404,1,12.13866,29,1,0,232.75988,24,233.19131,0,232.08691,-1,233.79459
405,1,12.13866,39,1,0,232.75988,15,233.19131,0,232.08691,-1,233.79459
406,1,12.13866,48,1,0,232.75988,1,233.19131,0,232.08691,-1,233.79459
407,1,12.13866,41,1,0,232.75988,24,233.19131,0,232.08691,-1,233.79459
408,1,12.13866,57,0,0,232.75988,19,233.19131,0,232.08691,-1,233.79459
409,1,12.13866,35,1,0,232.75988,25,233.19131,0,232.08691,-1,233.79459
410,1,12.13866,53,1,0,232.75988,0,233.19131,0,232.08691,-1,233.79459
411,1,12.13866,46,1,0,232.75988,0,233.19131,0,232.08691,-1,233.79459
412,1,12.13866,46,1,0,232.75988,16,233.19131,0,232.08691,-1,233.79459
413,1,12.13866,54,1,0,232.75988,2,233.19131,0,232.08691,-1,233.79459
414,1,12.13866,41,1,0,232.75988,3,233.19131,0,232.08691,-1,233.79459
415,1,12.13866,47,1,0,232.75988,4,233.19131,0,232.08691,-1,233.79459
416,1,12.13866,55,1,0,232.75988,25,233.19131,0,232.08691,-1,233.79459
417,1,12.13866,44,1,0,232.75988,0,233.19131,0,232.08691,-1,233.79459
418,1,12.13866,53,1,0,232.75988,27,233.19131,0,232.08691,-1,233.79459
419,1,12.13866,37,1,0,232.75988,25,233.19131,0,232.08691,-1,233.79459
420,1,12.13866,46,1,0,232.75988,27,233.19131,0,232.08691,-1,233.79459
421,1,12.13866,29,1,0,232.75988,5,233.19131,0,232.08691,-1,233.79459
422,1,12.13866,45,1,0,232.75988,3,233.19131,0,232.08691,-1,233.79459
423,1,12.13866,47,1,0,232.75988,17,233.19131,0,232.08691,-1,233.79459
424,1,12.13866,58,1,0,232.75988,20,233.19131,0,232.08691,-1,233.79459
425,1,12.13866,52,1,0,232.75988,24,233.19131,0,232.08691,-1,233.79459
426,1,12.13866,32,1,0,232.75988,5,233.19131,0,232.08691,-1,233.79459
427,1,12.13866,41,1,0,232.75988,7,233.19131,0,232.08691,-1,233.79459
428,1,12.13866,45,1,0,232.75988,24,233.19131,0,232.08691,-1,233.79459
429,1,12.13866,36,1,0,232.75988,6,233.19131,0,232.08691,-1,233.79459
430,1,12.13866,53,1,0,232.75988,0,233.19131,0,232.08691,-1,233.79459
431,1,12.13866,48,1,0,232.75988,26,233.19131,0,232.08691,-1,233.79459
432,1,12.13866,43,1,0,232.75988,5,233.19131,0,232.08691,-1,233.79459
433,1,12.13866,46,1,0,232.75988,0,233.19131,0,232.08691,-1,233.79459
434,1,12.13866,39,1,0,232.75988,19,233.19131,0,232.08691,-1,233.79459
435,1,12.13866,42,1,0,232.75988,4,233.19131,0,232.08691,-1,233.79459
436,1,12.13866,42,1,0,232.75988,0,233.19131,0,232.08691,-1,233.79459
437,1,12.13866,45,1,0,232.75988,24,233.19131,0,232.08691,-1,233.79459
438,1,12.13866,41,1,0,232.75988,13,233.19131,0,232.08691,-1,233.79459
439,1,12.13866,37,1,0,232.75988,14,233.19131,0,232.08691,-1,233.79459
440,1,12.13866,43,1,0,232.75988,24,233.19131,0,232.08691,-1,233.79459
441,1,12.13866,43,1,0,232.75988,0,233.19131,0,232.08691,-1,233.79459
442,1,12.13866,48,1,0,232.75988,6,233.19131,0,232.08691,-1,233.79459
443,1,12.13866,51,1,0,232.75988,0,233.19131,0,232.08691,-1,233.79459
444,1,12.13866,47,1,0,232.75988,7,233.19131,0,232.08691,-1,233.79459
445,1,12.13866,40,1,0,232.75988,24,233.19131,0,232.08691,-1,233.79459
446,1,12.13866,52,1,0,232.75988,0,233.19131,0,232.08691,-1,233.79459
447,1,12.13866,35,1,0,232.75988,7,233.19131,0,232.08691,-1,233.79459
448,1,12.13866,46,1,0,232.75988,0,233.19131,0,232.08691,-1,233.79459
449,1,12.13866,61,1,0,232.75988,0,233.19131,0,232.08691,-1,233.79459
450,1,12.13866,51,1,0,232.75988,6,233.19131,0,232.08691,-1,233.79459
451,1,12.13866,45,1,0,232.75988,21,233.19131,0,232.08691,-1,233.79459
452,1,12.13866,48,1,0,232.75988,24,233.19131,0,232.08691,-1,233.79459
453,1,12.13866,40,1,0,232.75988,24,233.19131,0,232.08691,-1,233.79459
454,1,12.13866,51,1,0,232.75988,0,233.19131,0,232.08691,-1,233.79459
455,1,12.13866,43,1,0,232.75988,2,233.19131,0,232.08691,-1,233.79459
456,1,12.13866,52,1,0,232.75988,14,233.19131,0,232.08691,-1,233.79459
457,1,12.13866,51,1,0,232.75988,5,233.19131,0,232.08691,-1,233.79459
458,1,12.13866,47,1,0,232.75988,20,233.19131,0,232.08691,-1,233.79459
459,1,12.13866,49,1,0,232.75988,0,233.19131,0,232.08691,-1,233.79459
460,1,12.13866,44,1,0,232.75988,0,233.19131,0,232.08691,-1,233.79459
461,1,12.13866,69,1,0,232.75988,2,233.19131,0,232.08691,-1,233.79459
462,1,12.13866,49,1,0,232.75988,25,233.19131,0,232.08691,-1,233.79459
463,1,12.13866,44,1,0,232.75988,19,233.19131,0,232.08691,-1,233.79459
464,1,12.13866,47,1,0,232.75988,24,233.19131,0,232.08691,-1,233.79459
465,1,12.13866,48,1,0,232.75988,25,233.19131,0,232.08691,-1,233.79459
466,1,12.13866,50,1,0,232.75988,4,233.19131,0,232.08691,-1,233.79459
467,1,12.13866,42,1,0,232.75988,24,233.19131,0,232.08691,-1,233.79459
468,1,12.13866,43,1,0,232.75988,8,233.19131,0,232.08691,-1,233.79459
469,1,12.13866,44,1,0,232.75988,0,233.19131,0,232.08691,-1,233.79459
470,1,12.13866,53,1,0,232.75988,25,233.19131,0,232.08691,-1,233.79459
471,1,12.13866,35,1,0,232.75988,24,233.19131,0,232.08691,-1,233.79459
472,1,12.13866,49,1,0,232.75988,1,233.19131,0,232.08691,-1,233.79459
473,1,12.13866,43,1,0,232.75988,19,233.19131,0,232.08691,-1,233.79459
474,1,12.13866,47,1,0,232.75988,11,233.19131,0,232.08691,-1,233.79459
475,1,12.13866,44,1,0,232.75988,24,233.19131,0,232.08691,-1,233.79459
476,1,12.13866,48,1,0,232.75988,9,233.19131,0,232.08691,-1,233.79459
477,1,12.13866,48,1,0,232.75988,24,233.19131,0,232.08691,-1,233.79459
478,1,12.13866,43,1,0,232.75988,15,233.19131,0,232.08691,-1,233.79459
479,1,12.13866,48,1,0,232.75988,0,233.19131,0,232.08691,-1,233.79459
480,1,12.13866,43,1,0,232.75988,20,233.19131,0,232.08691,-1,233.79459
481,1,12.13866,57,0,0,232.75988,4,233.19131,0,232.08691,-1,233.79459
482,1,12.13866,56,1,0,232.75988,8,233.19131,0,232.08691,-1,233.79459
483,1,12.13866,41,1,0,232.75988,25,233.19131,0,232.08691,-1,233.79459
484,1,12.13866,50,1,0,232.75988,24,233.19131,0,232.08691,-1,233.79459
485,1,12.13866,47,1,0,232.75988,24,233.19131,0,232.08691,-1,233.79459
486,1,12.13866,39,1,0,232.75988,6,233.19131,0,232.08691,-1,233.79459
487,1,12.13866,58,1,0,232.75988,24,233.19131,0,232.08691,-1,233.79459
488,1,12.13866,45,1,0,232.75988,0,233.19131,0,232.08691,-1,233.79459
489,1,12.13866,46,1,0,232.75988,4,233.19131,0,232.08691,-1,233.79459
490,1,12.13866,40,1,0,232.75988,0,233.19131,0,232.08691,-1,233.79459
491,1,12.13866,49,1,0,232.75988,14,233.19131,0,232.08691,-1,233.79459
492,1,12.13866,39,1,0,232.75988,5,233.19131,0,232.08691,-1,233.79459
493,1,12.13866,50,1,0,232.75988,0,233.19131,0,232.08691,-1,233.79459
494,1,12.13866,47,1,0,232.75988,25,233.19131,0,232.08691,-1,233.79459
495,1,12.13866,41,1,0,232.75988,3,233.19131,0,232.08691,-1,233.79459
496,1,12.13866,54,1,0,232.75988,25,233.19131,0,232.08691,-1,233.79459
497,1,12.13866,47,1,0,232.75988,24,233.19131,0,232.08691,-1,233.79459
498,1,12.13866,51,1,0,232.75988,0,233.19131,0,232.08691,-1,233.79459
499,1,12.13866,42,1,0,232.75988,11,233.19131,0,232.08691,-1,233.79459
500,1,12.13866,54,1,0,232.75988,0,233.19131,0,232.08691,-1,233.79459
501,1,12.13866,53,1,0,232.75988,25,233.19131,0,232.08691,-1,233.79459
502,1,12.13866,52,1,0,232.75988,4,233.19131,0,232.08691,-1,233.79459
503,1,12.13866,53,1,0,232.75988,26,233.19131,0,232.08691,-1,233.79459
504,1,12.13866,46,1,0,232.75988,0,233.19131,0,232.08691,-1,233.79459
505,1,12.13866,42,1,0,232.75988,5,233.19131,0,232.08691,-1,233.79459
506,1,12.13866,38,1,0,232.75988,0,233.19131,0,232.08691,-1,233.79459
507,1,12.13866,55,1,0,232.75988,19,233.19131,0,232.08691,-1,233.79459
508,1,12.13866,60,1,0,232.75988,24,233.19131,0,232.08691,-1,233.79459
509,1,12.13866,58,1,0,232.75988,18,233.19131,0,232.08691,-1,233.79459
510,1,12.13866,44,1,0,232.75988,0,233.19131,0,232.08691,-1,233.79459
511,1,12.13866,31,1,0,232.75988,8,233.19131,0,232.08691,-1,233.79459
512,1,12.13866,43,1,2,232.75988,10,233.19131,2,232.08691,-1,233.79459
513,1,12.13866,35,1,0,232.75988,24,233.19131,0,232.08691,-1,233.79459
514,1,12.13866,46,1,0,232.75988,3,233.19131,0,232.08691,-1,233.79459
515,1,12.13866,40,1,0,232.75988,24,233.19131,0,232.08691,-1,233.79459
516,1,12.13866,45,1,0,232.75988,1,233.19131,0,232.08691,-1,233.79459
517,1,12.13866,45,1,0,232.75988,11,233.19131,0,232.08691,-1,233.79459
518,1,12.13866,40,1,0,232.75988,0,233.19131,0,232.08691,-1,233.79459
519,1,12.13866,48,1,0,232.75988,22,233.19131,0,232.08691,-1,233.79459
520,1,12.13866,45,1,0,232.75988,0,233.19131,0,232.08691,-1,233.79459
521,1,12.13866,51,1,0,232.75988,24,233.19131,0,232.08691,-1,233.79459
522,1,12.13866,34,1,0,232.75988,0,233.19131,0,232.08691,-1,233.79459
523,1,12.13866,40,0,0,232.75988,8,233.19131,0,232.08691,-1,233.79459
524,1,12.13866,46,1,0,232.75988,18,233.19131,0,232.08691,-1,233.79459
525,1,12.13866,51,1,0,232.75988,9,233.19131,0,232.08691,-1,233.79459
526,1,12.13866,57,1,0,232.75988,0,233.19131,0,232.08691,-1,233.79459
527,1,12.13866,38,1,0,232.75988,0,233.19131,0,232.08691,-1,233.79459
528,1,12.13866,45,1,0,232.75988,0,233.19131,0,232.08691,-1,233.79459
529,1,12.13866,50,1,0,232.75988,21,233.19131,0,232.08691,-1,233.79459
530,1,12.13866,49,1,0,232.75988,9,233.19131,0,232.08691,-1,233.79459
531,1,12.13866,55,1,0,232.75988,18,233.19131,0,232.08691,-1,233.79459
532,1,12.13866,46,1,0,232.75988,6,233.19131,0,232.08691,-1,233.79459
533,1,12.13866,37,1,0,232.75988,25,233.19131,0,232.08691,-1,233.79459
534,1,12.13866,39,1,0,232.75988,4,233.19131,0,232.08691,-1,233.79459
535,1,12.13866,50,1,0,232.75988,5,233.19131,0,232.08691,-1,233.79459
536,1,12.13866,55,1,0,232.75988,24,233.19131,0,232.08691,-1,233.79459
537,1,12.13866,48,1,0,232.75988,0,233.19131,0,232.08691,-1,233.79459
538,1,12.13866,50,1,0,232.75988,21,233.19131,0,232.08691,-1,233.79459
539,1,12.13866,40,1,0,232.75988,25,233.19131,0,232.08691,-1,233.79459
540,1,12.13866,37,1,0,232.75988,25,233.19131,0,232.08691,-1,233.79459
541,1,12.13866,53,1,0,232.75988,0,233.19131,0,232.08691,-1,233.79459
542,1,12.13866,41,1,0,232.75988,0,233.19131,0,232.08691,-1,233.79459
543,1,12.13866,42,1,0,232.75988,25,233.19131,0,232.08691,-1,233.79459
544,1,12.13866,37,1,0,232.75988,14,233.19131,0,232.08691,-1,233.79459
545,1,12.13866,32,1,0,232.75988,15,233.19131,0,232.08691,-1,233.79459
546,1,12.13866,45,1,0,232.75988,0,233.19131,0,232.08691,-1,233.79459
547,1,12.13866,49,1,0,232.75988,27,233.19131,0,232.08691,-1,233.79459
548,1,12.13866,41,1,1,232.75988,12,233.19131,1,232.08691,-1,233.79459
549,1,12.13866,42,1,0,232.75988,24,233.19131,0,232.08691,-1,233.79459
550,1,12.13866,43,1,0,232.75988,19,233.19131,0,232.08691,-1,233.79459
551,1,12.13866,40,1,0,232.75988,14,233.19131,0,232.08691,-1,233.79459
552,1,12.13866,53,1,0,232.75988,6,233.19131,0,232.08691,-1,233.79459
553,1,12.13866,42,1,0,232.75988,3,233.19131,0,232.08691,-1,233.79459
554,1,12.13866,52,1,0,232.75988,4,233.19131,0,232.08691,-1,233.79459
555,1,12.13866,41,1,0,232.75988,20,233.19131,0,232.08691,-1,233.79459
556,1,12.13866,47,1,0,232.75988,13,233.19131,0,232.08691,-1,233.79459
557,1,12.13866,50,1,0,232.75988,21,233.19131,0,232.08691,-1,233.79459
558,1,12.13866,47,1,0,232.75988,25,233.19131,0,232.08691,-1,233.79459
559,1,12.13866,42,1,0,232.75988,15,233.19131,0,232.08691,-1,233.79459
560,1,12.13866,42,1,0,232.75988,25,233.19131,0,232.08691,-1,233.79459
561,1,12.13866,42,1,0,232.75988,4,233.19131,0,232.08691,-1,233.79459
562,1,12.13866,47,1,0,232.75988,24,233.19131,0,232.08691,-1,233.79459
563,1,12.13866,43,1,0,232.75988,20,233.19131,0,232.08691,-1,233.79459
564,1,12.13866,47,1,0,232.75988,19,233.19131,0,232.08691,-1,233.79459
565,1,12.13866,40,1,0,232.75988,0,233.19131,0,232.08691,-1,233.79459
566,1,12.13866,44,1,0,232.75988,9,233.19131,0,232.08691,-1,233.79459
567,1,12.13866,50,1,0,232.75988,24,233.19131,0,232.08691,-1,233.79459
568,1,12.13866,60,1,0,232.75988,1,233.19131,0,232.08691,-1,233.79459
569,1,12.13866,55,1,0,232.75988,2,233.19131,0,232.08691,-1,233.79459
570,1,12.13866,35,1,0,232.75988,0,233.19131,0,232.08691,-1,233.79459
571,1,12.13866,56,1,0,232.75988,0,233.19131,0,232.08691,-1,233.79459
572,1,12.13866,44,1,0,232.75988,26,233.19131,0,232.08691,-1,233.79459
573,1,12.13866,49,1,0,232.75988,20,233.19131,0,232.08691,-1,233.79459
574,1,12.13866,49,1,0,232.75988,0,233.19131,0,232.08691,-1,233.79459
575,1,12.13866,38,1,0,232.75988,0,233.19131,0,232.08691,-1,233.79459
576,1,12.13866,45,1,0,232.75988,24,233.19131,0,232.08691,-1,233.79459
577,1,12.13866,55,1,0,232.75988,8,233.19131,0,232.08691,-1,233.79459
578,1,12.13866,44,1,0,232.75988,25,233.19131,0,232.08691,-1,233.79459
579,1,12.13866,50,1,0,232.75988,0,233.19131,0,232.08691,-1,233.79459
580,1,12.13866,46,1,0,232.75988,14,233.19131,0,232.08691,-1,233.79459
581,1,12.13866,51,1,0,232.75988,24,233.19131,0,232.08691,-1,233.79459
582,1,12.13866,54,1,0,232.75988,24,233.19131,0,232.08691,-1,233.79459
583,1,12.13866,40,1,0,232.75988,22,233.19131,0,232.08691,-1,233.79459
584,1,12.13866,53,1,0,232.75988,15,233.19131,0,232.08691,-1,233.79459
585,1,12.13866,40,1,0,232.75988,4,233.19131,0,232.08691,-1,233.79459
586,1,12.13866,41,1,0,232.75988,17,233.19131,0,232.08691,-1,233.79459
587,1,12.13866,53,1,0,232.75988,25,233.19131,0,232.08691,-1,233.79459
588,1,12.13866,62,1,0,232.75988,25,233.19131,0,232.08691,-1,233.79459
589,1,12.13866,36,1,0,232.75988,24,233.19131,0,232.08691,-1,233.79459
590,1,12.13866,62,1,0,232.75988,17,233.19131,0,232.08691,-1,233.79459
591,1,12.13866,50,1,0,232.75988,15,233.19131,0,232.08691,-1,233.79459
592,1,12.13866,44,1,0,232.75988,5,233.19131,0,232.08691,-1,233.79459
593,1,12.13866,56,1,0,232.75988,18,233.19131,0,232.08691,-1,233.79459
594,1,12.13866,46,1,0,232.75988,24,233.19131,0,232.08691,-1,233.79459
595,1,12.13866,54,1,0,232.75988,18,233.19131,0,232.08691,-1,233.79459
596,1,12.13866,51,1,0,232.75988,13,233.19131,0,232.08691,-1,233.79459
597,1,12.13866,48,1,0,232.75988,4,233.19131,0,232.08691,-1,233.79459
598,1,12.13866,56,0,0,232.75988,0,233.19131,0,232.08691,-1,233.79459
599,1,12.13866,44,1,0,232.75988,24,233.19131,0,232.08691,-1,233.79459
600,1,12.13866,50,1,0,232.75988,24,233.19131,0,232.08691,-1,233.79459
601,1,12.13866,49,1,0,232.75988,6,233.19131,0,232.08691,-1,233.79459
602,1,12.13866,44,1,0,232.75988,19,233.19131,0,232.08691,-1,233.79459
603,1,12.13866,52,1,0,232.75988,24,233.19131,0,232.08691,-1,233.79459
604,1,12.13866,49,1,0,232.75988,24,233.19131,0,232.08691,-1,233.79459
605,1,12.13866,46,1,0,232.75988,24,233.19131,0,232.08691,-1,233.79459
606,1,12.13866,41,1,0,232.75988,24,233.19131,0,232.08691,-1,233.79459
607,1,12.13866,53,1,0,232.75988,14,233.19131,0,232.08691,-1,233.79459
608,1,12.13866,51,1,0,232.75988,7,233.19131,0,232.08691,-1,233.79459
609,1,12.13866,52,1,0,232.75988,9,233.19131,0,232.08691,-1,233.79459
610,1,12.13866,62,1,0,232.75988,2,233.19131,0,232.08691,-1,233.79459
611,1,12.13866,39,1,0,232.75988,0,233.19131,0,232.08691,-1,233.79459
612,1,12.13866,43,1,0,232.75988,24,233.19131,0,232.08691,-1,233.79459
613,1,12.13866,54,1,0,232.75988,0,233.19131,0,232.08691,-1,233.79459
614,1,12.13866,48,1,0,232.75988,0,233.19131,0,232.08691,-1,233.79459
615,1,12.13866,52,1,0,232.75988,0,233.19131,0,232.08691,-1,233.79459
616,1,12.13866,40,1,0,232.75988,15,233.19131,0,232.08691,-1,233.79459
617,1,12.13866,54,0,0,232.75988,19,233.19131,0,232.08691,-1,233.79459
618,1,12.13866,46,1,0,232.75988,25,233.19131,0,232.08691,-1,233.79459
619,1,12.13866,46,1,0,232.75988,0,233.19131,0,232.08691,-1,233.79459
620,1,12.13866,59,0,0,232.75988,18,233.19131,0,232.08691,-1,233.79459
621,1,12.13866,49,1,0,232.75988,25,233.19131,0,232.08691,-1,233.79459
622,1,12.13866,48,1,0,232.75988,2,233.19131,0,232.08691,-1,233.79459
623,1,12.13866,47,1,0,232.75988,25,233.19131,0,232.08691,-1,233.79459
624,1,12.13866,48,1,0,232.75988,2,233.19131,0,232.08691,-1,233.79459
625,1,12.13866,44,1,0,232.75988,22,233.19131,0,232.08691,-1,233.79459
626,1,12.13866,46,1,0,232.75988,3,233.19131,0,232.08691,-1,233.79459
627,1,12.13866,43,1,0,232.75988,8,233.19131,0,232.08691,-1,233.79459
628,1,12.13866,42,1,0,232.75988,0,233.19131,0,232.08691,-1,233.79459
629,1,12.13866,64,1,0,232.75988,23,233.19131,0,232.08691,-1,233.79459
630,1,12.13866,41,1,0,232.75988,16,233.19131,0,232.08691,-1,233.79459
631,1,12.13866,44,1,0,232.75988,20,233.19131,0,232.08691,-1,233.79459
632,1,12.13866,42,1,0,232.75988,24,233.19131,0,232.08691,-1,233.79459
633,1,12.13866,57,1,0,232.75988,14,233.19131,0,232.08691,-1,233.79459
634,1,12.13866,54,1,0,232.75988,1,233.19131,0,232.08691,-1,233.79459
635,1,12.13866,51,1,0,232.75988,24,233.19131,0,232.08691,-1,233.79459
636,1,12.13866,36,1,0,232.75988,24,233.19131,0,232.08691,-1,233.79459
637,1,12.13866,49,1,0,232.75988,19,233.19131,0,232.08691,-1,233.79459
638,1,12.13866,56,1,0,232.75988,24,233.19131,0,232.08691,-1,233.79459
639,1,12.13866,35,1,0,232.75988,26,233.19131,0,232.08691,-1,233.79459
640,1,12.13866,46,1,0,232.75988,24,233.19131,0,232.08691,-1,233.79459
641,1,12.13866,49,1,0,232.75988,24,233.19131,0,232.08691,-1,233.79459
642,1,12.13866,46,1,0,232.75988,25,233.19131,0,232.08691,-1,233.79459
643,1,12.13866,51,1,0,232.75988,0,233.19131,0,232.08691,-1,233.79459
644,1,12.13866,45,1,0,232.75988,16,233.19131,0,232.08691,-1,233.79459
645,1,12.13866,45,1,0,232.75988,14,233.19131,0,232.08691,-1,233.79459
646,1,12.13866,47,1,0,232.75988,0,233.19131,0,232.08691,-1,233.79459
647,1,12.13866,44,1,0,232.75988,25,233.19131,0,232.08691,-1,233.79459
648,1,12.13866,40,1,0,232.75988,0,233.19131,0,232.08691,-1,233.79459
649,1,12.13866,47,1,0,232.75988,24,233.19131,0,232.08691,-1,233.79459
650,1,12.13866,55,1,0,232.75988,27,233.19131,0,232.08691,-1,233.79459
651,1,12.13866,47,1,0,232.75988,25,233.19131,0,232.08691,-1,233.79459
652,1,12.13866,44,1,0,232.75988,0,233.19131,0,232.08691,-1,233.79459
653,1,12.13866,39,1,0,232.75988,0,233.19131,0,232.08691,-1,233.79459
654,1,12.13866,40,1,0,232.75988,0,233.19131,0,232.08691,-1,233.79459
655,1,12.13866,52,1,0,232.75988,19,233.19131,0,232.08691,-1,233.79459
656,1,12.13866,46,1,0,232.75988,3,233.19131,0,232.08691,-1,233.79459
657,1,12.13866,41,1,0,232.75988,18,233.19131,0,232.08691,-1,233.79459
658,1,12.13866,41,1,0,232.75988,4,233.19131,0,232.08691,-1,233.79459
659,1,12.13866,42,1,0,232.75988,21,233.19131,0,232.08691,-1,233.79459
660,1,12.13866,38,1,0,232.75988,0,233.19131,0,232.08691,-1,233.79459
661,1,12.13866,47,1,0,232.75988,15,233.19131,0,232.08691,-1,233.79459
662,1,12.13866,40,1,0,232.75988,0,233.19131,0,232.08691,-1,233.79459
663,1,12.13866,56,1,0,232.75988,25,233.19131,0,232.08691,-1,233.79459
664,1,12.13866,56,1,0,232.75988,24,233.19131,0,232.08691,-1,233.79459
665,1,12.13866,41,1,0,232.75988,0,233.19131,0,232.08691,-1,233.79459
666,1,12.13866,44,1,0,232.75988,14,233.19131,0,232.08691,-1,233.79459
667,1,12.13866,43,1,0,232.75988,16,233.19131,0,232.08691,-1,233.79459
668,1,12.13866,52,1,0,232.75988,25,233.19131,0,232.08691,-1,233.79459
669,1,12.13866,43,1,0,232.75988,22,233.19131,0,232.08691,-1,233.79459
670,1,12.13866,52,1,0,232.75988,19,233.19131,0,232.08691,-1,233.79459
671,1,12.13866,37,1,0,232.75988,7,233.19131,0,232.08691,-1,233.79459
672,1,12.13866,54,1,0,232.75988,17,233.19131,0,232.08691,-1,233.79459
673,1,12.13866,38,1,0,232.75988,25,233.19131,0,232.08691,-1,233.79459
674,1,12.13866,41,1,0,232.75988,24,233.19131,0,232.08691,-1,233.79459
675,1,12.13866,50,1,0,232.75988,15,233.19131,0,232.08691,-1,233.79459
676,1,12.13866,46,1,0,232.75988,18,233.19131,0,232.08691,-1,233.79459
677,1,12.13866,41,1,0,232.75988,24,233.19131,0,232.08691,-1,233.79459
678,1,12.13866,53,1,0,232.75988,8,233.19131,0,232.08691,-1,233.79459
679,1,12.13866,33,1,0,232.75988,13,233.19131,0,232.08691,-1,233.79459
680,1,12.13866,41,1,0,232.75988,0,233.19131,0,232.08691,-1,233.79459
681,1,12.13866,40,1,0,232.75988,24,233.19131,0,232.08691,-1,233.79459
682,1,12.13866,42,1,0,232.75988,18,233.19131,0,232.08691,-1,233.79459
683,1,12.13866,55,1,0,232.75988,24,233.19131,0,232.08691,-1,233.79459
684,1,12.13866,42,1,0,232.75988,24,233.19131,0,232.08691,-1,233.79459
685,1,12.13866,42,1,0,232.75988,20,233.19131,0,232.08691,-1,233.79459
686,1,12.13866,51,1,0,232.75988,11,233.19131,0,232.08691,-1,233.79459
687,1,12.13866,46,1,0,232.75988,14,233.19131,0,232.08691,-1,233.79459
688,1,12.13866,50,1,0,232.75988,20,233.19131,0,232.08691,-1,233.79459
689,1,12.13866,41,1,0,232.75988,18,233.19131,0,232.08691,-1,233.79459
690,1,12.13866,50,1,0,232.75988,24,233.19131,0,232.08691,-1,233.79459
691,1,12.13866,40,1,0,232.75988,5,233.19131,0,232.08691,-1,233.79459
692,1,12.13866,59,0,0,232.75988,25,233.19131,0,232.08691,-1,233.79459
693,1,12.13866,32,1,0,232.75988,0,233.19131,0,232.08691,-1,233.79459
694,1,12.13866,53,0,0,232.75988,24,233.19131,0,232.08691,-1,233.79459
695,1,12.13866,45,1,0,232.75988,0,233.19131,0,232.08691,-1,233.79459
696,1,12.13866,51,1,0,232.75988,26,233.19131,0,232.08691,-1,233.79459
697,1,12.13866,45,1,0,232.75988,19,233.19131,0,232.08691,-1,233.79459
698,1,12.13866,42,1,0,232.75988,20,233.19131,0,232.08691,-1,233.79459
699,1,12.13866,35,1,0,232.75988,1,233.19131,0,232.08691,-1,233.79459
700,1,12.13866,41,1,0,232.75988,24,233.19131,0,232.08691,-1,233.79459
701,1,12.13866,46,1,0,232.75988,21,233.19131,0,232.08691,-1,233.79459
702,1,12.13866,42,1,0,232.75988,24,233.19131,0,232.08691,-1,233.79459
703,1,12.13866,39,1,0,232.75988,14,233.19131,0,232.08691,-1,233.79459
704,1,12.13866,47,1,0,232.75988,25,233.19131,0,232.08691,-1,233.79459
705,1,12.13866,52,1,0,232.75988,19,233.19131,0,232.08691,-1,233.79459
706,1,12.13866,43,1,0,232.75988,20,233.19131,0,232.08691,-1,233.79459
707,1,12.13866,56,1,0,232.75988,24,233.19131,0,232.08691,-1,233.79459
708,1,12.13866,44,1,0,232.75988,0,233.19131,0,232.08691,-1,233.79459
709,1,12.13866,45,1,0,232.75988,0,233.19131,0,232.08691,-1,233.79459
710,1,12.13866,49,1,0,232.75988,24,233.19131,0,232.08691,-1,233.79459
711,1,12.13866,37,1,0,232.75988,0,233.19131,0,232.08691,-1,233.79459
712,1,12.13866,51,1,0,232.75988,24,233.19131,0,232.08691,-1,233.79459
713,1,12.13866,48,1,0,232.75988,20,233.19131,0,232.08691,-1,233.79459
714,1,12.13866,47,1,0,232.75988,0,233.19131,0,232.08691,-1,233.79459
715,1,12.13866,50,1,0,232.75988,22,233.19131,0,232.08691,-1,233.79459
716,1,12.13866,38,1,0,232.75988,3,233.19131,0,232.08691,-1,233.79459
717,1,12.13866,41,1,0,232.75988,24,233.19131,0,232.08691,-1,233.79459
718,1,12.13866,54,1,0,232.75988,17,233.19131,0,232.08691,-1,233.79459
719,1,12.13866,48,1,0,232.75988,0,233.19131,0,232.08691,-1,233.79459
720,1,12.13866,46,1,0,232.75988,5,233.19131,0,232.08691,-1,233.79459
721,1,12.13866,46,1,0,232.75988,0,233.19131,0,232.08691,-1,233.79459
722,1,12.13866,44,1,0,232.75988,4,233.19131,0,232.08691,-1,233.79459
723,1,12.13866,52,0,0,232.75988,4,233.19131,0,232.08691,-1,233.79459
724,1,12.13866,44,1,0,232.75988,24,233.19131,0,232.08691,-1,233.79459
725,1,12.13866,47,1,0,232.75988,0,233.19131,0,232.08691,-1,233.79459
726,1,12.13866,46,1,0,232.75988,17,233.19131,0,232.08691,-1,233.79459
727,1,12.13866,47,1,0,232.75988,0,233.19131,0,232.08691,-1,233.79459
728,1,12.13866,54,1,0,232.75988,3,233.19131,0,232.08691,-1,233.79459
729,1,12.13866,35,1,0,232.75988,25,233.19131,0,232.08691,-1,233.79459
730,1,12.13866,48,1,0,232.75988,3,233.19131,0,232.08691,-1,233.79459
731,1,12.13866,43,1,0,232.75988,23,233.19131,0,232.08691,-1,233.79459
732,1,12.13866,42,1,0,232.75988,0,233.19131,0,232.08691,-1,233.79459
733,1,12.13866,33,1,0,232.75988,0,233.19131,0,232.08691,-1,233.79459
734,1,12.13866,58,1,0,232.75988,0,233.19131,0,232.08691,-1,233.79459
735,1,12.13866,46,1,0,232.75988,24,233.19131,0,232.08691,-1,233.79459
736,1,12.13866,46,1,0,232.75988,24,233.19131,0,232.08691,-1,233.79459
737,1,12.13866,44,1,0,232.75988,24,233.19131,0,232.08691,-1,233.79459
738,1,12.13866,40,1,0,232.75988,17,233.19131,0,232.08691,-1,233.79459
739,1,12.13866,44,1,0,232.75988,3,233.19131,0,232.08691,-1,233.79459
740,1,12.13866,32,1,0,232.75988,24,233.19131,0,232.08691,-1,233.79459
741,1,12.13866,47,1,0,232.75988,24,233.19131,0,232.08691,-1,233.79459
742,1,12.13866,57,1,0,232.75988,24,233.19131,0,232.08691,-1,233.79459
743,1,12.13866,49,1,0,232.75988,4,233.19131,0,232.08691,-1,233.79459
744,1,12.13866,44,1,0,232.75988,25,233.19131,0,232.08691,-1,233.79459
745,1,12.13866,39,1,0,232.75988,18,233.19131,0,232.08691,-1,233.79459
746,1,12.13866,55,1,0,232.75988,24,233.19131,0,232.08691,-1,233.79459
747,1,12.13866,32,1,0,232.75988,0,233.19131,0,232.08691,-1,233.79459
748,1,12.13866,41,1,0,232.75988,24,233.19131,0,232.08691,-1,233.79459
749,1,12.13866,48,1,0,232.75988,24,233.19131,0,232.08691,-1,233.79459
750,1,12.13866,37,1,0,232.75988,24,233.19131,0,232.08691,-1,233.79459
751,1,12.13866,40,1,0,232.75988,24,233.19131,0,232.08691,-1,233.79459
752,1,12.13866,34,1,0,232.75988,25,233.19131,0,232.08691,-1,233.79459
753,1,12.13866,42,1,0,232.75988,1,233.19131,0,232.08691,-1,233.79459
754,1,12.13866,43,1,0,232.75988,27,233.19131,0,232.08691,-1,233.79459
755,1,12.13866,51,1,0,232.75988,4,233.19131,0,232.08691,-1,233.79459
756,1,12.13866,48,1,0,232.75988,5,233.19131,0,232.08691,-1,233.79459
757,1,12.13866,37,1,0,232.75988,23,233.19131,0,232.08691,-1,233.79459
758,1,12.13866,36,1,0,232.75988,7,233.19131,0,232.08691,-1,233.79459
759,1,12.13866,56,1,0,232.75988,0,233.19131,0,232.08691,-1,233.79459
760,1,12.13866,44,1,0,232.75988,27,233.19131,0,232.08691,-1,233.79459
761,1,12.13866,57,1,0,232.75988,0,233.19131,0,232.08691,-1,233.79459
762,1,12.13866,41,1,0,232.75988,24,233.19131,0,232.08691,-1,233.79459
763,1,12.13866,58,0,0,232.75988,24,233.19131,0,232.08691,-1,233.79459
764,1,12.13866,46,1,0,232.75988,9,233.19131,0,232.08691,-1,233.79459
765,1,12.13866,37,1,0,232.75988,19,233.19131,0,232.08691,-1,233.79459
766,1,12.13866,59,1,0,232.75988,0,233.19131,0,232.08691,-1,233.79459
767,1,12.13866,56,1,0,232.75988,0,233.19131,0,232.08691,-1,233.79459
768,1,12.13866,47,1,0,232.75988,7,233.19131,0,232.08691,-1,233.79459
769,1,12.13866,55,1,0,232.75988,24,233.19131,0,232.08691,-1,233.79459
770,1,12.13866,49,1,0,232.75988,0,233.19131,0,232.08691,-1,233.79459
771,1,12.13866,45,1,0,232.75988,25,233.19131,0,232.08691,-1,233.79459
772,1,12.13866,50,1,0,232.75988,11,233.19131,0,232.08691,-1,233.79459
773,1,12.13866,40,1,0,232.75988,0,233.19131,0,232.08691,-1,233.79459
774,1,12.13866,56,0,0,232.75988,1,233.19131,0,232.08691,-1,233.79459
775,1,12.13866,53,1,0,232.75988,23,233.19131,0,232.08691,-1,233.79459
776,1,12.13866,51,1,0,232.75988,24,233.19131,0,232.08691,-1,233.79459
777,1,12.13866,47,1,0,232.75988,0,233.19131,0,232.08691,-1,233.79459
778,1,12.13866,46,1,0,232.75988,14,233.19131,0,232.08691,-1,233.79459
779,1,12.13866,54,1,0,232.75988,24,233.19131,0,232.08691,-1,233.79459
780,1,12.13866,33,1,0,232.75988,19,233.19131,0,232.08691,-1,233.79459
781,1,12.13866,41,1,0,232.75988,17,233.19131,0,232.08691,-1,233.79459
782,1,12.13866,35,1,0,232.75988,0,233.19131,0,232.08691,-1,233.79459
783,1,12.13866,38,1,0,232.75988,24,233.19131,0,232.08691,-1,233.79459
784,1,12.13866,45,1,0,232.75988,25,233.19131,0,232.08691,-1,233.79459
785,1,12.13866,50,1,0,232.75988,27,233.19131,0,232.08691,-1,233.79459
786,1,12.13866,39,1,0,232.75988,26,233.19131,0,232.08691,-1,233.79459
787,1,12.13866,58,1,0,232.75988,6,233.19131,0,232.08691,-1,233.79459
788,1,12.13866,59,1,0,232.75988,18,233.19131,0,232.08691,-1,233.79459
789,1,12.13866,47,1,0,232.75988,0,233.19131,0,232.08691,-1,233.79459
790,1,12.13866,50,1,0,232.75988,6,233.19131,0,232.08691,-1,233.79459
791,1,12.13866,46,1,0,232.75988,0,233.19131,0,232.08691,-1,233.79459
792,1,12.13866,41,1,0,232.75988,26,233.19131,0,232.08691,-1,233.79459
793,1,12.13866,36,1,0,232.75988,0,233.19131,0,232.08691,-1,233.79459
794,1,12.13866,40,1,0,232.75988,14,233.19131,0,232.08691,-1,233.79459
795,1,12.13866,43,1,0,232.75988,4,233.19131,0,232.08691,-1,233.79459
796,1,12.13866,51,1,0,232.75988,18,233.19131,0,232.08691,-1,233.79459
797,1,12.13866,49,1,0,232.75988,11,233.19131,0,232.08691,-1,233.79459
798,1,12.13866,45,1,0,232.75988,22,233.19131,0,232.08691,-1,233.79459
799,1,12.13866,46,1,0,232.75988,0,233.19131,0,232.08691,-1,233.79459
800,2,12.13866,69,0,0,232.75988,17,233.19131,0,232.08691,-1,233.79459
801,2,12.13866,50,0,0,232.75988,3,233.19131,0,232.08691,-1,233.79459
802,2,12.13866,64,0,0,232.75988,24,233.19131,0,232.08691,-1,233.79459
803,2,12.13866,67,0,0,232.75988,11,233.19131,0,232.08691,-1,233.79459
804,2,12.13866,78,0,0,232.75988,0,233.19131,0,232.08691,-1,233.79459
805,2,12.13866,72,0,0,232.75988,24,233.19131,0,232.08691,-1,233.79459
806,2,12.13866,74,0,0,232.75988,24,233.19131,0,232.08691,-1,233.79459
807,2,12.13866,69,0,0,232.75988,19,233.19131,0,232.08691,-1,233.79459
808,2,12.13866,55,0,0,232.75988,8,233.19131,0,232.08691,-1,233.79459
809,2,12.13866,76,0,0,232.75988,27,233.19131,0,232.08691,-1,233.79459
810,2,12.13866,49,0,0,232.75988,24,233.19131,0,232.08691,-1,233.79459
811,2,12.13866,56,0,0,232.75988,0,233.19131,0,232.08691,-1,233.79459
812,2,12.13866,73,0,0,232.75988,4,233.19131,0,232.08691,-1,233.79459
813,2,12.13866,60,0,0,232.75988,3,233.19131,0,232.08691,-1,233.79459
814,2,12.13866,60,0,0,232.75988,24,233.19131,0,232.08691,-1,233.79459
815,2,12.13866,61,0,0,232.75988,23,233.19131,0,232.08691,-1,233.79459
816,2,12.13866,78,0,0,232.75988,0,233.19131,0,232.08691,-1,233.79459
817,2,12.13866,70,0,0,232.75988,27,233.19131,0,232.08691,-1,233.79459
818,2,12.13866,65,1,0,232.75988,0,233.19131,0,232.08691,-1,233.79459
819,2,12.13866,66,0,0,232.75988,24,233.19131,0,232.08691,-1,233.79459
820,2,12.13866,65,0,0,232.75988,20,233.19131,0,232.08691,-1,233.79459
821,2,12.13866,59,0,0,232.75988,11,233.19131,0,232.08691,-1,233.79459
822,2,12.13866,68,0,0,232.75988,3,233.19131,0,232.08691,-1,233.79459
823,2,12.13866,61,0,0,232.75988,0,233.19131,0,232.08691,-1,233.79459
824,2,12.13866,53,0,0,232.75988,3,233.19131,0,232.08691,-1,233.79459
825,2,12.13866,53,0,0,232.75988,20,233.19131,0,232.08691,-1,233.79459
826,2,12.13866,60,2,0,232.75988,26,233.19131,0,232.08691,-1,233.79459
827,2,12.13866,77,0,0,232.75988,15,233.19131,0,232.08691,-1,233.79459
828,2,12.13866,62,0,0,232.75988,24,233.19131,0,232.08691,-1,233.79459
829,2,12.13866,65,0,0,232.75988,0,233.19131,0,232.08691,-1,233.79459
830,2,12.13866,61,0,0,232.75988,20,233.19131,0,232.08691,-1,233.79459
831,2,12.13866,65,0,0,232.75988,21,233.19131,0,232.08691,-1,233.79459
832,2,12.13866,60,0,0,232.75988,24,233.19131,0,232.08691,-1,233.79459
833,2,12.13866,70,0,0,232.75988,24,233.19131,0,232.08691,-1,233.79459
834,2,12.13866,73,0,0,232.75988,24,233.19131,0,232.08691,-1,233.79459
835,2,12.13866,64,0,0,232.75988,2,233.19131,0,232.08691,-1,233.79459
836,2,12.13866,57,0,0,232.75988,26,233.19131,0,232.08691,-1,233.79459
837,2,12.13866,70,1,0,232.75988,25,233.19131,0,232.08691,-1,233.79459
838,2,12.13866,56,0,0,232.75988,0,233.19131,0,232.08691,-1,233.79459
839,2,12.13866,67,0,0,232.75988,22,233.19131,0,232.08691,-1,233.79459
840,2,12.13866,65,0,0,232.75988,22,233.19131,0,232.08691,-1,233.79459
841,2,12.13866,75,0,0,232.75988,25,233.19131,0,232.08691,-1,233.79459
842,2,12.13866,62,0,0,232.75988,17,233.19131,0,232.08691,-1,233.79459
843,2,12.13866,67,0,0,232.75988,11,233.19131,0,232.08691,-1,233.79459
844,2,12.13866,58,0,0,232.75988,24,233.19131,0,232.08691,-1,233.79459
845,2,12.13866,82,0,0,232.75988,26,233.19131,0,232.08691,-1,233.79459
846,2,12.13866,66,0,0,232.75988,24,233.19131,0,232.08691,-1,233.79459
847,2,12.13866,65,0,0,232.75988,0,233.19131,0,232.08691,-1,233.79459
848,2,12.13866,84,0,0,232.75988,27,233.19131,0,232.08691,-1,233.79459
849,2,12.13866,59,0,0,232.75988,1,233.19131,0,232.08691,-1,233.79459
850,2,12.13866,62,0,0,232.75988,24,233.19131,0,232.08691,-1,233.79459
851,2,12.13866,50,1,0,232.75988,4,233.19131,0,232.08691,-1,233.79459
852,2,12.13866,67,0,0,232.75988,24,233.19131,0,232.08691,-1,233.79459
853,2,12.13866,59,1,0,232.75988,8,233.19131,0,232.08691,-1,233.79459
854,2,12.13866,52,1,0,232.75988,0,233.19131,0,232.08691,-1,233.79459
855,2,12.13866,70,0,0,232.75988,24,233.19131,0,232.08691,-1,233.79459
856,2,12.13866,58,0,0,232.75988,0,233.19131,0,232.08691,-1,233.79459
857,2,12.13866,58,0,0,232.75988,24,233.19131,0,232.08691,-1,233.79459
858,2,12.13866,47,1,0,232.75988,18,233.19131,0,232.08691,-1,233.79459
859,2,12.13866,67,0,0,232.75988,0,233.19131,0,232.08691,-1,233.79459
860,2,12.13866,59,0,0,232.75988,24,233.19131,0,232.08691,-1,233.79459
861,2,12.13866,80,0,0,232.75988,3,233.19131,0,232.08691,-1,233.79459
862,2,12.13866,85,0,0,232.75988,27,233.19131,0,232.08691,-1,233.79459
863,2,12.13866,61,0,0,232.75988,17,233.19131,0,232.08691,-1,233.79459
864,2,12.13866,69,0,0,232.75988,11,233.19131,0,232.08691,-1,233.79459
865,2,12.13866,66,0,0,232.75988,15,233.19131,0,232.08691,-1,233.79459
866,2,12.13866,69,0,0,232.75988,25,233.19131,0,232.08691,-1,233.79459
867,2,12.13866,72,0,0,232.75988,3,233.19131,0,232.08691,-1,233.79459
868,2,12.13866,71,0,0,232.75988,3,233.19131,0,232.08691,-1,233.79459
869,2,12.13866,68,0,0,232.75988,24,233.19131,0,232.08691,-1,233.79459
870,2,12.13866,63,0,0,232.75988,25,233.19131,0,232.08691,-1,233.79459
871,2,12.13866,64,0,0,232.75988,3,233.19131,0,232.08691,-1,233.79459
872,2,12.13866,52,0,0,232.75988,6,233.19131,0,232.08691,-1,233.79459
873,2,12.13866,63,0,0,232.75988,17,233.19131,0,232.08691,-1,233.79459
874,2,12.13866,63,0,0,232.75988,3,233.19131,0,232.08691,-1,233.79459
875,2,12.13866,67,0,0,232.75988,24,233.19131,0,232.08691,-1,233.79459
876,2,12.13866,76,0,0,232.75988,24,233.19131,0,232.08691,-1,233.79459
877,2,12.13866,64,0,0,232.75988,0,233.19131,0,232.08691,-1,233.79459
878,2,12.13866,56,0,0,232.75988,26,233.19131,0,232.08691,-1,233.79459
879,2,12.13866,67,0,0,232.75988,17,233.19131,0,232.08691,-1,233.79459
880,2,12.13866,58,0,0,232.75988,24,233.19131,0,232.08691,-1,233.79459
881,2,12.13866,62,0,0,232.75988,0,233.19131,0,232.08691,-1,233.79459
882,2,12.13866,61,1,0,232.75988,24,233.19131,0,232.08691,-1,233.79459
883,2,12.13866,62,0,0,232.75988,0,233.19131,0,232.08691,-1,233.79459
884,2,12.13866,54,0,0,232.75988,0,233.19131,0,232.08691,-1,233.79459
885,2,12.13866,55,0,0,232.75988,18,233.19131,0,232.08691,-1,233.79459
886,2,12.13866,68,0,0,232.75988,1,233.19131,0,232.08691,-1,233.79459
887,2,12.13866,66,0,0,232.75988,13,233.19131,0,232.08691,-1,233.79459
888,2,12.13866,52,1,1,232.75988,12,233.19131,1,232.08691,-1,233.79459
889,2,12.13866,59,0,0,232.75988,0,233.19131,0,232.08691,-1,233.79459
890,2,12.13866,51,1,0,232.75988,27,233.19131,0,232.08691,-1,233.79459
891,2,12.13866,80,0,0,232.75988,25,233.19131,0,232.08691,-1,233.79459
892,2,12.13866,60,0,0,232.75988,21,233.19131,0,232.08691,-1,233.79459
893,2,12.13866,70,0,0,232.75988,13,233.19131,0,232.08691,-1,233.79459
894,2,12.13866,66,0,0,232.75988,18,233.19131,0,232.08691,-1,233.79459
895,2,12.13866,57,0,0,232.75988,0,233.19131,0,232.08691,-1,233.79459
896,2,12.13866,72,0,0,232.75988,24,233.19131,0,232.08691,-1,233.79459
897,2,12.13866,64,0,0,232.75988,5,233.19131,0,232.08691,-1,233.79459
898,2,12.13866,51,0,0,232.75988,0,233.19131,0,232.08691,-1,233.79459
899,2,12.13866,66,0,0,232.75988,5,233.19131,0,232.08691,-1,233.79459
900,2,12.13866,70,0,0,232.75988,19,233.19131,0,232.08691,-1,233.79459
901,2,12.13866,67,0,0,232.75988,0,233.19131,0,232.08691,-1,233.79459
902,2,12.13866,71,0,0,232.75988,25,233.19131,0,232.08691,-1,233.79459
903,2,12.13866,60,0,0,232.75988,24,233.19131,0,232.08691,-1,233.79459
904,2,12.13866,63,0,0,232.75988,0,233.19131,0,232.08691,-1,233.79459
905,2,12.13866,47,1,0,232.75988,3,233.19131,0,232.08691,-1,233.79459
906,2,12.13866,57,0,0,232.75988,0,233.19131,0,232.08691,-1,233.79459
907,2,12.13866,67,0,0,232.75988,14,233.19131,0,232.08691,-1,233.79459
908,2,12.13866,76,1,0,232.75988,21,233.19131,0,232.08691,-1,233.79459
909,2,12.13866,54,0,0,232.75988,24,233.19131,0,232.08691,-1,233.79459
910,2,12.13866,74,0,0,232.75988,19,233.19131,0,232.08691,-1,233.79459
911,2,12.13866,61,1,0,232.75988,19,233.19131,0,232.08691,-1,233.79459
912,2,12.13866,58,0,0,232.75988,0,233.19131,0,232.08691,-1,233.79459
913,2,12.13866,59,0,0,232.75988,5,233.19131,0,232.08691,-1,233.79459
914,2,12.13866,71,0,0,232.75988,18,233.19131,0,232.08691,-1,233.79459
915,2,12.13866,64,0,0,232.75988,24,233.19131,0,232.08691,-1,233.79459
916,2,12.13866,69,0,0,232.75988,27,233.19131,0,232.08691,-1,233.79459
917,2,12.13866,71,0,0,232.75988,23,233.19131,0,232.08691,-1,233.79459
918,2,12.13866,65,0,0,232.75988,8,233.19131,0,232.08691,-1,233.79459
919,2,12.13866,68,0,0,232.75988,9,233.19131,0,232.08691,-1,233.79459
920,2,12.13866,68,0,0,232.75988,24,233.19131,0,232.08691,-1,233.79459
921,2,12.13866,65,0,0,232.75988,0,233.19131,0,232.08691,-1,233.79459
922,2,12.13866,59,0,0,232.75988,8,233.19131,0,232.08691,-1,233.79459
923,2,12.13866,56,0,0,232.75988,0,233.19131,0,232.08691,-1,233.79459
924,2,12.13866,58,0,0,232.75988,24,233.19131,0,232.08691,-1,233.79459
925,2,12.13866,54,0,0,232.75988,27,233.19131,0,232.08691,-1,233.79459
926,2,12.13866,64,0,0,232.75988,27,233.19131,0,232.08691,-1,233.79459
927,2,12.13866,52,2,0,232.75988,8,233.19131,0,232.08691,-1,233.79459
928,2,12.13866,64,0,0,232.75988,9,233.19131,0,232.08691,-1,233.79459
929,2,12.13866,58,1,0,232.75988,6,233.19131,0,232.08691,-1,233.79459
930,2,12.13866,60,0,0,232.75988,3,233.19131,0,232.08691,-1,233.79459
931,2,12.13866,59,0,0,232.75988,4,233.19131,0,232.08691,-1,233.79459
932,2,12.13866,57,0,0,232.75988,24,233.19131,0,232.08691,-1,233.79459
933,2,12.13866,76,0,0,232.75988,24,233.19131,0,232.08691,-1,233.79459
934,2,12.13866,82,0,0,232.75988,25,233.19131,0,232.08691,-1,233.79459
935,2,12.13866,66,0,0,232.75988,4,233.19131,0,232.08691,-1,233.79459
936,2,12.13866,73,0,0,232.75988,24,233.19131,0,232.08691,-1,233.79459
937,2,12.13866,73,0,0,232.75988,0,233.19131,0,232.08691,-1,233.79459
938,2,12.13866,66,0,0,232.75988,24,233.19131,0,232.08691,-1,233.79459
939,2,12.13866,53,0,0,232.75988,26,233.19131,0,232.08691,-1,233.79459
940,2,12.13866,58,0,0,232.75988,24,233.19131,0,232.08691,-1,233.79459
941,2,12.13866,60,0,0,232.75988,24,233.19131,0,232.08691,-1,233.79459
942,2,12.13866,61,0,0,232.75988,0,233.19131,0,232.08691,-1,233.79459
943,2,12.13866,64,0,0,232.75988,21,233.19131,0,232.08691,-1,233.79459
944,2,12.13866,58,0,0,232.75988,23,233.19131,0,232.08691,-1,233.79459
945,2,12.13866,63,0,0,232.75988,0,233.19131,0,232.08691,-1,233.79459
946,2,12.13866,61,0,0,232.75988,3,233.19131,0,232.08691,-1,233.79459
947,2,12.13866,58,0,0,232.75988,11,233.19131,0,232.08691,-1,233.79459
948,2,12.13866,53,1,0,232.75988,24,233.19131,0,232.08691,-1,233.79459
949,2,12.13866,63,0,0,232.75988,0,233.19131,0,232.08691,-1,233.79459
950,2,12.13866,58,0,0,232.75988,0,233.19131,0,232.08691,-1,233.79459
951,2,12.13866,73,0,0,232.75988,27,233.19131,0,232.08691,-1,233.79459
952,2,12.13866,63,0,0,232.75988,4,233.19131,0,232.08691,-1,233.79459
953,2,12.13866,67,0,0,232.75988,16,233.19131,0,232.08691,-1,233.79459
954,2,12.13866,62,0,0,232.75988,24,233.19131,0,232.08691,-1,233.79459
955,2,12.13866,65,0,0,232.75988,3,233.19131,0,232.08691,-1,233.79459
956,2,12.13866,57,0,0,232.75988,0,233.19131,0,232.08691,-1,233.79459
957,2,12.13866,69,0,0,232.75988,24,233.19131,0,232.08691,-1,233.79459
958,2,12.13866,78,0,0,232.75988,24,233.19131,0,232.08691,-1,233.79459
959,2,12.13866,68,0,0,232.75988,2,233.19131,0,232.08691,-1,233.79459
960,2,12.13866,68,0,0,232.75988,13,233.19131,0,232.08691,-1,233.79459
961,2,12.13866,67,0,0,232.75988,27,233.19131,0,232.08691,-1,233.79459
962,2,12.13866,60,0,0,232.75988,20,233.19131,0,232.08691,-1,233.79459
963,2,12.13866,62,0,0,232.75988,16,233.19131,0,232.08691,-1,233.79459
964,2,12.13866,69,0,0,232.75988,25,233.19131,0,232.08691,-1,233.79459
965,2,12.13866,52,1,0,232.75988,0,233.19131,0,232.08691,-1,233.79459
966,2,12.13866,72,0,0,232.75988,0,233.19131,0,232.08691,-1,233.79459
967,2,12.13866,61,0,0,232.75988,16,233.19131,0,232.08691,-1,233.79459
968,2,12.13866,60,0,0,232.75988,0,233.19131,0,232.08691,-1,233.79459
969,2,12.13866,66,0,0,232.75988,25,233.19131,0,232.08691,-1,233.79459
970,2,12.13866,53,0,0,232.75988,0,233.19131,0,232.08691,-1,233.79459
971,2,12.13866,48,1,0,232.75988,21,233.19131,0,232.08691,-1,233.79459
972,2,12.13866,63,1,0,232.75988,8,233.19131,0,232.08691,-1,233.79459
973,2,12.13866,61,0,0,232.75988,25,233.19131,0,232.08691,-1,233.79459
974,2,12.13866,59,0,0,232.75988,25,233.19131,0,232.08691,-1,233.79459
975,2,12.13866,72,0,0,232.75988,24,233.19131,0,232.08691,-1,233.79459
976,2,12.13866,56,0,0,232.75988,25,233.19131,0,232.08691,-1,233.79459
977,2,12.13866,73,0,0,232.75988,14,233.19131,0,232.08691,-1,233.79459
978,2,12.13866,65,0,0,232.75988,24,233.19131,0,232.08691,-1,233.79459
979,2,12.13866,60,0,0,232.75988,25,233.19131,0,232.08691,-1,233.79459
980,2,12.13866,60,0,0,232.75988,15,233.19131,0,232.08691,-1,233.79459
981,2,12.13866,69,0,0,232.75988,24,233.19131,0,232.08691,-1,233.79459
982,2,12.13866,56,0,0,232.75988,4,233.19131,0,232.08691,-1,233.79459
983,2,12.13866,63,0,0,232.75988,25,233.19131,0,232.08691,-1,233.79459
984,2,12.13866,63,1,0,232.75988,0,233.19131,0,232.08691,-1,233.79459
985,2,12.13866,60,0,0,232.75988,25,233.19131,0,232.08691,-1,233.79459
986,2,12.13866,71,0,0,232.75988,24,233.19131,0,232.08691,-1,233.79459
987,2,12.13866,56,1,0,232.75988,18,233.19131,0,232.08691,-1,233.79459
988,2,12.13866,59,0,0,232.75988,27,233.19131,0,232.08691,-1,233.79459
989,2,12.13866,78,0,0,232.75988,25,233.19131,0,232.08691,-1,233.79459
990,2,12.13866,55,2,0,232.75988,0,233.19131,0,232.08691,-1,233.79459
991,2,12.13866,73,0,0,232.75988,27,233.19131,0,232.08691,-1,233.79459
992,2,12.13866,59,0,0,232.75988,13,233.19131,0,232.08691,-1,233.79459
993,2,12.13866,68,0,0,232.75988,2,233.19131,0,232.08691,-1,233.79459
994,2,12.13866,59,1,0,232.75988,24,233.19131,0,232.08691,-1,233.79459
995,2,12.13866,71,0,0,232.75988,22,233.19131,0,232.08691,-1,233.79459
996,2,12.13866,60,0,0,232.75988,2,233.19131,0,232.08691,-1,233.79459
997,2,12.13866,65,0,0,232.75988,25,233.19131,0,232.08691,-1,233.79459
998,2,12.13866,70,0,0,232.75988,2,233.19131,0,232.08691,-1,233.79459
999,2,12.13866,66,1,0,232.75988,0,233.19131,0,232.08691,-1,233.79459
1000,2,12.13866,63,0,0,232.75988,0,233.19131,0,232.08691,-1,233.79459
1001,2,12.13866,70,0,0,232.75988,24,233.19131,0,232.08691,-1,233.79459
1002,2,12.13866,69,0,0,232.75988,22,233.19131,0,232.08691,-1,233.79459
1003,2,12.13866,68,0,0,232.75988,0,233.19131,0,232.08691,-1,233.79459
1004,2,12.13866,60,0,0,232.75988,27,233.19131,0,232.08691,-1,233.79459
1005,2,12.13866,59,1,0,232.75988,26,233.19131,0,232.08691,-1,233.79459
1006,2,12.13866,56,0,0,232.75988,4,233.19131,0,232.08691,-1,233.79459
1007,2,12.13866,79,0,0,232.75988,25,233.19131,0,232.08691,-1,233.79459
1008,2,12.13866,74,0,0,232.75988,25,233.19131,0,232.08691,-1,233.79459
1009,2,12.13866,52,1,0,232.75988,4,233.19131,0,232.08691,-1,233.79459
1010,2,12.13866,60,0,0,232.75988,25,233.19131,0,232.08691,-1,233.79459
1011,2,12.13866,66,1,0,232.75988,16,233.19131,0,232.08691,-1,233.79459
1012,2,12.13866,64,0,0,232.75988,24,233.19131,0,232.08691,-1,233.79459
1013,2,12.13866,71,0,0,232.75988,11,233.19131,0,232.08691,-1,233.79459
1014,2,12.13866,66,0,0,232.75988,0,233.19131,0,232.08691,-1,233.79459
1015,2,12.13866,64,0,0,232.75988,0,233.19131,0,232.08691,-1,233.79459
1016,2,12.13866,60,1,0,232.75988,24,233.19131,0,232.08691,-1,233.79459
1017,2,12.13866,46,2,0,232.75988,24,233.19131,0,232.08691,-1,233.79459
1018,2,12.13866,75,0,0,232.75988,0,233.19131,0,232.08691,-1,233.79459
1019,2,12.13866,72,0,0,232.75988,24,233.19131,0,232.08691,-1,233.79459
1020,2,12.13866,54,0,0,232.75988,19,233.19131,0,232.08691,-1,233.79459
1021,2,12.13866,58,0,0,232.75988,17,233.19131,0,232.08691,-1,233.79459
1022,2,12.13866,68,0,0,232.75988,27,233.19131,0,232.08691,-1,233.79459
1023,2,12.13866,56,0,0,232.75988,14,233.19131,0,232.08691,-1,233.79459
1024,2,12.13866,65,0,0,232.75988,18,233.19131,0,232.08691,-1,233.79459
1025,2,12.13866,65,0,0,232.75988,0,233.19131,0,232.08691,-1,233.79459
1026,2,12.13866,72,0,0,232.75988,24,233.19131,0,232.08691,-1,233.79459
1027,2,12.13866,65,0,0,232.75988,20,233.19131,0,232.08691,-1,233.79459
1028,2,12.13866,59,2,0,232.75988,4,233.19131,0,232.08691,-1,233.79459
1029,2,12.13866,65,0,0,232.75988,0,233.19131,0,232.08691,-1,233.79459
1030,2,12.13866,63,0,0,232.75988,0,233.19131,0,232.08691,-1,233.79459
1031,2,12.13866,66,0,0,232.75988,24,233.19131,0,232.08691,-1,233.79459
1032,2,12.13866,59,0,0,232.75988,0,233.19131,0,232.08691,-1,233.79459
1033,2,12.13866,59,0,0,232.75988,27,233.19131,0,232.08691,-1,233.79459
1034,2,12.13866,75,0,0,232.75988,5,233.19131,0,232.08691,-1,233.79459
1035,2,12.13866,67,1,0,232.75988,1,233.19131,0,232.08691,-1,233.79459
1036,2,12.13866,57,0,0,232.75988,2,233.19131,0,232.08691,-1,233.79459
1037,2,12.13866,56,0,0,232.75988,0,233.19131,0,232.08691,-1,233.79459
1038,2,12.13866,70,0,0,232.75988,21,233.19131,0,232.08691,-1,233.79459
1039,2,12.13866,73,0,0,232.75988,22,233.19131,0,232.08691,-1,233.79459
1040,2,12.13866,45,1,0,232.75988,3,233.19131,0,232.08691,-1,233.79459
1041,2,12.13866,65,0,0,232.75988,24,233.19131,0,232.08691,-1,233.79459
1042,2,12.13866,63,0,0,232.75988,0,233.19131,0,232.08691,-1,233.79459
1043,2,12.13866,68,0,0,232.75988,0,233.19131,0,232.08691,-1,233.79459
1044,2,12.13866,58,1,0,232.75988,15,233.19131,0,232.08691,-1,233.79459
1045,2,12.13866,62,0,0,232.75988,3,233.19131,0,232.08691,-1,233.79459
1046,2,12.13866,70,0,0,232.75988,24,233.19131,0,232.08691,-1,233.79459
1047,2,12.13866,56,0,0,232.75988,16,233.19131,0,232.08691,-1,233.79459
1048,2,12.13866,74,0,0,232.75988,18,233.19131,0,232.08691,-1,233.79459
1049,2,12.13866,71,0,0,232.75988,27,233.19131,0,232.08691,-1,233.79459
1050,2,12.13866,81,0,0,232.75988,24,233.19131,0,232.08691,-1,233.79459
1051,2,12.13866,57,0,0,232.75988,18,233.19131,0,232.08691,-1,233.79459
1052,2,12.13866,61,2,0,232.75988,24,233.19131,0,232.08691,-1,233.79459
1053,2,12.13866,81,0,0,232.75988,24,233.19131,0,232.08691,-1,233.79459
1054,2,12.13866,50,0,0,232.75988,14,233.19131,0,232.08691,-1,233.79459
1055,2,12.13866,61,0,0,232.75988,25,233.19131,0,232.08691,-1,233.79459
1056,2,12.13866,78,0,0,232.75988,24,233.19131,0,232.08691,-1,233.79459
1057,2,12.13866,53,0,0,232.75988,18,233.19131,0,232.08691,-1,233.79459
1058,2,12.13866,67,0,0,232.75988,27,233.19131,0,232.08691,-1,233.79459
1059,2,12.13866,79,0,0,232.75988,9,233.19131,0,232.08691,-1,233.79459
1060,2,12.13866,70,1,0,232.75988,1,233.19131,0,232.08691,-1,233.79459
1061,2,12.13866,64,2,0,232.75988,13,233.19131,0,232.08691,-1,233.79459
1062,2,12.13866,63,0,0,232.75988,24,233.19131,0,232.08691,-1,233.79459
1063,2,12.13866,66,0,0,232.75988,8,233.19131,0,232.08691,-1,233.79459
1064,2,12.13866,73,0,0,232.75988,15,233.19131,0,232.08691,-1,233.79459
1065,2,12.13866,70,0,0,232.75988,0,233.19131,0,232.08691,-1,233.79459
1066,2,12.13866,57,0,0,232.75988,25,233.19131,0,232.08691,-1,233.79459
1067,2,12.13866,50,0,0,232.75988,24,233.19131,0,232.08691,-1,233.79459
1068,2,12.13866,76,0,0,232.75988,5,233.19131,0,232.08691,-1,233.79459
1069,2,12.13866,56,0,0,232.75988,24,233.19131,0,232.08691,-1,233.79459
1070,2,12.13866,52,0,0,232.75988,9,233.19131,0,232.08691,-1,233.79459
1071,2,12.13866,71,0,0,232.75988,24,233.19131,0,232.08691,-1,233.79459
1072,2,12.13866,69,0,0,232.75988,24,233.19131,0,232.08691,-1,233.79459
1073,2,12.13866,61,0,0,232.75988,24,233.19131,0,232.08691,-1,233.79459
1074,2,12.13866,56,0,0,232.75988,0,233.19131,0,232.08691,-1,233.79459
1075,2,12.13866,70,0,0,232.75988,18,233.19131,0,232.08691,-1,233.79459
1076,2,12.13866,63,0,0,232.75988,25,233.19131,0,232.08691,-1,233.79459
1077,2,12.13866,62,0,0,232.75988,25,233.19131,0,232.08691,-1,233.79459
1078,2,12.13866,83,0,0,232.75988,4,233.19131,0,232.08691,-1,233.79459
1079,2,12.13866,52,0,0,232.75988,4,233.19131,0,232.08691,-1,233.79459
1080,2,12.13866,66,0,0,232.75988,0,233.19131,0,232.08691,-1,233.79459
1081,2,12.13866,67,0,0,232.75988,15,233.19131,0,232.08691,-1,233.79459
1082,2,12.13866,64,0,0,232.75988,24,233.19131,0,232.08691,-1,233.79459
1083,2,12.13866,60,0,0,232.75988,0,233.19131,0,232.08691,-1,233.79459
1084,2,12.13866,49,1,0,232.75988,15,233.19131,0,232.08691,-1,233.79459
1085,2,12.13866,70,0,0,232.75988,0,233.19131,0,232.08691,-1,233.79459
1086,2,12.13866,74,0,0,232.75988,6,233.19131,0,232.08691,-1,233.79459
1087,2,12.13866,77,0,0,232.75988,24,233.19131,0,232.08691,-1,233.79459
1088,2,12.13866,45,1,0,232.75988,25,233.19131,0,232.08691,-1,233.79459
1089,2,12.13866,79,0,0,232.75988,22,233.19131,0,232.08691,-1,233.79459
1090,2,12.13866,57,0,0,232.75988,19,233.19131,0,232.08691,-1,233.79459
1091,2,12.13866,64,0,0,232.75988,24,233.19131,0,232.08691,-1,233.79459
1092,2,12.13866,66,0,0,232.75988,24,233.19131,0,232.08691,-1,233.79459
1093,2,12.13866,73,0,0,232.75988,4,233.19131,0,232.08691,-1,233.79459
1094,2,12.13866,70,0,0,232.75988,21,233.19131,0,232.08691,-1,233.79459
1095,2,12.13866,59,0,0,232.75988,24,233.19131,0,232.08691,-1,233.79459
1096,2,12.13866,60,0,0,232.75988,24,233.19131,0,232.08691,-1,233.79459
1097,2,12.13866,74,0,0,232.75988,9,233.19131,0,232.08691,-1,233.79459
1098,2,12.13866,71,0,0,232.75988,24,233.19131,0,232.08691,-1,233.79459
1099,2,12.13866,70,0,0,232.75988,0,233.19131,0,232.08691,-1,233.79459
1100,2,12.13866,55,0,0,232.75988,18,233.19131,0,232.08691,-1,233.79459
1101,2,12.13866,75,0,0,232.75988,20,233.19131,0,232.08691,-1,233.79459
1102,2,12.13866,59,0,0,232.75988,3,233.19131,0,232.08691,-1,233.79459
1103,2,12.13866,57,1,0,232.75988,18,233.19131,0,232.08691,-1,233.79459
1104,2,12.13866,67,0,0,232.75988,3,233.19131,0,232.08691,-1,233.79459
1105,2,12.13866,73,0,0,232.75988,24,233.19131,0,232.08691,-1,233.79459
1106,2,12.13866,70,0,0,232.75988,6,233.19131,0,232.08691,-1,233.79459
1107,2,12.13866,67,0,0,232.75988,24,233.19131,0,232.08691,-1,233.79459
1108,2,12.13866,67,0,0,232.75988,23,233.19131,0,232.08691,-1,233.79459
1109,2,12.13866,67,0,0,232.75988,24,233.19131,0,232.08691,-1,233.79459
1110,2,12.13866,66,0,0,232.75988,24,233.19131,0,232.08691,-1,233.79459
1111,2,12.13866,52,0,0,232.75988,6,233.19131,0,232.08691,-1,233.79459
1112,2,12.13866,61,0,0,232.75988,3,233.19131,0,232.08691,-1,233.79459
1113,2,12.13866,69,0,0,232.75988,0,233.19131,0,232.08691,-1,233.79459
1114,2,12.13866,79,0,0,232.75988,0,233.19131,0,232.08691,-1,233.79459
1115,2,12.13866,79,0,0,232.75988,9,233.19131,0,232.08691,-1,233.79459
1116,2,12.13866,89,0,0,232.75988,0,233.19131,0,232.08691,-1,233.79459
1117,2,12.13866,77,0,0,232.75988,25,233.19131,0,232.08691,-1,233.79459
1118,2,12.13866,70,0,0,232.75988,0,233.19131,0,232.08691,-1,233.79459
1119,2,12.13866,73,0,0,232.75988,13,233.19131,0,232.08691,-1,233.79459
1120,2,12.13866,70,0,0,232.75988,14,233.19131,0,232.08691,-1,233.79459
1121,2,12.13866,59,0,0,232.75988,24,233.19131,0,232.08691,-1,233.79459
1122,2,12.13866,66,0,0,232.75988,20,233.19131,0,232.08691,-1,233.79459
1123,2,12.13866,72,0,0,232.75988,24,233.19131,0,232.08691,-1,233.79459
1124,2,12.13866,54,1,0,232.75988,0,233.19131,0,232.08691,-1,233.79459
1125,2,12.13866,61,1,0,232.75988,0,233.19131,0,232.08691,-1,233.79459
1126,2,12.13866,67,0,0,232.75988,24,233.19131,0,232.08691,-1,233.79459
1127,2,12.13866,58,0,0,232.75988,0,233.19131,0,232.08691,-1,233.79459
1128,2,12.13866,68,0,0,232.75988,25,233.19131,0,232.08691,-1,233.79459
1129,2,12.13866,53,1,0,232.75988,24,233.19131,0,232.08691,-1,233.79459
1130,2,12.13866,51,1,0,232.75988,25,233.19131,0,232.08691,-1,233.79459
1131,2,12.13866,48,0,0,232.75988,13,233.19131,0,232.08691,-1,233.79459
1132,2,12.13866,71,0,0,232.75988,0,233.19131,0,232.08691,-1,233.79459
1133,2,12.13866,58,1,0,232.75988,24,233.19131,0,232.08691,-1,233.79459
1134,2,12.13866,56,0,0,232.75988,0,233.19131,0,232.08691,-1,233.79459
1135,2,12.13866,68,0,0,232.75988,0,233.19131,0,232.08691,-1,233.79459
1136,2,12.13866,65,0,0,232.75988,15,233.19131,0,232.08691,-1,233.79459
1137,2,12.13866,68,0,0,232.75988,24,233.19131,0,232.08691,-1,233.79459
1138,2,12.13866,61,2,0,232.75988,0,233.19131,0,232.08691,-1,233.79459
1139,2,12.13866,66,0,0,232.75988,18,233.19131,0,232.08691,-1,233.79459
1140,2,12.13866,74,0,0,232.75988,19,233.19131,0,232.08691,-1,233.79459
1141,2,12.13866,61,0,0,232.75988,0,233.19131,0,232.08691,-1,233.79459
1142,2,12.13866,69,0,0,232.75988,0,233.19131,0,232.08691,-1,233.79459
1143,2,12.13866,62,0,0,232.75988,25,233.19131,0,232.08691,-1,233.79459
1144,2,12.13866,62,1,0,232.75988,24,233.19131,0,232.08691,-1,233.79459
1145,2,12.13866,66,1,0,232.75988,24,233.19131,0,232.08691,-1,233.79459
1146,2,12.13866,65,0,0,232.75988,11,233.19131,0,232.08691,-1,233.79459
1147,2,12.13866,53,0,0,232.75988,23,233.19131,0,232.08691,-1,233.79459
1148,2,12.13866,53,1,0,232.75988,4,233.19131,0,232.08691,-1,233.79459
1149,2,12.13866,60,0,0,232.75988,5,233.19131,0,232.08691,-1,233.79459
1150,2,12.13866,73,0,0,232.75988,0,233.19131,0,232.08691,-1,233.79459
1151,2,12.13866,62,0,0,232.75988,16,233.19131,0,232.08691,-1,233.79459
1152,2,12.13866,64,0,0,232.75988,3,233.19131,0,232.08691,-1,233.79459
1153,2,12.13866,54,0,0,232.75988,4,233.19131,0,232.08691,-1,233.79459
1154,2,12.13866,58,2,0,232.75988,20,233.19131,0,232.08691,-1,233.79459
1155,2,12.13866,61,0,0,232.75988,23,233.19131,0,232.08691,-1,233.79459
1156,2,12.13866,59,1,0,232.75988,7,233.19131,0,232.08691,-1,233.79459
1157,2,12.13866,59,0,0,232.75988,17,233.19131,0,232.08691,-1,233.79459
1158,2,12.13866,72,0,0,232.75988,14,233.19131,0,232.08691,-1,233.79459
1159,2,12.13866,50,0,0,232.75988,5,233.19131,0,232.08691,-1,233.79459
1160,2,12.13866,58,0,0,232.75988,24,233.19131,0,232.08691,-1,233.79459
1161,2,12.13866,54,0,0,232.75988,0,233.19131,0,232.08691,-1,233.79459
1162,2,12.13866,59,0,0,232.75988,0,233.19131,0,232.08691,-1,233.79459
1163,2,12.13866,64,0,0,232.75988,24,233.19131,0,232.08691,-1,233.79459
1164,2,12.13866,61,0,0,232.75988,27,233.19131,0,232.08691,-1,233.79459
1165,2,12.13866,78,0,0,232.75988,27,233.19131,0,232.08691,-1,233.79459
1166,2,12.13866,62,0,0,232.75988,24,233.19131,0,232.08691,-1,233.79459
1167,2,12.13866,65,1,0,232.75988,25,233.19131,0,232.08691,-1,233.79459
1168,2,12.13866,51,0,0,232.75988,0,233.19131,0,232.08691,-1,233.79459
1169,2,12.13866,77,0,0,232.75988,24,233.19131,0,232.08691,-1,233.79459
1170,2,12.13866,65,0,0,232.75988,25,233.19131,0,232.08691,-1,233.79459
1171,2,12.13866,72,0,0,232.75988,0,233.19131,0,232.08691,-1,233.79459
1172,2,12.13866,58,1,0,232.75988,0,233.19131,0,232.08691,-1,233.79459
1173,2,12.13866,63,0,0,232.75988,3,233.19131,0,232.08691,-1,233.79459
1174,2,12.13866,70,0,0,232.75988,0,233.19131,0,232.08691,-1,233.79459
1175,2,12.13866,55,0,0,232.75988,27,233.19131,0,232.08691,-1,233.79459
1176,2,12.13866,63,1,0,232.75988,24,233.19131,0,232.08691,-1,233.79459
1177,2,12.13866,70,0,0,232.75988,2,233.19131,0,232.08691,-1,233.79459
1178,2,12.13866,67,0,0,232.75988,24,233.19131,0,232.08691,-1,233.79459
1179,2,12.13866,64,0,0,232.75988,5,233.19131,0,232.08691,-1,233.79459
1180,2,12.13866,64,0,0,232.75988,11,233.19131,0,232.08691,-1,233.79459
1181,2,12.13866,64,0,0,232.75988,0,233.19131,0,232.08691,-1,233.79459
1182,2,12.13866,59,0,0,232.75988,23,233.19131,0,232.08691,-1,233.79459
1183,2,12.13866,61,1,0,232.75988,24,233.19131,0,232.08691,-1,233.79459
1184,2,12.13866,71,0,0,232.75988,22,233.19131,0,232.08691,-1,233.79459
1185,2,12.13866,80,0,0,232.75988,21,233.19131,0,232.08691,-1,233.79459
1186,2,12.13866,58,0,0,232.75988,24,233.19131,0,232.08691,-1,233.79459
1187,2,12.13866,58,1,0,232.75988,24,233.19131,0,232.08691,-1,233.79459
1188,2,12.13866,64,0,0,232.75988,21,233.19131,0,232.08691,-1,233.79459
1189,2,12.13866,54,2,0,232.75988,14,233.19131,0,232.08691,-1,233.79459
1190,2,12.13866,55,0,0,232.75988,8,233.19131,0,232.08691,-1,233.79459
1191,2,12.13866,94,0,0,232.75988,24,233.19131,0,232.08691,-1,233.79459
1192,2,12.13866,78,0,0,232.75988,0,233.19131,0,232.08691,-1,233.79459
1193,2,12.13866,68,0,0,232.75988,0,233.19131,0,232.08691,-1,233.79459
1194,2,12.13866,62,0,0,232.75988,24,233.19131,0,232.08691,-1,233.79459
1195,2,12.13866,69,0,0,232.75988,23,233.19131,0,232.08691,-1,233.79459
1196,2,12.13866,61,0,0,232.75988,1,233.19131,0,232.08691,-1,233.79459
1197,2,12.13866,58,1,0,232.75988,27,233.19131,0,232.08691,-1,233.79459
1198,2,12.13866,71,0,0,232.75988,16,233.19131,0,232.08691,-1,233.79459
1199,2,12.13866,77,0,0,232.75988,25,233.19131,0,232.08691,-1,233.79459
