,event_id,event_pred
0,2,"[0.7866182559709136, 9.774922874996033e-06, 0.21175449723924106, 0.001439712712467405, 0.00017775915450293246]"
1,2,"[0.9162468969420375, 3.482481368504982e-06, 0.08166479025714155, 0.0018605476909405835, 0.00022428262851199504]"
2,2,"[0.845008288071543, 4.2427316603795825e-05, 0.13952427739960288, 0.014313979126847048, 0.0011110280854032962]"
3,0,"[0.9924869303153931, 4.121950290161601e-05, 0.005302220668471989, 0.00018425344298163602, 0.001985376070251806]"
4,3,"[0.8740055461486466, 1.857292882007435e-05, 0.12467514389718096, 0.0002982645790890756, 0.00100247244626321]"
5,0,"[0.7803510605508878, 0.00026336868080381826, 0.21277193698534744, 0.0018162099907914667, 0.004797423792169738]"
6,0,"[0.9780478683486017, 5.2874051854948174e-05, 0.019475090878219248, 0.00039362584680282197, 0.0020305408745215055]"
7,0,"[0.9776239115230101, 1.1318595468261277e-06, 0.022063504943468565, 0.00014756711542520922, 0.00016388455854937523]"
8,0,"[0.9961195758709107, 1.2746606716743193e-06, 0.0022512866478590155, 0.0015581481711986042, 6.971464936017275e-05]"
9,0,"[0.8749543182089945, 0.00017640340919732828, 0.12054713720097855, 0.0007947812459625599, 0.003527359934867122]"
10,2,"[0.7274405301075866, 8.430818492370684e-06, 0.2716970756152926, 0.0005123477502642476, 0.000341615708364251]"
11,2,"[0.7780581640966364, 0.00022273458274245703, 0.21579893892652466, 0.0016847563119456906, 0.004235406082150799]"
12,0,"[0.8459225961131555, 3.045416444845438e-05, 0.14060648990654936, 0.012404978106411491, 0.0010354817094351898]"
13,0,"[0.673313727801238, 4.685316490885898e-05, 0.31561516122308225, 0.0034004485885647823, 0.0076238092222061776]"
14,0,"[0.9386565213990002, 0.0002600675306284547, 0.0552248085009017, 0.0037521087459593382, 0.002106493823510349]"
15,0,"[0.7339353711315051, 5.593406826639879e-06, 0.2653934612344464, 0.0004232001272051771, 0.0002423741000168619]"
16,0,"[0.7484518259961783, 8.538298842010964e-06, 0.23828646540559967, 0.013040071133998542, 0.00021309916538140813]"
17,0,"[0.9838373469064768, 1.2899109345114777e-06, 0.0030637488012765727, 0.013068219494043257, 2.939488726861286e-05]"
18,0,"[0.82773516663769, 0.0003136176917120391, 0.160172024357795, 0.00105293245652992, 0.01072625885627302]"
19,0,"[0.8780735650646315, 2.1993728248897443e-06, 0.12114639515239695, 0.0003500274623607045, 0.0004278129477860491]"
20,2,"[0.8739243281089991, 1.9780375520090487e-05, 0.12464819398679139, 0.000309732804248098, 0.001097964724441279]"
21,2,"[0.737033185226366, 7.122210258251226e-06, 0.26218803088225545, 0.00047365766443965276, 0.0002980040166808046]"
22,0,"[0.7934984696407384, 1.1092511290641781e-05, 0.20477163068343293, 0.0015332473853441224, 0.0001855597791938607]"
23,0,"[0.7348257651625734, 5.685033703110417e-06, 0.26448362708187356, 0.0004291889779858847, 0.00025573374386401234]"
24,0,"[0.875121284632979, 1.563999001145388e-05, 0.12366291085041396, 0.00028052883960905426, 0.0009196356869864783]"
25,0,"[0.8804898652338138, 0.000130847073265384, 0.11741180252501214, 0.00042356518928064594, 0.001543919978628044]"
26,0,"[0.5509096933160095, 0.03124568316478417, 0.2997270311805986, 0.054283181511878345, 0.06383441082672937]"
27,0,"[0.9926874994181552, 3.426757763300216e-05, 0.002117463735350064, 0.0001325020478276578, 0.005028267221034129]"
28,2,"[0.7927190496117027, 8.237305524919753e-06, 0.20576996240089754, 0.0013458782916828704, 0.00015687239019197434]"
29,3,"[0.8011245556806684, 3.964802835899498e-05, 0.13689891448945232, 0.06014494750995439, 0.0017919342915658327]"
30,0,"[0.9063623969596903, 2.7074064223284213e-06, 0.0929723225246515, 0.000432087602151385, 0.00023048550708452956]"
31,0,"[0.9942478312605125, 1.0114872686407308e-06, 0.005623876372686444, 8.042764777636061e-05, 4.68532317559903e-05]"
32,0,"[0.9434067049517069, 6.264902002034026e-05, 0.05365104207606905, 0.001994082945099501, 0.0008855210071041935]"
33,0,"[0.9080970112963235, 2.174755377278379e-06, 0.09131002048030878, 0.00039527629830733046, 0.00019551716968327273]"
34,2,"[0.9444055842308366, 5.6684431956906856e-05, 0.05288285093889467, 0.0018841289838712244, 0.0007707514144405372]"
35,0,"[0.9935929113012741, 2.7028906698740573e-05, 0.0020544820628540053, 0.00011805683437901061, 0.00420752089479408]"
36,0,"[0.8137408183116365, 0.0009766863975053774, 0.16047449596977453, 0.0017197343096542717, 0.02308826501142934]"
37,0,"[0.8810921711040791, 0.0001335599036888192, 0.11686907844720018, 0.0004178500974452707, 0.0014873404475864486]"
38,0,"[0.8773070688858595, 1.669913688652344e-05, 0.12144040085278317, 0.0002834942915639049, 0.0009523368329067676]"
39,0,"[0.8201429970461672, 1.9027556313652435e-05, 0.13584166898560635, 0.04299513791417882, 0.001001168497733895]"
40,2,"[0.6777822522031395, 3.820483615731824e-05, 0.31244163482758336, 0.00310082628588748, 0.006637081847232278]"
41,0,"[0.9961270964382498, 0.00029296113235687665, 0.001467721183543372, 0.0001271278245914883, 0.0019850934212585535]"
42,0,"[0.9175975263100185, 3.306377939146315e-06, 0.08039378796046666, 0.0017928303068099854, 0.0002125490447656347]"
43,0,"[0.7463239193750414, 1.3636429485277494e-05, 0.237325587372342, 0.0160489012393122, 0.0002879555838191795]"
44,0,"[0.9890419840711301, 0.0005226213137308536, 0.0014741504301447675, 0.00025262026380174873, 0.008708623921192567]"
45,0,"[0.9426435667247542, 9.063671167842429e-05, 0.05379873460525675, 0.002360551373781115, 0.0011065105845292004]"
46,0,"[0.9944450408203249, 3.5766945306364236e-06, 0.005335044231503938, 0.00013544029746874405, 8.089795617168521e-05]"
47,0,"[0.9966087228038504, 6.535505598982148e-07, 0.0021855700263422114, 0.001164978178696589, 4.007544055090335e-05]"
48,0,"[0.7780102097293727, 0.0002441452093604017, 0.21570772511102104, 0.0017323238670558369, 0.004305596083190008]"
49,0,"[0.7826736030723609, 0.00022054327114182453, 0.21150681206994407, 0.0016578230223022767, 0.003941218564250836]"
50,0,"[0.831550247207121, 0.0002773707651061748, 0.15736271553081815, 0.0009938835401386715, 0.009815782956815972]"
51,0,"[0.9937744382639458, 0.0003571512956111511, 0.0015178930611525713, 0.00015612685663709874, 0.004194390522653269]"
52,0,"[0.7538921011561346, 1.2708436499547498e-05, 0.2303742419578333, 0.015432367006603111, 0.0002885814429294458]"
53,0,"[0.9154861535912953, 3.978284471915183e-06, 0.08229317982122451, 0.0019692921144062714, 0.0002473961886020991]"
54,0,"[0.9749415945239216, 9.125955460434827e-06, 0.018674581102366777, 0.005683609543374496, 0.0006910888748767943]"
55,0,"[0.968258628845481, 4.5231367322740785e-06, 0.029064632540388293, 0.0024298868376851214, 0.00024232863971331776]"
56,2,"[0.8018332951826651, 4.5978565772590045e-05, 0.1337070856837133, 0.06263825392314096, 0.0017753866447081054]"
57,0,"[0.849878418068328, 2.5313866900226795e-05, 0.13807805922488678, 0.01117521440553511, 0.0008429944343498429]"
58,0,"[0.8815003095698952, 0.00014290439433466438, 0.11627186747977042, 0.0004381158075524692, 0.001646802748447178]"
59,0,"[0.8065329507947588, 0.00010498047039961051, 0.18241126204408822, 0.0018836929230978364, 0.00906711376765555]"
60,0,"[0.8510431503014425, 2.3574799052104717e-05, 0.13720816639224934, 0.010892921804070298, 0.0008321867031857802]"
61,0,"[0.8728774483581779, 4.71159101266269e-05, 0.12482926385190275, 0.0004489451772221168, 0.0017972267025705229]"
62,0,"[0.74949991477685, 8.448356183426763e-06, 0.2372956736576447, 0.012968314977949657, 0.00022764823137222563]"
63,0,"[0.7512901260285018, 9.325558260967227e-06, 0.23495428847841188, 0.013505510712652005, 0.0002407492221732805]"
64,0,"[0.9173912435288466, 4.100253483378936e-06, 0.08034704584913899, 0.0019889698713303652, 0.00026864049720055845]"
65,0,"[0.7806101689669388, 0.0002315193730890888, 0.213333499782516, 0.0016815676026809899, 0.0041432442747751045]"
66,0,"[0.9427520976794219, 7.249952673195853e-05, 0.054034382477262846, 0.0021270251147128987, 0.0010139952018704504]"
67,0,"[0.74137334283248, 6.796895055072229e-06, 0.25787467115965895, 0.000459303352986376, 0.0002858857598196211]"
68,0,"[0.9735204305369732, 1.3426934691883633e-05, 0.018898137028501103, 0.006667719734160636, 0.0009002857656731356]"
69,0,"[0.9687531407012796, 4.47770125210279e-06, 0.02859762091019057, 0.0023975938927814524, 0.0002471667944962476]"
70,0,"[0.683467780559443, 2.5399382799980464e-05, 0.30920627393682204, 0.0025283486633674427, 0.004772197457567563]"
71,0,"[0.8743705572546813, 2.5226078752577307e-05, 0.12394330942108767, 0.00034232723265240333, 0.0013185800128259967]"
72,0,"[0.7874924249005137, 0.006252140579468799, 0.14313144586537743, 0.003719674293663068, 0.05940431436097718]"
73,0,"[0.9943981249718076, 1.6619508463171026e-06, 0.00543874624737491, 9.737032839636652e-05, 6.409650157472123e-05]"
74,0,"[0.7407112885749727, 5.121690084265662e-06, 0.2586599812520196, 0.0004017394719593594, 0.00022186901096387922]"
75,0,"[0.9969155088912653, 8.59764116409714e-06, 0.0021366982434282357, 0.0004901738886425934, 0.0004490213354997845]"
76,0,"[0.8795836164279092, 3.2349489740785675e-06, 0.1194458357757053, 0.00040701406291412576, 0.0005602987844972198]"
77,0,"[0.676054548775422, 6.185088451573549e-05, 0.3111779149822091, 0.0037800303637827532, 0.00892565499407047]"
78,0,"[0.9649648356229746, 1.144979326806781e-05, 0.03073306215142084, 0.003767713234325193, 0.000522939198011259]"
79,0,"[0.9780934294914378, 1.3511191175267275e-06, 0.021562123737297743, 0.00015507224976665129, 0.0001880234023802896]"
80,0,"[0.9959898329504429, 0.0003063023402838344, 0.0014610266842268332, 0.00013015732396576244, 0.0021126807010805396]"
81,0,"[0.8308469031928494, 0.000278618458926574, 0.1580652017396254, 0.0009877880128749304, 0.009821488595723557]"
82,0,"[0.6790822485026375, 3.2075151430273784e-05, 0.3122774883264939, 0.0028195941308003345, 0.005788593888638012]"
83,0,"[0.978126715358601, 5.534251010388622e-05, 0.01919579576467574, 0.0004013014702767933, 0.0022208448963427995]"
84,0,"[0.7497852881613314, 9.159659262678094e-06, 0.23676311307725262, 0.013218509948270193, 0.00022392915388310693]"
85,0,"[0.8706105972890996, 3.951074355406058e-05, 0.1271391390631792, 0.00041312206959014596, 0.0017976308345769517]"
86,0,"[0.9675067185547501, 1.2721522100794304e-05, 0.028228450491275522, 0.0038214717158241507, 0.0004306377160493369]"
87,0,"[0.9169722281914092, 3.5439142796805498e-06, 0.08093942803599073, 0.0018556520718925513, 0.00022914778642771187]"
88,0,"[0.9743953095204871, 1.2051070510607607e-05, 0.01844358221341138, 0.0063357478082991985, 0.0008133093872916303]"
89,0,"[0.9735725806561022, 1.4938153638150135e-05, 0.018526710474966197, 0.006948520965844452, 0.0009372497494490235]"
90,0,"[0.9442018036517628, 5.77278515871236e-05, 0.05307257465008782, 0.0018853672693423253, 0.0007825265772199309]"
91,2,"[0.8030032548570138, 9.890159464884638e-05, 0.1858683475454081, 0.0018327863868851373, 0.00919670961604419]"
92,0,"[0.6797985022418047, 2.4648028209366567e-05, 0.31290680462182313, 0.002508098191924501, 0.004761946916238277]"
93,0,"[0.8501942537782496, 2.3896294385904383e-05, 0.13812022926609557, 0.010851287261992849, 0.0008103333992762533]"
94,0,"[0.969982377710428, 3.401383166058781e-05, 0.018931922366603016, 0.009881501746638967, 0.0011701843446697364]"
95,0,"[0.8800872781098192, 1.7678130926388046e-06, 0.11922787339985143, 0.0003178095385597247, 0.0003652711386769217]"
96,0,"[0.7919342089551576, 9.5034432782259e-06, 0.2064816170420711, 0.001416362904591312, 0.00015830765490170202]"
97,0,"[0.9679480195083957, 5.728967778479262e-06, 0.02903467343951496, 0.002697172292253812, 0.0003144057920569541]"
98,4,"[0.8257822748360282, 0.0003433592538319918, 0.1604259976236041, 0.0010891795182065875, 0.012359188768329168]"
99,0,"[0.9941986304460642, 1.127018730147298e-06, 0.0056695183610018934, 8.149834497978962e-05, 4.922582922412492e-05]"
100,0,"[0.9183229399148793, 4.157414329922057e-06, 0.07942069365481243, 0.0019862029344216575, 0.0002660060815569165]"
101,0,"[0.7822259617122875, 0.0003181015349431276, 0.21055597975711213, 0.0019392976826933441, 0.004960659312964036]"
102,2,"[0.8108976666956935, 2.860662162707252e-05, 0.13602799923956535, 0.051589452434698944, 0.0014562750084150542]"
103,0,"[0.7799186980155298, 0.0002280990191999964, 0.21411978089999292, 0.0016678360161055741, 0.004065586049171558]"
104,0,"[0.9187128613577562, 3.4428848295935728e-06, 0.07923800164619489, 0.0018111370451387861, 0.0002345570660804477]"
105,0,"[0.8537904001522355, 2.713879807626772e-05, 0.13377400523308405, 0.011476404474358062, 0.000932051342246174]"
106,0,"[0.8183352280740885, 2.1614559418960377e-05, 0.13544857349313258, 0.04505729144833367, 0.0011372924250262636]"
107,0,"[0.9436159832329463, 6.467204379047478e-05, 0.05344318378559342, 0.0019988554172341304, 0.0008773055204356515]"
108,2,"[0.7794636183966329, 0.0009680152689516217, 0.2077166185897204, 0.003120205759480459, 0.008731541985214584]"
109,0,"[0.736931910366218, 7.240848308749109e-06, 0.26228276161629877, 0.00047284059412293356, 0.00030524657505159826]"
110,2,"[0.9175206592495767, 4.298648623687827e-06, 0.08019449648754559, 0.0020028169399156285, 0.0002777286743382807]"
111,0,"[0.6707939345721865, 3.4804374928242655e-05, 0.3198877682410327, 0.0029472921460499137, 0.006336200665802575]"
112,0,"[0.7433424991974285, 2.3157641556878175e-05, 0.23631285358632392, 0.019876644896965633, 0.0004448446777250031]"
113,0,"[0.7273302026923673, 2.49047513374141e-05, 0.2512798488397013, 0.020848186543615626, 0.0005168571729784923]"
114,0,"[0.7792063983854366, 0.00027591827851487555, 0.21390306391006564, 0.001811586988113384, 0.004803032437869424]"
115,0,"[0.9183630162728453, 3.2450943522734713e-06, 0.07962703133889816, 0.0017799668741502693, 0.00022674041975396405]"
116,0,"[0.972841529694724, 1.72519967656278e-05, 0.018817728602133484, 0.007414539707233184, 0.0009089499991436947]"
117,2,"[0.9941476499435474, 2.3160557360287093e-05, 0.002085503777397307, 0.00010856799204885186, 0.0036351177296462247]"
118,2,"[0.9942524108557231, 1.1452672356784869e-06, 0.0056146238876574085, 8.166564137929108e-05, 5.015434800440097e-05]"
119,0,"[0.9176172086939206, 3.352547522515627e-06, 0.0803583563117155, 0.0018016043933878987, 0.00021947805345363513]"
120,0,"[0.9078862491830224, 2.1783805404077645e-06, 0.09152070693078737, 0.0003908264414392571, 0.00020003906421035345]"
121,0,"[0.8003803478136197, 6.899326418435864e-06, 0.19824470554078127, 0.001230666154241713, 0.0001373811649389661]"
122,0,"[0.7934156997089469, 5.783739957920979e-06, 0.20532060242742142, 0.0011361039225921286, 0.00012181020108182011]"
123,0,"[0.777147327999969, 0.0004476338330723311, 0.21339838619593943, 0.0022484837906627518, 0.0067581681803566525]"
124,0,"[0.6798092159148434, 0.0006753177785837723, 0.12003969786084609, 0.18993794897193855, 0.0095378194737881]"
125,2,"[0.7721958348251691, 0.00044107177823609077, 0.21877315703860117, 0.0022399504528896577, 0.0063499859051041494]"
126,0,"[0.8745524565566125, 1.7233235292587185e-05, 0.12417922495936683, 0.00028600510807404677, 0.0009650801406541541]"
127,0,"[0.9779748302369788, 5.380963785102824e-05, 0.019463687288790978, 0.0003931504408517444, 0.0021145223955275658]"
128,0,"[0.7963196764791032, 7.2877508984014245e-06, 0.20227171519375642, 0.0012606022028928978, 0.00014071837334915887]"
129,0,"[0.8757552969919443, 3.426746348369562e-05, 0.12231724673660581, 0.0003854343739493446, 0.0015077544340166519]"
130,0,"[0.966603132874176, 3.4968606256585286e-05, 0.026965663182998537, 0.005784860849894475, 0.0006113744866744349]"
131,0,"[0.9781123408284541, 5.5917050970476795e-05, 0.01920168639043698, 0.00040332648399907337, 0.002226729246139368]"
132,0,"[0.9742018759414296, 1.0927259264163117e-05, 0.018924378818448124, 0.006122739680508701, 0.0007400783003495975]"
133,0,"[0.7860193446695724, 0.00021282426765381585, 0.20837772211869882, 0.0016170625441224034, 0.003773046399952508]"
134,0,"[0.9924720739767691, 3.5128548680111666e-05, 0.0021341605239054676, 0.00013234719484629502, 0.005226289755799115]"
135,0,"[0.8099356488364604, 7.266770675562963e-05, 0.18119641851537413, 0.0015982998184955295, 0.007196965122914299]"
136,2,"[0.665666098070121, 4.132865807997495e-05, 0.32365485593190246, 0.003218212706308904, 0.007419504633587639]"
137,2,"[0.42957539394855426, 0.054948073620476774, 0.11878502964561402, 0.008094226632338403, 0.38859727615301665]"
138,0,"[0.94350513610314, 7.207284970575523e-05, 0.05339600270270726, 0.0021149403251616307, 0.0009118480192852085]"
139,0,"[0.9939489509361561, 0.0021704376865548233, 0.001720790397698457, 0.00021365916803464603, 0.0019461618115557682]"
140,0,"[0.7527094718911661, 1.1725640093372886e-05, 0.23217345509153564, 0.014828893975630449, 0.0002764534015745163]"
141,0,"[0.8067278108024702, 3.9523893911259306e-05, 0.1325409806139089, 0.05899632298796663, 0.0016953617017428026]"
142,0,"[0.8050664292064758, 3.499908394552674e-05, 0.13690593536115048, 0.056375873000295805, 0.0016167633481324124]"
143,0,"[0.9734237991887433, 1.3318653090766145e-05, 0.019052642268697337, 0.006674870197357564, 0.0008353696921108888]"
144,0,"[0.9784661102832758, 5.0299037024845315e-05, 0.01916309960146699, 0.00038056245023292357, 0.0019399286279993258]"
145,0,"[0.9974777981274846, 4.470720936852211e-07, 0.0023009161072166553, 0.00013625240834739172, 8.458628485754844e-05]"
146,0,"[0.997449083175039, 2.1778400399478635e-06, 0.0021294219366271927, 0.00034854738884206764, 7.076965945185062e-05]"
147,0,"[0.8794290043568512, 1.8601259401992804e-06, 0.11989137867489157, 0.0003208072548686762, 0.00035694958744829385]"
148,2,"[0.7811229523499557, 0.00011416935952962083, 0.1253364617705695, 0.09089667958171337, 0.002529736938231785]"
149,0,"[0.8751446323585391, 0.0010137901071150743, 0.11695043149647708, 0.001017578336418665, 0.005873567701450173]"
150,0,"[0.8676738303359218, 0.0001607833287372694, 0.12562404703247537, 0.0022358703372912054, 0.004305468965574405]"
151,0,"[0.9910646435277034, 6.415803560083393e-05, 0.002017825270006431, 0.00016983719234782234, 0.006683535974341458]"
152,0,"[0.8835507762396677, 0.00012818739839964122, 0.11441826055784592, 0.0004103441614075, 0.0014924316426792594]"
153,0,"[0.8486218793122806, 2.959602675523272e-05, 0.13835110112889837, 0.012068515223803547, 0.0009289083082624514]"
154,0,"[0.9935454082067774, 2.677351415617096e-05, 0.0020664542742942125, 0.00011734466605871443, 0.004244019338713502]"
155,0,"[0.8743186571310834, 1.7780823605103435e-05, 0.12442281562727604, 0.000289323362869808, 0.0009514230551656498]"
156,0,"[0.7367843853333198, 8.449574444828963e-06, 0.2623680303493867, 0.00050805375942894, 0.00033108098341967423]"
157,0,"[0.8301956709168559, 0.0002854466213796392, 0.15864541811583596, 0.000999373940378625, 0.009874090405549775]"
158,0,"[0.9974817456008279, 4.497063607817574e-07, 0.0023000730360915626, 0.00013622542571719283, 8.150623100264385e-05]"
159,0,"[0.8735972504226363, 4.2641414734046836e-05, 0.12408473406241255, 0.00042569551648986766, 0.0018496785837275448]"
160,2,"[0.6663625536826655, 0.0005277606888753201, 0.2950651628285443, 0.00970212844117133, 0.02834239435874361]"
161,0,"[0.9845593112513782, 1.0962986590575666e-06, 0.0030837017306916737, 0.012328090643492473, 2.7800075778516052e-05]"
162,0,"[0.9446054289741913, 5.3260337613253016e-05, 0.05274906999974989, 0.0018523103841445693, 0.0007399303043007824]"
163,0,"[0.9975456965349269, 7.699754097461926e-07, 0.002188867564044444, 0.00022922590279180402, 3.544002282725552e-05]"
164,0,"[0.9937785847702519, 1.4039978635078075e-06, 0.002636338140551463, 0.003564755242777563, 1.8917848555404408e-05]"
165,0,"[0.9964370798319511, 8.98001558920216e-07, 0.002155563307794286, 0.0013545565211351856, 5.190233756069707e-05]"
166,0,"[0.6798359707815425, 0.0021824593591131354, 0.30058565941575405, 0.0061446755185794065, 0.011251234925011039]"
167,0,"[0.8478297308794005, 2.619476414329384e-05, 0.13968142505224607, 0.011544267195086676, 0.0009183821091234003]"
168,2,"[0.737514157526149, 1.404889558835726e-05, 0.26146439197884486, 0.0006348162009234482, 0.00037258539849435447]"
169,0,"[0.8755413099555007, 1.5821082236542063e-05, 0.12329048549563276, 0.0002768092061142283, 0.0008755742605157261]"
170,0,"[0.8494563512055704, 2.2183023469539955e-05, 0.1391053609206293, 0.01064630875517434, 0.0007697960951562752]"
171,0,"[0.9442273573124418, 5.3301753997830165e-05, 0.053158166961145344, 0.001838851700586565, 0.0007223222718284217]"
172,2,"[0.9009108441340709, 4.92725008183083e-06, 0.0981382814170137, 0.000568882968778554, 0.00037706423005482966]"
173,0,"[0.7745599714444931, 0.00053768310335419, 0.21534169968219147, 0.0024684670968821345, 0.007092178673079183]"
174,0,"[0.876034751045684, 1.668674375106004e-05, 0.12274429446168886, 0.00028375969014023307, 0.000920508058735833]"
175,0,"[0.850497312700198, 2.202456090484615e-05, 0.13814105855423803, 0.010594332639989754, 0.0007452715446693976]"
176,0,"[0.7950634258907995, 7.4688185132411165e-06, 0.20350010464235496, 0.00129548047718857, 0.00013352017114386542]"
177,0,"[0.9170094530892801, 3.7617659450918046e-06, 0.08080280609011349, 0.0019344064198326917, 0.00024957263482870636]"
178,0,"[0.8703714704742017, 2.192502778086248e-05, 0.12816399146989382, 0.00032155196466084057, 0.0011210610634628112]"
179,0,"[0.8787739107669397, 0.00021494957672797078, 0.11852299808541283, 0.0005285519672148006, 0.0019595896037047627]"
180,0,"[0.7926330964636573, 1.2140497124875435e-05, 0.20559597489847778, 0.0015672921562278296, 0.00019149598451214552]"
181,2,"[0.7298262793792023, 5.710079954287266e-06, 0.2694941805925489, 0.00042817778766413803, 0.00024565216063047616]"
182,0,"[0.9937690531099466, 2.490490212713864e-05, 0.002090146558337489, 0.00011525032164928564, 0.004000645107939323]"
183,0,"[0.6782361803002588, 2.5261527584231345e-05, 0.3144685096714335, 0.002564671980261544, 0.004705376520462015]"
184,0,"[0.9184029894064782, 7.0357741326208415e-06, 0.07875829982606514, 0.0025227356573986563, 0.00030893933592511665]"
185,0,"[0.7922744904584349, 5.961224069472849e-06, 0.20644494987799833, 0.001158215203546923, 0.00011638323595040616]"
186,0,"[0.8758580178203043, 1.6379103880027346e-05, 0.12290153750514887, 0.00028357003593119706, 0.0009404955347357583]"
187,0,"[0.7808149237538548, 0.00032236927636141496, 0.2116451752293172, 0.0019730432102465045, 0.005244488530220072]"
188,0,"[0.8288187132989676, 0.00034463966130225156, 0.15781548146566596, 0.0011004675424230177, 0.011920698031640987]"
189,0,"[0.9751000471989341, 7.725370075307521e-06, 0.019066938407280097, 0.0052448645387846785, 0.000580424484926005]"
190,0,"[0.9972317248841295, 1.1187349942172458e-06, 0.0022286442863262788, 0.0005027912284902614, 3.572086605973176e-05]"
191,0,"[0.9080452911558696, 3.066347284074625e-06, 0.09124578656082327, 0.000467373190269187, 0.00023848274575388826]"
192,0,"[0.8034207896437452, 4.9108699595016234e-05, 0.13000797076684345, 0.06477503370235911, 0.001747097187457412]"
193,0,"[0.9442580525947138, 5.686364596112416e-05, 0.05300878523874721, 0.001899814596672748, 0.0007764839239049466]"
194,0,"[0.943219548156892, 6.240587411076566e-05, 0.053916616515311766, 0.001985412395552358, 0.0008160170581331925]"
195,0,"[0.9839639170713298, 1.2269448065902091e-06, 0.0030268245288944794, 0.012977375198466857, 3.0656256502239966e-05]"
196,0,"[0.6754688442220171, 3.9548848536278644e-05, 0.31461599179594507, 0.0031430356729835306, 0.006732579460518132]"
197,4,"[0.8098423619916878, 5.133321189781067e-05, 0.18344875774383165, 0.0013717897931546266, 0.0052857572594279005]"
198,0,"[0.9774833264769418, 1.0747431275685172e-06, 0.022203425310968767, 0.00014447862898488224, 0.00016769483997690582]"
199,2,"[0.7502363369537244, 9.400380757274954e-06, 0.23598256554756028, 0.013539082927960423, 0.00023261418999767243]"
200,0,"[0.8776819994864643, 0.0013733974901778113, 0.11351191129395423, 0.0011635545680264623, 0.006269137161377251]"
201,0,"[0.9826440631394471, 1.5961854941295503e-06, 0.0030692565537954407, 0.01424877313969821, 3.631098156518193e-05]"
202,0,"[0.8725232028266592, 0.0003282263894279043, 0.12374317489686863, 0.0006351478840481426, 0.0027702480029960235]"
203,0,"[0.8085582554081694, 5.873430417477824e-05, 0.18355623240310318, 0.001480307048840139, 0.006346470835712622]"
204,0,"[0.9884239766455344, 0.00034620916659305163, 0.004877187180191372, 0.0004602871972741982, 0.005892339810406964]"
205,0,"[0.8815995268742158, 0.00012600191437453043, 0.11645176083373303, 0.00041176701692196736, 0.0014109433607546083]"
206,0,"[0.9675506409615798, 5.690365654676226e-06, 0.02943341946429176, 0.0027134560469745774, 0.00029679316149916994]"
207,2,"[0.7511168093182473, 8.918533784347942e-06, 0.23545284560491841, 0.013200549796166312, 0.00022087674688343184]"
208,2,"[0.3070010220901952, 0.0816282079240666, 0.31951614685017377, 0.02683828951942237, 0.26501633361614224]"
209,0,"[0.9748874878066534, 8.189689001127955e-06, 0.019003579584812122, 0.005445043178026784, 0.0006556997415065884]"
210,0,"[0.8140435660538039, 2.3564428145357123e-05, 0.1368513838037843, 0.04783056963493214, 0.0012509160793342448]"
211,0,"[0.7325313126301264, 6.444982014279689e-06, 0.2667178657753357, 0.0004573020705951599, 0.0002870745419285249]"
212,0,"[0.9817232044394127, 0.002409300308004061, 0.003147960312299575, 0.000540949983868801, 0.012178584956415196]"
213,0,"[0.7937882082938365, 5.381961577809843e-06, 0.204984315547639, 0.0011152785054102923, 0.00010681569153651162]"
214,0,"[0.67064798677656, 0.00014952462781410452, 0.3081604420826487, 0.0056368310021340726, 0.015405215510843102]"
215,0,"[0.9939212500610953, 0.00021819360254586063, 0.0014802584270000234, 0.0001719977921193799, 0.004208300117239475]"
216,0,"[0.9176537843979393, 3.164184057892291e-06, 0.08037117639100798, 0.0017659409189414025, 0.00020593410805346883]"
217,0,"[0.8009497476355962, 0.00010979456631121228, 0.18714769075298163, 0.001944685365542269, 0.009848081679568627]"
218,0,"[0.7765426555944858, 0.00028690045545689424, 0.2161368269781459, 0.0018862244284512933, 0.005147392543460195]"
219,0,"[0.9174072964662113, 3.0704287498811293e-06, 0.08064414813971281, 0.001739539917830671, 0.0002059450474953743]"
220,0,"[0.9974747546614827, 3.3991514287014196e-07, 0.002330869447951755, 0.00012507535083882768, 6.896062458370224e-05]"
221,0,"[0.9684739238450829, 4.505734871418649e-06, 0.028821020600247212, 0.0024449193965179177, 0.0002556304232806011]"
222,0,"[0.9942184317127816, 1.8842244497063496e-06, 0.005608383079251963, 0.00010457608793192827, 6.6724895584608e-05]"
223,2,"[0.917479267456379, 3.592338723369491e-06, 0.08039382792973637, 0.001882119469531881, 0.00024119280562934827]"
224,0,"[0.878230073560779, 0.00019299317437193418, 0.11914865208047062, 0.000500227669376667, 0.0019280535150017822]"
225,0,"[0.9083901872769639, 2.349597157583793e-06, 0.09098065466924848, 0.00040927954609694796, 0.00021752891053291248]"
226,0,"[0.9755448163523842, 7.837063806617286e-06, 0.018641439108469895, 0.00520381479333009, 0.0006020926820091623]"
227,0,"[0.7856912828336841, 0.00021345914696348835, 0.20863126431791723, 0.0016155162289242862, 0.0038484774725109317]"
228,0,"[0.6781610633049958, 4.755603751456912e-05, 0.3107196240122438, 0.0033930676373863924, 0.007678689007859492]"
229,0,"[0.9772660449340254, 0.0009940362064980394, 0.0022260838310996, 0.0003765244554980667, 0.01913731057287897]"
230,2,"[0.6747903448982753, 3.429204649111424e-05, 0.3162280475549894, 0.0028993602136443246, 0.006047955286599873]"
231,0,"[0.8740003517055225, 1.7938416167989633e-05, 0.12472690154939656, 0.000289919423002481, 0.0009648889059104158]"
232,0,"[0.8760895435525071, 1.788395411239727e-05, 0.12258471517137466, 0.0002918839990000762, 0.0010159733230057047]"
233,2,"[0.8766856391978242, 1.738942204282675e-05, 0.12202047902269023, 0.0002871670417264928, 0.0009893253157162176]"
234,0,"[0.9098291235673468, 2.027689492359514e-06, 0.08959320063498914, 0.0003822582053797067, 0.0001933899027921984]"
235,0,"[0.9386673636402076, 0.00024702925090620083, 0.055547587085383626, 0.0036443298749240438, 0.0018936901485786684]"
236,2,"[0.8772810036412068, 1.875399806191673e-05, 0.12139690377966462, 0.0002955036968836604, 0.0010078348841831208]"
237,0,"[0.9941987114886612, 0.0003029438493561928, 0.0015248858188356782, 0.00014512897892438335, 0.0038283298642225153]"
238,0,"[0.8514730586197373, 2.280149799428261e-05, 0.13711967970711986, 0.010611497906615376, 0.0007729622685332057]"
239,0,"[0.8257864446406935, 0.0005232745688306457, 0.15656420220252054, 0.001303194655612938, 0.01582288393234227]"
240,0,"[0.9544345980115336, 0.0002574743545271544, 0.03291425069888363, 0.0017570076358116235, 0.010636669299243931]"
241,0,"[0.9974157744267398, 7.122583839277822e-07, 0.0023098843123144403, 0.00016792153586621375, 0.00010570746669554776]"
242,0,"[0.9095717427736604, 2.13598538787158e-06, 0.08984807498644265, 0.0003874140384396075, 0.00019063221606954777]"
243,0,"[0.9432464937449705, 9.619980829177863e-05, 0.05319037193761219, 0.0023865400578851714, 0.0010803944512403829]"
244,0,"[0.8827938009854938, 0.000135595074301695, 0.11515768900782006, 0.00041882451274588935, 0.0014940904196384397]"
245,0,"[0.8204025169645542, 1.9743161555753642e-05, 0.13502082366262072, 0.04351244067225482, 0.0010444755390144583]"
246,0,"[0.8839056693942319, 0.0001698679658636211, 0.11378314809069032, 0.00046819964505121967, 0.0016731149041630472]"
247,0,"[0.8487664205605051, 2.7693166717571945e-05, 0.13871016901329025, 0.011581580774175426, 0.0009141364853117968]"
248,0,"[0.8194013190849724, 2.1008953686846474e-05, 0.13439138841357498, 0.04503561962036802, 0.0011506639273975734]"
249,0,"[0.9066446359515641, 2.612297497966609e-06, 0.09270910458178389, 0.00041937884084498146, 0.00022426832830914974]"
250,0,"[0.8299364662410148, 0.0004168061197916479, 0.15504451785882947, 0.0011808037758284091, 0.013421406004535728]"
251,0,"[0.9926240489743825, 3.8248236127150416e-05, 0.005260354126912604, 0.00017647922479467422, 0.001900869437783122]"
252,0,"[0.8809222705950134, 0.0001514025750658071, 0.11673282497495133, 0.0004472108175916104, 0.0017462910373777197]"
253,0,"[0.8752699715132861, 1.7034737571500058e-05, 0.12342965578253605, 0.0002865155061511913, 0.0009968224604553016]"
254,0,"[0.9743372663932592, 9.627949152574617e-06, 0.0191644815125795, 0.00575038574844363, 0.000738238396565185]"
255,0,"[0.9780967729470206, 1.4991530476096956e-06, 0.021531273492698164, 0.00016241465082481057, 0.00020803975640889432]"
256,0,"[0.9732889067473853, 1.3272041821539791e-05, 0.019123252714432923, 0.006736614175160584, 0.0008379543211995293]"
257,0,"[0.9759637494396656, 0.00011589924153881402, 0.01988903185887472, 0.0005670925101893533, 0.0034642269497312866]"
258,0,"[0.8211670927335856, 0.0004241977029643511, 0.1630232348363353, 0.0012159737900008503, 0.014169500937113982]"
259,0,"[0.9674789734980972, 7.177218853055962e-06, 0.02913067482873007, 0.0030308634932853366, 0.00035231096103450615]"
260,0,"[0.8821033297338994, 0.00015011591767428135, 0.11564454338550348, 0.0004478893206645374, 0.0016541216422582623]"
261,3,"[0.9829107875570406, 1.4770233081436698e-06, 0.003091271380249452, 0.013961964065905021, 3.4499973496767054e-05]"
262,0,"[0.8264007163902978, 0.000411168779219881, 0.15857366949969723, 0.0011914806684260228, 0.013422964662359082]"
263,0,"[0.8737851652011734, 1.595446993167226e-05, 0.12504922787600303, 0.0002787352412131663, 0.0008709172116787547]"
264,2,"[0.6735025892438684, 3.0735272219002077e-05, 0.3176585272880235, 0.0028403989658583127, 0.0059677492300308135]"
265,0,"[0.7418595463088743, 1.4690276084542418e-05, 0.24116926093902447, 0.01664864044582496, 0.00030786203019196265]"
266,2,"[0.7934647860699363, 1.1123622887419237e-05, 0.2048149216483162, 0.0015385881886631548, 0.00017058047019694885]"
267,0,"[0.9974786727936973, 3.738080925210067e-07, 0.0023236957439036242, 0.00012729009757679163, 6.996755673000104e-05]"
268,0,"[0.9424889155904956, 8.484490085167531e-05, 0.05412356529334626, 0.0022992731240085527, 0.0010034010912977473]"
269,0,"[0.8281079099858931, 0.0003169497766557099, 0.1591559415376525, 0.0010640211336690106, 0.011355177566129715]"
270,0,"[0.8464869501252706, 2.752093992640444e-05, 0.14090259347210496, 0.011694781444944275, 0.0008881540177538027]"
271,0,"[0.8554578689808542, 0.0003977174741916648, 0.1350489461137315, 0.0011853384701182553, 0.007910128961104365]"
272,0,"[0.9434276399817193, 5.2901886739507445e-05, 0.053952730619205844, 0.0018449184208814656, 0.0007218090914540473]"
273,0,"[0.757504480354601, 0.00015852102253286575, 0.13128333513791832, 0.10695208804959744, 0.004101575435350235]"
274,0,"[0.9778133406777474, 4.1646203769688584e-06, 0.021585437676731448, 0.0002584707628231756, 0.0003385862623210187]"
275,0,"[0.9166393088647832, 3.060029609916798e-06, 0.08138791186697486, 0.0017547651097216093, 0.00021495412891045932]"
276,0,"[0.9179676651212165, 5.066597438306846e-06, 0.07953127234193241, 0.0021991352628982167, 0.0002968606765143982]"
277,0,"[0.8818675674583419, 0.000279354242864682, 0.11516237167323035, 0.0005852020675272852, 0.002105504558035637]"
278,0,"[0.781487343352517, 0.00027210257321151203, 0.2115217061174649, 0.001843085549509911, 0.004875762407296705]"
279,0,"[0.7359873634717284, 5.268527787683935e-06, 0.26336665256298347, 0.0004127044944638842, 0.00022801094303653046]"
280,0,"[0.9436159686025761, 5.119255935063028e-05, 0.05379119610293705, 0.001830654440878303, 0.0007109882942578492]"
281,0,"[0.8423243695210288, 3.194963594274374e-05, 0.14404698122906445, 0.012573051974593118, 0.0010236476393708242]"
282,0,"[0.973278378109174, 1.3862877796620829e-05, 0.01897477203251055, 0.006841633316978331, 0.0008913536635403264]"
283,0,"[0.994157462183005, 1.18769020079719e-06, 0.005706177180573377, 8.442009267242305e-05, 5.075285354819703e-05]"
284,0,"[0.9402516709507093, 0.0001393857459509858, 0.055387087364353216, 0.0028742640921701193, 0.001347591846816367]"
285,0,"[0.9912838677964313, 7.66573030217077e-05, 0.0020146714669288476, 0.00018529078155415073, 0.006439512652064001]"
286,0,"[0.9154106101920263, 3.4680242801929707e-06, 0.08250467196770807, 0.0018564342741844808, 0.00022481554180093483]"
287,0,"[0.9182276320691173, 5.458290713021762e-06, 0.07919883133725716, 0.00226550749979462, 0.00030257080311804093]"
288,0,"[0.9945255622226509, 2.0010406506133652e-05, 0.0021031689072565233, 0.00010337309838754975, 0.0032478853651987964]"
289,0,"[0.804201442104374, 3.331532956269582e-05, 0.13863926134167992, 0.0555081664329167, 0.0016178147914665609]"
290,0,"[0.9427275941770497, 0.00024206928297566325, 0.05187508266542464, 0.0035668572698891294, 0.0015883966046610885]"
291,0,"[0.9975213749019207, 9.994039287200235e-07, 0.002176251326222328, 0.0002559474551013642, 4.542691282690362e-05]"
292,0,"[0.9071953747505949, 4.177089471031361e-06, 0.09195420684641516, 0.0005271246262878648, 0.0003191166872312237]"
293,0,"[0.12902653477957143, 0.08255431155069143, 0.0018964160292777033, 0.6179859212219003, 0.16853681641855914]"
294,0,"[0.8729591836421854, 1.9117045754863633e-05, 0.12569748839944453, 0.0003026322580151689, 0.0010215786545998765]"
295,0,"[0.7305184674888746, 6.168491195997899e-06, 0.26877391117947114, 0.0004423934093166164, 0.00025905943114174987]"
296,0,"[0.9085746850220745, 2.1298197176656237e-06, 0.09084615674013402, 0.00039039429846550396, 0.000186634119608397]"
297,0,"[0.9776391920164759, 8.257551486170945e-05, 0.01920413251336813, 0.0004781677183516591, 0.0025959322369426474]"
298,0,"[0.994886204652596, 0.00012791897529671752, 0.0015259548909982456, 0.00013827247109985812, 0.003321649010009233]"
299,0,"[0.8101686561135932, 8.052308978645665e-05, 0.18119207239781354, 0.0016909981327877198, 0.006867750266019104]"
300,0,"[0.817619444720147, 1.949188851196233e-05, 0.13750139615591317, 0.04380571918721519, 0.00105394804821268]"
301,0,"[0.9975587809801755, 1.1733730795350764e-06, 0.002114989166348291, 0.00027576071213142436, 4.929576826530883e-05]"
302,0,"[0.8805130843031655, 1.7717783085557237e-06, 0.11880673160756602, 0.0003200116380631416, 0.00035840067289649914]"
303,0,"[0.8701793858446397, 3.866263170375277e-05, 0.12777596377463213, 0.0004163248603549119, 0.0015896628886692406]"
304,0,"[0.908527630840952, 2.055655078036997e-06, 0.09089615963080688, 0.0003876531877121951, 0.0001865006854508531]"
305,0,"[0.8411315299538348, 3.5590533520091966e-05, 0.14448418143751177, 0.013222816076581712, 0.0011258819985513985]"
306,0,"[0.8493265332516435, 2.5858344599695867e-05, 0.13830498468902266, 0.011445431965083365, 0.000897191749650527]"
307,0,"[0.9153959776674341, 9.979304909891173e-06, 0.08120211155795722, 0.002989320749276293, 0.00040261072042242535]"
308,0,"[0.880841137388992, 2.263435766678476e-06, 0.11836666743262252, 0.00035443860601820946, 0.00043549313660084626]"
309,0,"[0.7778037374984975, 0.0002053182640482153, 0.21666809288640684, 0.0016066712456252914, 0.003716180105421918]"
310,0,"[0.7454144390002679, 9.638829171710652e-06, 0.24058655146235663, 0.013748356367795658, 0.0002410143404080096]"
311,0,"[0.7336776581350503, 1.2055430906127565e-05, 0.2653031944233558, 0.0005970894507036113, 0.00041000255998427734]"
312,0,"[0.9672224357133004, 8.72577629445977e-06, 0.029111722359355052, 0.003280910080247517, 0.00037620607080270243]"
313,0,"[0.9084397996738656, 3.4031261858625837e-06, 0.09079558364150223, 0.00048510001490418994, 0.000276113543542175]"
314,0,"[0.8810430055817299, 0.0001422423162502709, 0.11674602360911224, 0.00043743340849488547, 0.0016312950844127139]"
315,0,"[0.9923796844642917, 3.990442817015728e-05, 0.0052698530628571645, 0.00018397454634729745, 0.002126583498333704]"
316,0,"[0.6789301820176766, 2.5292231881088432e-05, 0.313678036127316, 0.002568654939157482, 0.004797834683968802]"
317,0,"[0.9782693767774593, 8.8505922934236e-06, 0.02088046110381902, 0.0003500982552513763, 0.000491213271177078]"
318,0,"[0.9125586503398502, 1.934682332391855e-05, 0.08282249473516802, 0.004002675168367044, 0.0005968329332908916]"
319,2,"[0.8794046609622174, 0.0002380147664092215, 0.11781238914376298, 0.0005483748814691342, 0.0019965602461411956]"
320,0,"[0.8810040096714353, 0.00012379676286493205, 0.11706454601373996, 0.0004077907553981547, 0.0013998567965614144]"
321,0,"[0.8517049013429983, 2.4107678468008217e-05, 0.13637038618142017, 0.011052246948537993, 0.0008483578485755731]"
322,2,"[0.8782843964007583, 2.264153107441976e-06, 0.1209557659029883, 0.0003464526072073739, 0.00041112093593869217]"
323,0,"[0.7495223757404876, 8.157256961967712e-06, 0.23756307151429465, 0.012699652072752945, 0.00020674341550288555]"
324,0,"[0.917477162815887, 3.2700870893423715e-06, 0.08051287251323136, 0.001788516879756262, 0.00021817770403591798]"
325,0,"[0.992573420758182, 3.818565588001597e-05, 0.0052922249239235105, 0.00017765375078925697, 0.0019185149112254125]"
326,0,"[0.9682121588389289, 7.19869361505669e-06, 0.028423313229924384, 0.0030005120193118645, 0.0003568172182199537]"
327,3,"[0.9438216394130766, 9.625690004514403e-05, 0.05255932507386294, 0.002394717818360206, 0.0011280607946548653]"
328,0,"[0.7851075255665214, 8.375664036363987e-05, 0.13130753501973272, 0.08105668997369861, 0.0024444927996836972]"
329,0,"[0.8746378479684046, 1.642598864161917e-05, 0.12415874054766968, 0.000281785548653077, 0.0009051999466310602]"
330,0,"[0.9950338389818382, 0.0014965773330779901, 0.0017053961747837928, 0.00018208903296965166, 0.0015820984773302208]"
331,0,"[0.8037343841389925, 3.221169695208382e-05, 0.13999028275808578, 0.054664515752069244, 0.001578605653900403]"
332,0,"[0.678470013199385, 2.846847806420922e-05, 0.3136495445939404, 0.0026846865933319087, 0.00516728713527841]"
333,0,"[0.9974183280417946, 4.3138644180058585e-07, 0.002359987503860357, 0.0001382258783018045, 8.302718960134897e-05]"
334,0,"[0.974362269479998, 1.100938894524515e-05, 0.018704626074488424, 0.006130240787266493, 0.0007918542693018648]"
335,0,"[0.9445872198980085, 0.00018335412661049956, 0.05064861376534201, 0.0031383141101546264, 0.0014424980998843844]"
336,0,"[0.8289423384880115, 0.00030613817725030185, 0.1590289374720987, 0.0010405125659867906, 0.010682073296652715]"
337,0,"[0.9088270181928677, 3.638783987376947e-06, 0.09040877579158763, 0.0004972426213461206, 0.0002633246102111023]"
338,0,"[0.8797532692927184, 1.8214921613200515e-06, 0.11958057758209123, 0.0003185106943405579, 0.0003458209386887483]"
339,0,"[0.9675893385894679, 7.946234770317703e-06, 0.0288810522002689, 0.0031465066249181987, 0.00037515635057482256]"
340,0,"[0.917549933507016, 3.852318556033805e-06, 0.08028731912873065, 0.001913881408564239, 0.00024501363713297564]"
341,0,"[0.9942046856283673, 1.2965878983274328e-06, 0.005649437982878693, 8.813937967442046e-05, 5.644042118157369e-05]"
342,2,"[0.8488424863087562, 2.9073554925062517e-05, 0.13818744483140652, 0.011969199204253942, 0.0009717961006582707]"
343,0,"[0.6767080129831196, 2.818461780442911e-05, 0.31530579797341457, 0.0026832454118754442, 0.005274759013785969]"
344,0,"[0.7364185050952242, 9.314783637049717e-06, 0.2626913021953497, 0.0005325328878117578, 0.0003483450379771565]"
345,0,"[0.9965595874453778, 7.934762374731318e-07, 0.0021193173457133624, 0.001273493703215257, 4.680802945619195e-05]"
346,0,"[0.9943845696304219, 5.079609529734569e-06, 0.005345148410917575, 0.00015715437689168874, 0.00010804797223890239]"
347,0,"[0.9942426341108915, 1.1983113712332927e-06, 0.005617294104873951, 8.555374030589987e-05, 5.331973255727893e-05]"
348,0,"[0.9943496445610782, 9.92777143281877e-07, 0.005524672052929989, 7.881422997072219e-05, 4.587637887787864e-05]"
349,0,"[0.7396708107822895, 1.6962126589962347e-05, 0.25920616172398947, 0.0006866079573845158, 0.0004194574097465903]"
350,0,"[0.748512527132624, 1.141830629311924e-05, 0.23639320726125776, 0.014799541414590866, 0.0002833058852344872]"
351,0,"[0.8458965051579282, 2.8135252392632453e-05, 0.14136686156606784, 0.011773125184348787, 0.0009353728392624537]"
352,0,"[0.9913107476310545, 0.00025151655716248165, 0.006263908737647127, 0.0009061932886172995, 0.0012676337855186753]"
353,0,"[0.8311480156546318, 0.00031271640744070226, 0.15623594361415064, 0.0010493338340876847, 0.0112539904896891]"
354,2,"[0.8805277521365749, 2.836102300323251e-06, 0.11857188790775194, 0.00038697099374368683, 0.0005105528596291024]"
355,0,"[0.9971453518893535, 1.344013527937745e-06, 0.002275849283428403, 0.0005370004566541837, 4.045435703584156e-05]"
356,0,"[0.7386900167519882, 5.3988480779991115e-06, 0.26065605280807347, 0.00041354579124481655, 0.000234985800615395]"
357,0,"[0.7459354448117822, 1.0112541507915623e-05, 0.23986531119350424, 0.01393995733009739, 0.0002491741231083664]"
358,0,"[0.9940406938309008, 0.0003230379000026439, 0.0015260269399480933, 0.00014969979416041133, 0.003960541534988092]"
359,2,"[0.8827356008768689, 0.00011814276490582966, 0.1154072947387502, 0.0003961786571828048, 0.0013427829622923398]"
360,0,"[0.997491317921679, 3.3623768826002983e-07, 0.0023199436792251888, 0.00012187244497664333, 6.652971643088371e-05]"
361,0,"[0.9083169157429211, 2.0299905833185482e-06, 0.09111120340781921, 0.0003826097589354006, 0.00018724109974113597]"
362,0,"[0.9080654436917542, 5.689183776478392e-06, 0.09097891816236212, 0.0005967228517219585, 0.00035322611038499075]"
363,0,"[0.8073702595179538, 3.338160036908218e-05, 0.13560504340734617, 0.055418651841228114, 0.0015726636331026022]"
364,2,"[0.7463032853669459, 1.0149839588461768e-05, 0.23955635859312086, 0.013886154832799459, 0.0002440513675455492]"
365,0,"[0.7462911111519468, 1.0883016977108627e-05, 0.23903789788415453, 0.014396389930191773, 0.0002637180167298109]"
366,0,"[0.7804047244670497, 0.0002562169366133666, 0.21279817935160947, 0.0017867381696802295, 0.004754141075047432]"
367,0,"[0.9962308572682785, 3.1187302520278635e-06, 0.0035275291486428434, 0.000163324826128104, 7.51700266984434e-05]"
368,0,"[0.9168992773613917, 3.2678990928095147e-06, 0.08109827021847923, 0.0017848726239149684, 0.0002143118971216393]"
369,3,"[0.2576391809845932, 0.014878050548186096, 0.08000478306742416, 0.5402198563583883, 0.10725812904140823]"
370,0,"[0.8798801491798479, 0.0007719272677583249, 0.1140097194304179, 0.0008971100514378307, 0.004441094070537986]"
371,0,"[0.9173709367301539, 4.1579635745183e-06, 0.08036987542409896, 0.0020058550490410242, 0.0002491748331317217]"
372,2,"[0.7950115305741713, 2.7624492054098887e-05, 0.20244918118722596, 0.0022379351097915412, 0.00027372863675721346]"
373,0,"[0.793927002490017, 1.2635420684872246e-05, 0.20426459033555108, 0.0016085518008722268, 0.00018721995287467554]"
374,0,"[0.8272039760748527, 0.000497019645547413, 0.15609141337698976, 0.0012833084164228376, 0.01492428248618732]"
375,0,"[0.7367877015108184, 6.181051974540427e-06, 0.2624932073310406, 0.0004436368352200032, 0.00026927327094639287]"
376,0,"[0.9680594954486679, 6.356378342020317e-06, 0.028776179345552266, 0.0028594312515375533, 0.00029853757590039576]"
377,0,"[0.9745947356410767, 1.0176446369761271e-05, 0.018706775364497677, 0.005932528967684737, 0.0007557835803710289]"
378,0,"[0.8529050519835292, 2.4767512040262375e-05, 0.13516053276844842, 0.011059503934081966, 0.000850143801900363]"
379,2,"[0.8068119814230601, 0.0014916705442802195, 0.16165366087731828, 0.0020617475140645154, 0.027980939641276764]"
380,0,"[0.8498600827165684, 2.4051459462870847e-05, 0.13837720322631897, 0.01092999734277196, 0.0008086652548778402]"
381,3,"[0.7467095617247007, 1.3267167664157049e-05, 0.23728259547901073, 0.015684517612081252, 0.0003100580165432112]"
382,0,"[0.978049473347172, 1.1552362596325275e-06, 0.021629636159652417, 0.00014582257914011644, 0.00017391267777587]"
383,0,"[0.8435097865596235, 3.103949925609652e-05, 0.1431819090099839, 0.01227963455893882, 0.000997630372197707]"
384,0,"[0.9782879143754424, 4.849053812078571e-05, 0.01935132368430423, 0.0003779008485946793, 0.001934370553537831]"
385,0,"[0.7948365796123459, 1.0336354558371846e-05, 0.20351858113567872, 0.0014707139845849015, 0.00016378891283200676]"
386,0,"[0.6820692513462927, 2.966616554993931e-05, 0.3099213262054462, 0.002706424772987737, 0.005273331509723345]"
387,0,"[0.8750439123318022, 1.9208766480548888e-05, 0.12362810080375561, 0.00029858208034263547, 0.0010101960176190378]"
388,0,"[0.8746852127091101, 1.7822985372414343e-05, 0.1240474814211368, 0.00029018106366449125, 0.0009593018207161723]"
389,0,"[0.7467999607822318, 9.937821646430479e-06, 0.2391804921603206, 0.013766713970890366, 0.00024289526491094648]"
390,0,"[0.8806224386527874, 0.00020499113573959344, 0.11658646648421746, 0.000507121827568689, 0.0020789818996868356]"
391,0,"[0.9923933207645345, 3.862301417969214e-05, 0.0020960109321088946, 0.0001383651073382446, 0.005333680181838726]"
392,0,"[0.9176299717623125, 3.640412348472111e-06, 0.08022739094623, 0.0018948032551122892, 0.00024419362399659433]"
393,0,"[0.997546871408713, 1.0026288269932553e-06, 0.00215598408107565, 0.00025311373830285956, 4.302814308161762e-05]"
394,3,"[0.9675600363286588, 5.96540194365522e-06, 0.029298820321449703, 0.002809306216481605, 0.0003258717314660967]"
395,0,"[0.7928937580475565, 6.68032139283558e-06, 0.20575047317282943, 0.001214173647726363, 0.00013491481049493815]"
396,2,"[0.850058917991519, 2.3134766935214655e-05, 0.13832623904366412, 0.010786286990316378, 0.000805421207565389]"
397,0,"[0.9959418360394828, 0.00031664603152005254, 0.0014432119732143633, 0.00013267448007396493, 0.002165631475708755]"
398,0,"[0.8061371696163274, 3.068524219211066e-05, 0.13900598272872342, 0.0532836967473081, 0.0015424656654489017]"
399,0,"[0.8185825423401561, 2.2871285051066913e-05, 0.13358962583499528, 0.04659187849718888, 0.0012130820426087421]"
400,1,"[0.00016361960474729997, 0.7665238773709193, 0.00011190838083116475, 0.0019491597072720968, 0.23125143493623018]"
401,1,"[0.0018543352302709119, 0.10740275333157284, 0.002451174757489057, 0.0021764149857364918, 0.8861153216949307]"
402,4,"[0.0011219373350970308, 0.28136888929414877, 0.0013717665407919737, 0.0011066544527231278, 0.7150307523772391]"
403,4,"[0.001440250502520496, 0.05169050251576753, 0.00388448028903732, 0.005057588847783365, 0.9379271778448912]"
404,4,"[0.0014978470600466663, 0.1792692716062949, 0.0029928337866751632, 0.030434924749203843, 0.7858051227977794]"
405,1,"[0.000453513922610912, 0.5665772909247938, 0.0017879666181857576, 0.042883569361243455, 0.38829765917316605]"
406,4,"[3.434783250475712e-05, 0.5791635459387795, 6.875450836630614e-05, 0.0002127768838663352, 0.4205205748364829]"
407,1,"[0.002780742989661903, 0.48692183072026995, 0.008371183651955416, 0.006314090036157479, 0.4956121526019553]"
408,4,"[0.004452542244766938, 0.3334186845867154, 0.00012567299485143857, 0.000968641695974336, 0.6610344584776919]"
409,4,"[0.000853091479414295, 0.30243093637721574, 0.0010631909765060569, 0.000996078316742372, 0.6946567028501215]"
410,1,"[0.0025712774695100197, 0.5472369207609538, 8.270408233113534e-05, 0.005657648502703082, 0.4444514491845021]"
411,1,"[5.8822558717569165e-05, 0.5768704018948584, 0.00017403930344541703, 0.0005427241615767967, 0.4223540120814017]"
412,4,"[0.009327953365398208, 0.16923555055465997, 0.0062416619483289075, 0.03777639279387805, 0.777418441337735]"
413,4,"[0.0011994553596704224, 0.14136412846526358, 0.0003604461870534304, 0.0008165295329986061, 0.856259440455014]"
414,4,"[0.0007900065814339738, 0.21257376574024506, 0.0010288810365931729, 0.002364030402408343, 0.7832433162393193]"
415,4,"[0.0006339150747414912, 0.42097750165465747, 0.0024289856369945815, 0.04590082675814474, 0.5300587708754617]"
416,4,"[0.0009560874835304572, 0.32121504741758605, 0.001283622124004906, 0.0023833987432830997, 0.6741618442315955]"
417,4,"[4.425263168518422e-05, 0.6795206826690302, 0.00013120159782476997, 0.0004909518800327125, 0.3198129112214271]"
418,1,"[0.0027488389333017852, 0.9610823427821328, 1.5420596670471916e-05, 0.00018907539746197078, 0.035964322290433046]"
419,4,"[0.0075617673439116965, 0.21949928071496025, 0.005067856852576833, 0.03779000056287586, 0.7300810945256754]"
420,1,"[0.0005023062962150535, 0.17761266925342595, 0.0009276985400022587, 0.0010876154294810181, 0.8198697104808756]"
421,4,"[0.0036195407320005293, 0.37385474285152737, 0.00010865133869284534, 0.005864440847750016, 0.6165526242300292]"
422,4,"[0.002991415634940367, 0.41475613791204263, 0.008718293334737235, 0.006155614446882824, 0.567378538671397]"
423,1,"[0.0006842514658034788, 0.6687312748479525, 0.002266566508279916, 0.005739532724084151, 0.3225783744538801]"
424,1,"[0.006344146451409198, 0.7398261850719452, 3.6935050003644744e-05, 0.0004343451188563333, 0.25335838830778556]"
425,4,"[0.0013855848477176075, 0.04000780049081503, 0.0039782405467757515, 0.004524680840823239, 0.9501036932738683]"
426,4,"[0.004862472812716748, 0.09794786265084009, 4.885226078834432e-05, 0.00044161580733444026, 0.8966991964683204]"
427,4,"[0.009783089345629296, 0.26174594121855155, 6.484023586802412e-05, 0.0005654780107487272, 0.7278406511892025]"
428,1,"[0.0013860503797634399, 0.4187999910396608, 0.004427231591900259, 0.007052828583980864, 0.5683338984046945]"
429,4,"[0.0012131128199276394, 0.46995187618996426, 0.003895392328695956, 0.006893641065185954, 0.5180459775962262]"
430,1,"[0.0031913099044683225, 0.37057224551554574, 0.009182828867448665, 0.006089321753081429, 0.6109642939594558]"
431,4,"[0.0005569886487038385, 0.09460380292292819, 0.001570587090218388, 0.003982103041524705, 0.8992865182966249]"
432,4,"[0.0007940446091071007, 0.36803366921760355, 0.002992990875380562, 0.04880227222923543, 0.5793770230686733]"
433,4,"[0.006393360291648248, 0.07169328195182413, 6.442101742732719e-05, 0.00044875753567170403, 0.9214001792034286]"
434,4,"[3.2611900530245e-05, 0.5855746680851591, 6.578589620480315e-05, 0.00020730453107631634, 0.4141196295870294]"
435,4,"[0.00017304981145278703, 0.3032957145007002, 0.0003550688475096197, 0.043035339038895046, 0.6531408278014422]"
436,4,"[0.00020006130906622345, 0.28764811263797363, 0.00041259604087610284, 0.04575621242985957, 0.6659830175822244]"
437,4,"[0.0005035826443951562, 0.1757576480401419, 0.0009291653300721501, 0.0010854242190149054, 0.8217241797663759]"
438,1,"[0.005148489640465922, 0.10998383052458152, 5.161673564425846e-05, 0.00047501920124929276, 0.884341043898059]"
439,4,"[0.006125048387187737, 0.26381094252839266, 0.0041823839906604595, 0.036444846955067264, 0.6894367781386919]"
440,1,"[0.0002191524862757138, 0.5739454497918497, 0.0004381539302597189, 0.016957365484464734, 0.4084398783071502]"
441,4,"[0.0005280612525608711, 0.1696973423575246, 0.0009581671677008973, 0.0010901642931224465, 0.8277262649290911]"
442,4,"[4.037049954527308e-05, 0.4447591889456762, 7.790170124486946e-05, 0.00020932714014098178, 0.5549132117133927]"
443,1,"[3.748136763743457e-05, 0.4465057066241314, 7.375302222954738e-05, 0.00020279204075784147, 0.5531802669452438]"
444,4,"[0.005114314536749726, 0.08669006262445758, 5.068734618195119e-05, 0.00042950338539211234, 0.9077154321072185]"
445,4,"[0.0011997196527015251, 0.09120115448241377, 0.0015381289806800141, 0.0020833079502909084, 0.9039776889339137]"
446,4,"[0.014057682776245172, 0.5056238604755222, 7.33127448021322e-05, 0.0005995152089235645, 0.4796456287945069]"
447,1,"[0.0004989546005380953, 0.18633223136495658, 0.0009326969805486584, 0.0011051713212372669, 0.8111309457327194]"
448,1,"[0.006289129700807855, 0.25131351858728185, 0.004275780758493545, 0.03630912707012187, 0.7018124438832949]"
449,4,"[0.011868907285887036, 0.5396219950434801, 6.734292705582954e-05, 0.0007426598717770661, 0.4476990948718]"
450,1,"[0.00014410095499739923, 0.43066935428461295, 0.0003096650231485952, 0.04510828297897343, 0.5237685967582677]"
451,1,"[0.00016366990021228305, 0.7670979795699782, 0.00011240670198499447, 0.0019529775594589812, 0.23067296626836564]"
452,3,"[0.0004319371663410455, 0.5934266088960313, 0.0017223024232251149, 0.0425063574731584, 0.3619127940412441]"
453,1,"[4.253155441524152e-05, 0.7120742631347794, 0.00012828371355798834, 0.0004884903231332746, 0.2872664312741141]"
454,4,"[0.002746809720515395, 0.17456017115609668, 9.292052461910257e-05, 0.0016851646632118343, 0.820914933935557]"
455,4,"[0.0007860914011641262, 0.4384296900725201, 0.0010134897677089064, 0.0011028424243458843, 0.558667886334261]"
456,1,"[0.00045568453040582287, 0.4951734528837022, 0.0017730075804407869, 0.0409757520626819, 0.46162210294276923]"
457,1,"[0.00018160836866192966, 0.2917520837799266, 0.00037272174327092616, 0.04344141144038093, 0.6642521746677597]"
458,1,"[0.0001562784454367265, 0.3795028320012735, 0.00032746544519382195, 0.04453274619774404, 0.575480677910352]"
459,1,"[0.000684641637225149, 0.4513774005488453, 0.0009066941599844339, 0.0010481426491266215, 0.5459831210048185]"
460,4,"[0.003317372360506775, 0.3501664628367927, 0.009667099900295927, 0.006138771288465546, 0.630710293613939]"
461,1,"[0.00015538590540702978, 0.3437001261983123, 0.0003218095329254424, 0.0425366231136959, 0.6132860552496594]"
462,4,"[0.00702519188428306, 0.3919365138933065, 0.0015835399598685884, 0.05254254369309781, 0.5469122105694441]"
463,1,"[0.00019770171682588695, 0.6944662216957934, 0.0001322841435361352, 0.002099419706123287, 0.3031043727377213]"
464,4,"[0.0008783476036751311, 0.3312060362845638, 0.0012000975142900591, 0.002318311110304531, 0.6643972074871665]"
465,1,"[0.0008554011610796612, 0.3110540153504272, 0.0010751737412665536, 0.0010124660211720466, 0.6860029437260545]"
466,4,"[0.0005104321783281565, 0.17656834231738786, 0.0009401674261515113, 0.001092418297464936, 0.8208886397806676]"
467,4,"[0.0032272653896212276, 0.29377054829107013, 9.481776951355154e-05, 0.013562406816906382, 0.6893449617328886]"
468,4,"[0.0033988358051416346, 0.3020813463228936, 0.0003742862087171481, 0.0015933061218881591, 0.6925522255413594]"
469,1,"[0.0007549274910994091, 0.5887302834537398, 0.0024411734735358195, 0.005798450099164977, 0.40227516548246006]"
470,1,"[0.0005615444663392249, 0.4433871504457196, 0.0021494305381311693, 0.04418032805404952, 0.5097215464957605]"
471,4,"[0.0007756228504280218, 0.340878815778413, 0.0009817313770052567, 0.0009929738603955446, 0.6563708561337581]"
472,1,"[3.603103599808909e-05, 0.48370088598075084, 7.063989894891695e-05, 0.00020415602569651307, 0.5159882870586057]"
473,4,"[0.00025219929469747697, 0.4170022399691697, 0.00048393671721327436, 0.01618589618608315, 0.5660757278328364]"
474,4,"[0.0009927529534795004, 0.27535028771984355, 0.0012382315637717533, 0.0010359556468014757, 0.7213827721161038]"
475,4,"[0.0007128893080092216, 0.6301682817372459, 0.002338545906403331, 0.0057819086876397625, 0.3609983743607018]"
476,4,"[0.007069543810966967, 0.33432797081219395, 0.0015575150478992876, 0.04972222641902086, 0.6073227439099189]"
477,1,"[0.04591745375036694, 0.07154956903737289, 0.031529689168085503, 0.06213752230523367, 0.7888657657389411]"
478,4,"[7.963728502132228e-05, 0.4965560763830803, 0.00022789730269104399, 0.0005979896442454771, 0.5025383993849618]"
479,4,"[0.007350469885290719, 0.45232542595495323, 5.1185449245793884e-05, 0.0006092669257823989, 0.5396636517847279]"
480,1,"[2.9717117573286783e-05, 0.5814517412618095, 6.103943664900926e-05, 0.00019900024721926802, 0.41825850193674896]"
481,1,"[0.000317394417279754, 0.41209825921252646, 0.0006006894378251894, 0.01829395632084624, 0.5686897006115225]"
482,4,"[0.00015433083205007605, 0.7933839326224217, 0.000200676467225135, 0.0003319784119452727, 0.20592908166635773]"
483,1,"[0.0006672085845017757, 0.6777120005797379, 0.00223819763032327, 0.005689527306213875, 0.3136930658992233]"
484,1,"[0.00014058299968415478, 0.8065841797311286, 0.0001852174285214215, 0.00031933793015202907, 0.19277068191051366]"
485,1,"[0.0004966968271786543, 0.13239355801878366, 0.001444730722587748, 0.00432179044777787, 0.861343223983672]"
486,4,"[0.00032344777718850293, 0.3590063001334133, 0.0006277646394602316, 0.017518310523303857, 0.6225241769266341]"
487,4,"[0.0004622507777513416, 0.2489454854873878, 0.00011490559993080214, 0.0124241667026038, 0.7380531914323264]"
488,4,"[0.00026273508785029344, 0.6530555556995414, 0.0001688999909781425, 0.0023564166492275837, 0.3441563925724027]"
489,4,"[0.00044288871089878077, 0.3636884295115976, 0.00011401365696175699, 0.01417328297156754, 0.6215813851489743]"
490,1,"[0.0011596367748024554, 0.2972455450551643, 0.004545520678566397, 0.0556523780457789, 0.6413969194456879]"
491,4,"[0.002699664865806522, 0.4751244081151783, 0.00022047549296947276, 0.0011627589474753834, 0.5207926925785703]"
492,4,"[3.7659333944262264e-05, 0.5449888383118792, 7.478268309926234e-05, 0.00021778188287683092, 0.4546809377882004]"
493,1,"[0.002772605518333786, 0.5296914591586525, 8.761082943707272e-05, 0.0058122903022609865, 0.4616360341913158]"
494,4,"[0.001838753178448542, 0.17451762469131493, 0.0022560883168025255, 0.0011805861348641302, 0.8202069476785698]"
495,4,"[0.0002495885050613783, 0.4562965108349408, 0.00048090441497966515, 0.016634198129814242, 0.5263387981152039]"
496,4,"[3.027713481646728e-05, 0.5911386831456158, 6.207635485424587e-05, 0.00020172803322259517, 0.40856723533149075]"
497,1,"[5.0002967015879013e-05, 0.6107959199555463, 0.0001450372452322643, 0.0005027247579362724, 0.3885063150742693]"
498,4,"[0.007278820670353872, 0.30468630931820134, 0.0015827164352190868, 0.04840427332058899, 0.6380478802556367]"
499,4,"[0.00014037482344068868, 0.44570065371745504, 0.00030482647204324034, 0.04477640776577035, 0.5090777372212907]"
500,4,"[0.0007671223383722573, 0.06737548895719059, 0.0013524254355181016, 0.0009073287847470319, 0.9295976344841721]"
501,4,"[4.65091586224922e-05, 0.6696255275514018, 0.000137500947795326, 0.0005011779448898935, 0.3296892843972903]"
502,4,"[0.0003975628001099369, 0.6081781227287848, 0.0015990696500678382, 0.04099832912574725, 0.3488269156952902]"
503,1,"[0.006848659161226829, 0.39216746320743595, 0.0015474040942408777, 0.05189199915500568, 0.5475444743820906]"
504,4,"[3.354424500373558e-05, 0.5551783980084947, 6.741023924026262e-05, 0.00020765544906045506, 0.44451299205820083]"
505,4,"[0.00026748574033785626, 0.6123465914938904, 0.00017382719332592863, 0.002349889521535813, 0.3848622060509101]"
506,4,"[0.0005189878731827587, 0.24084177274258217, 0.0001277041399026831, 0.013073650689515593, 0.7454378845548167]"
507,4,"[0.04770694535392551, 0.01235134775127402, 0.0922668068890468, 0.01637345683699332, 0.8313014431687604]"
508,4,"[0.005109163713507633, 0.14357258645036158, 5.270707121242871e-05, 0.000531552697131078, 0.8507339900677874]"
509,4,"[0.004986830274601408, 0.12888479365857095, 5.0574279425182795e-05, 0.0005008675451969469, 0.8655769342422055]"
510,1,"[0.004874051389584844, 0.3323484563041769, 0.005583242079358014, 0.0014919267996081275, 0.6557023234272721]"
511,4,"[0.031099159732821076, 0.10399515865229372, 0.006914871158696198, 0.06837556561541505, 0.7896152448407739]"
512,1,"[0.0007324998687060644, 0.2143140835552394, 0.0009576878693848106, 0.0023021714203713766, 0.7816935572862983]"
513,4,"[0.02906446927438821, 0.06319447032248511, 0.03181718156715088, 0.003325272365956229, 0.8725986064700195]"
514,4,"[0.0001716207395171818, 0.33524142915166427, 0.00035397891065050934, 0.0452701631580442, 0.6189628080401238]"
515,1,"[0.00019877366203827223, 0.69437412212384, 0.0001323793139449816, 0.002110420157421222, 0.30318430474275554]"
516,1,"[0.015342316413946473, 0.42044394721296835, 8.339389712008058e-05, 0.0005989118663400641, 0.5635314306096251]"
517,4,"[0.0010227012940941052, 0.22182306028884172, 0.001326254539376627, 0.002130947019644535, 0.7736970368580431]"
518,4,"[0.0004423681503236855, 0.35469252534106366, 0.00011456725449475661, 0.014084031527279394, 0.6306665077268386]"
519,1,"[0.0010238373010158298, 0.24548759419106486, 0.0012989640814905265, 0.0010194926513600183, 0.7511701117750688]"
520,4,"[4.2023277665685224e-05, 0.7290778257495169, 0.00012735829428103823, 0.0004904659236553372, 0.27026232675488115]"
521,1,"[0.00019990024197024482, 0.6964075178520179, 0.0002512482025629751, 0.0003702570609360651, 0.30277107664251285]"
522,4,"[0.000986851636894309, 0.2297750752817365, 0.0012984739082834544, 0.0021338211699311726, 0.7658057780031545]"
523,1,"[0.013041208332427355, 0.7657601200413089, 8.016879020783068e-05, 0.0007176670315805402, 0.22040083580447511]"
524,4,"[0.005903909930719165, 0.3058670198676108, 0.0041316181205434035, 0.03840707942122253, 0.6456903726599041]"
525,1,"[0.00015645143005777324, 0.7905715800390439, 0.00020423022398315208, 0.00033791846161320305, 0.20872981984530192]"
526,4,"[0.004530525413038418, 0.30035950108432335, 0.0001271692282112216, 0.0009421375565781924, 0.6940406667178488]"
527,1,"[0.0004123019734634776, 0.2752251172934968, 0.00010639593160301638, 0.012270141853606887, 0.7119860429478299]"
528,1,"[0.0001482961446055577, 0.37564659979526427, 0.0003139165132508165, 0.04379629866008876, 0.5800948888867906]"
529,4,"[0.003024737354463802, 0.4501447677117095, 9.366981304169881e-05, 0.005814709311707552, 0.5409221158090775]"
530,1,"[0.006599210163736982, 0.7396878257202805, 3.872723586601113e-05, 0.0004455044623895747, 0.25322873241772703]"
531,4,"[0.002783754140086846, 0.43216611001089983, 0.008367694928515471, 0.006105725942639418, 0.5505767149778584]"
532,1,"[0.000870571075496525, 0.27467644568118293, 0.0010906438462840015, 0.0009720158226277759, 0.7223903235744087]"
533,4,"[0.0012363156878596436, 0.4311141126854517, 0.0039661084317822075, 0.006751314596059227, 0.5569321485988473]"
534,4,"[0.0001960657712957811, 0.6992486133312658, 0.00024914922595058945, 0.00036841657317961607, 0.2999377550983083]"
535,4,"[0.0011037464523928487, 0.14765120047104882, 0.0014490376473898683, 0.0018868928461103654, 0.8479091225830581]"
536,4,"[0.00022623166199400575, 0.5612876353639679, 0.00045303053791793073, 0.01729157667071988, 0.4207415257654003]"
537,1,"[0.001136010968303869, 0.22571904598778275, 0.00036556698577242566, 0.0009782957428489574, 0.771801080315292]"
538,4,"[0.0005716531192478366, 0.09383820033862932, 0.0016180608225919676, 0.0040551047499543845, 0.8999169809695765]"
539,4,"[0.0009156032603190909, 0.3251103257060573, 0.0012448596833206553, 0.0023602594923658347, 0.6703689518579372]"
540,3,"[0.0003886225518825904, 0.6110135405249818, 0.0015903940430535039, 0.040888910826540524, 0.3461185320535416]"
541,4,"[0.0005206836944470887, 0.20517797674486196, 0.00012927220246760203, 0.012271988332475756, 0.7819000790257475]"
542,4,"[0.003626243327044161, 0.4365284613200835, 0.00014485699742885455, 0.12836383051863642, 0.4313366078368071]"
543,4,"[0.0004538964347572332, 0.5200786022701519, 0.001771303731474771, 0.04174707806796962, 0.43594911949564635]"
544,1,"[0.0004897846619024756, 0.25203678421019327, 0.00012090638833061658, 0.01279764777318239, 0.7345548769663913]"
545,4,"[0.00044797992099802225, 0.27191889203235475, 0.0001125417963933547, 0.012640351643448027, 0.7148802346068057]"
546,4,"[0.006867489375669055, 0.38664591526178843, 0.0015519856929278402, 0.05159849198115879, 0.5533361176884559]"
547,4,"[5.2591775673591925e-05, 0.5957015092048027, 0.00015264957759486206, 0.0005140620436492007, 0.4035791873982796]"
548,4,"[0.0011771754849031527, 0.20464503018723385, 0.0014771986548209747, 0.0010115835121513592, 0.7916890121608907]"
549,4,"[0.007288880824950311, 0.38592606197599433, 0.0016318275792447923, 0.053119277228826346, 0.5520339523909842]"
550,3,"[0.00023353460360542376, 0.5610614500030807, 0.00045939959079912147, 0.017348303708041347, 0.4208973120944735]"
551,4,"[0.0007866881247100136, 0.2371172115452522, 0.001024355194021038, 0.0024593752730914234, 0.7586123698629254]"
552,1,"[0.005828116625257974, 0.7133540933385037, 3.2987506137414804e-05, 0.0004331000423762348, 0.28035170248772445]"
553,1,"[4.173465941900392e-05, 0.6807765090546194, 0.00012444635245093097, 0.0004749528428156383, 0.31858235709069505]"
554,4,"[0.045260603197550035, 0.06979792705200119, 0.031090965905739135, 0.061513607156087634, 0.792336896688622]"
555,4,"[0.0037517201166125205, 0.3231874447094973, 0.010805346927890466, 0.006270016358528166, 0.6559854718874715]"
556,4,"[0.002994404796221217, 0.4721543400275872, 0.008943781182718626, 0.006472803893485105, 0.5094346700999879]"
557,4,"[0.000519723869022727, 0.17873043872443947, 0.0009536479448404242, 0.0011082657900328534, 0.8186879236716645]"
558,4,"[0.004921094351500769, 0.09009875170957699, 4.936284209003118e-05, 0.00042944476416485505, 0.9045013463326673]"
559,4,"[0.007718981788505036, 0.21506920888280062, 0.00524728757568077, 0.03799021416570161, 0.7339743075873121]"
560,1,"[0.00022358950795316226, 0.5539680635216954, 0.0004421807689598413, 0.016982136573634902, 0.42838402962775673]"
561,1,"[0.0027453169253584208, 0.48771398097853397, 0.008327687801682216, 0.00629562956278284, 0.4949173847316426]"
562,1,"[3.2253775013749125e-05, 0.574588802395179, 6.518420097365444e-05, 0.0002058267262182107, 0.42510793290261534]"
563,4,"[0.007572823084714028, 0.7659335673698479, 4.356375821946449e-05, 0.00047422305092983643, 0.2259758227362888]"
564,4,"[0.007405201166275483, 0.276067309143206, 0.0015958631983501862, 0.04674729410411513, 0.6681843323880533]"
565,1,"[0.00823230996547356, 0.23992932842949768, 0.0017461943677927413, 0.046510399317770526, 0.7035817679194656]"
566,4,"[0.003097057973132633, 0.4330640736525651, 0.0003422525870487654, 0.001728100494016791, 0.5617685152932368]"
567,1,"[0.0008710704184050282, 0.32053503994770316, 0.0011855005847393404, 0.0022755838714723703, 0.6751328051776802]"
568,4,"[0.000817555783135735, 0.3423429118426199, 0.0010184971456114573, 0.0010160534587258588, 0.6548049817699071]"
569,3,"[0.006368503451975552, 0.26351578797340425, 0.004334003542200806, 0.03723540334301162, 0.6885463016894077]"
570,4,"[0.0021425518688819277, 0.3497290214659231, 0.006974491657133061, 0.008311465227854364, 0.6328424697802076]"
571,1,"[0.00025332876140764064, 0.5369280954468365, 0.0004934831318167161, 0.017882605208339532, 0.4444424874515996]"
572,1,"[0.0029365078630793602, 0.5536409327824254, 9.222479627273773e-05, 0.006099301510487374, 0.437231033047735]"
573,4,"[0.004778956163154302, 0.09801311886036433, 4.807763828389963e-05, 0.00043771591984996283, 0.8967221314183474]"
574,1,"[0.00014840784659913244, 0.43378103014959585, 0.0003188282471425058, 0.045877004281884314, 0.5198747294747783]"
575,4,"[0.00015716196902105725, 0.793170400273453, 0.00020423615540916763, 0.00033730826394781584, 0.20613089333816903]"
576,1,"[0.00047355393184344717, 0.12927797122042917, 0.0008471281601404445, 0.0009171057298894632, 0.8684842409576976]"
577,4,"[0.0004786841046053166, 0.22541307959806, 0.00011678638705601645, 0.012081505904765708, 0.761909944005513]"
578,1,"[0.00040964928067029267, 0.5590186756278496, 0.0016231854810116934, 0.04025514612667529, 0.39869334348379326]"
579,1,"[3.092961888887253e-05, 0.5924687943150936, 6.278892814340142e-05, 0.00020176177216628735, 0.40723572536570807]"
580,1,"[0.00639389840651854, 0.3395821434447184, 0.0044446631600549525, 0.04103620051484312, 0.6085430944738649]"
581,4,"[0.00042633277969307803, 0.2866842396645504, 0.00010779904033304146, 0.012563799519545756, 0.7002178289958777]"
582,1,"[0.008954995010691085, 0.3122659724445146, 5.957037534393856e-05, 0.0005759766060254383, 0.6781434855634251]"
583,4,"[0.0011743007515763403, 0.1344087709116235, 0.0003557291582968136, 0.0007955673836444374, 0.8632656317948588]"
584,4,"[0.00014864082961982164, 0.7963440755353489, 0.00019328219554034485, 0.0003255183448898271, 0.2029884830946012]"
585,4,"[4.631800200430992e-05, 0.6420681859271126, 0.0001364160709722345, 0.0004935380822388498, 0.3572555419176719]"
586,1,"[0.00016691475806408912, 0.7332072970314247, 0.00021420772990505524, 0.0003417602127843761, 0.26606982026782167]"
587,4,"[0.0009207844809577787, 0.2798030717502325, 0.0011264059512772365, 0.0009932899067354923, 0.717156447910797]"
588,1,"[3.136666526322588e-05, 0.5893739914215418, 6.386383798000754e-05, 0.0002038509406276965, 0.4103269271345874]"
589,4,"[0.0030341081485614884, 0.35163022369467295, 0.00015605532741656345, 0.0013272011633029001, 0.6438524116660461]"
590,4,"[0.004810885640529902, 0.38666899331126053, 0.00013491512872947317, 0.001057659281619547, 0.6073275466378606]"
591,4,"[7.250636941843149e-05, 0.512105868469942, 0.00020794345308219124, 0.0005718389969261139, 0.4870418427106313]"
592,4,"[0.0009293157534863036, 0.2847484660684231, 0.0011362834675954865, 0.0010084005254910127, 0.7121775341850041]"
593,4,"[0.004076830583557222, 0.28787007422528044, 0.00011863952456103502, 0.003207065316169565, 0.7047273903504316]"
594,4,"[0.00027541816663101843, 0.4054554586083094, 0.0005187338642208639, 0.016765574049267463, 0.5769848153115712]"
595,4,"[0.007351135246667553, 0.2205351075545465, 0.004891378349764476, 0.03723751824525072, 0.7299848606037708]"
596,4,"[0.0033831398913730425, 0.3172444984625863, 0.00966493881459625, 0.0058863338551904025, 0.663821088976254]"
597,1,"[7.467485756229629e-05, 0.4926600386145184, 0.00021692904320420522, 0.0005769248827686465, 0.5064714326019464]"
598,4,"[0.0009018108094006877, 0.30567653043914167, 0.0011077102127845092, 0.001020185564061109, 0.6912937629746121]"
599,1,"[0.0005053448356031576, 0.13090771275570046, 0.0014569879909647416, 0.0043151700068191235, 0.8628147844109125]"
600,1,"[0.00016307137088054702, 0.39356186706498525, 0.0003406680792592328, 0.046153594984848556, 0.5597807985000264]"
601,4,"[0.0005275474704828642, 0.1146888574179869, 0.0014845654930962058, 0.004162039722218303, 0.8791369898962158]"
602,1,"[0.0001579084834616463, 0.7752738825239667, 0.00010822446461093456, 0.0019093236873350043, 0.22255066084062575]"
603,1,"[0.0026887795992816105, 0.9557013397635604, 1.5057457903936402e-05, 0.00018891801936000172, 0.04140590515989409]"
604,4,"[0.007689511716497073, 0.2774910651569797, 0.0016379853107497894, 0.04767596353427325, 0.6655054742815002]"
605,4,"[0.001129212961227397, 0.13987786836645003, 0.0003415691964078373, 0.000783815506443289, 0.8578675339694715]"
606,1,"[0.0027286413585191536, 0.4543177394053284, 0.00022099073674157702, 0.0011460567407512894, 0.5415865717586597]"
607,4,"[0.006286227213411378, 0.2597369545992151, 0.004274470395841473, 0.03668126203522732, 0.6930210857563048]"
608,4,"[0.002817085560663053, 0.37236167514856655, 0.00030912591851883396, 0.001551682831844336, 0.6229604305404073]"
609,1,"[5.739254047131016e-05, 0.6323431417377582, 0.00016374486986101908, 0.0005410810962864155, 0.3668946397556231]"
610,4,"[0.0005003217655911364, 0.296307723683049, 0.00012287355204327444, 0.013858087815227647, 0.689210993184089]"
611,1,"[0.005886769133281826, 0.34959677411045414, 0.004147882339953769, 0.03973628999631416, 0.6006322844199962]"
612,4,"[4.200398351182314e-05, 0.4145201064439002, 8.12082360226023e-05, 0.00020709846887692846, 0.5851495828676885]"
613,1,"[0.0036856333706580006, 0.3178177299601273, 0.0002887504038599514, 0.001170337027265262, 0.6770375492380895]"
614,4,"[0.007876041265186194, 0.0589679081532884, 0.00997316262852232, 0.0036134194254044422, 0.9195694685275986]"
615,1,"[0.0026528586248382655, 0.4690275686617888, 0.000300364852239876, 0.00164379385528495, 0.5263754140058481]"
616,1,"[0.007503936291748304, 0.2763040241637836, 0.001611212204034812, 0.04684996324744645, 0.6677308640929869]"
617,4,"[0.006958431733307497, 0.2051453415767545, 0.004645355088215717, 0.0348046719774338, 0.7484461996242885]"
618,4,"[0.0032743932408013186, 0.4297846805258895, 0.00017151056101553298, 0.0014842691043706632, 0.5652851465679231]"
619,1,"[4.27875926057108e-05, 0.47574019057612654, 8.363799884589017e-05, 0.0002200777288295325, 0.5239133061035923]"
620,1,"[4.3539471827417995e-05, 0.6761143884612999, 0.0001293880942599203, 0.00048386588435006306, 0.3232288180882628]"
621,1,"[0.0008353108787116752, 0.5667683029266253, 0.0026549202236400287, 0.0059726620162298275, 0.42376880395479327]"
622,4,"[0.000794177571938044, 0.24086059763980747, 0.0010331799425475389, 0.0024734974178328936, 0.754838547427874]"
623,1,"[0.0061545438194021045, 0.2560959245729507, 0.004206559803431426, 0.03600365924246699, 0.6975393125617487]"
624,4,"[0.0008676362157812473, 0.21764440665568188, 0.0011150439634015294, 0.002482529587366046, 0.7778903835777693]"
625,4,"[5.370252911446322e-05, 0.33090827599699735, 0.00010302752629474761, 0.00021527338885821091, 0.6687197205587353]"
626,1,"[0.0007981917739213359, 0.2912559444980059, 0.0009965771020542232, 0.0009405976778347915, 0.7060086889481838]"
627,4,"[0.006083009598653541, 0.3541418230559708, 0.004266252806566023, 0.040726512942194495, 0.5947824015966152]"
628,4,"[0.0006264269108307769, 0.13111034197534932, 0.0010987091034555035, 0.0010649723265184557, 0.866099549683846]"
629,4,"[0.00014806263712441203, 0.38551394443262244, 0.0003100174069916966, 0.0434877335425566, 0.570540241980705]"
630,4,"[0.008052885875041977, 0.05351207154150306, 8.003732031342599e-05, 0.0004433931304220449, 0.9379116121327196]"
631,1,"[0.00016579664429940328, 0.7703589463278152, 0.00011268281792978888, 0.0019476911518274867, 0.2274148830581281]"
632,1,"[0.004593532333478245, 0.394356122568084, 0.00013025886494834996, 0.001038728312907393, 0.599881357920582]"
633,1,"[0.0004356582588958115, 0.3687119482183968, 0.00011312703913548076, 0.014022170259072698, 0.6167170962244993]"
634,4,"[0.006490942988879035, 0.33060200389716987, 0.004471622397061913, 0.04088212955898336, 0.6175533011579057]"
635,1,"[0.00047940267297408854, 0.27788312755053296, 0.001464914714722496, 0.0012516527008966667, 0.7189209023608738]"
636,1,"[0.0001639570911905973, 0.7764143972272018, 0.00011182745675273157, 0.0019371985757536965, 0.22137261964910118]"
637,3,"[0.008570820391308465, 0.3427693964205509, 0.0018511697967328804, 0.054824666865222124, 0.5919839465261857]"
638,4,"[0.0007236184451524945, 0.21624633239645238, 0.0009343136168509425, 0.0022594240959665627, 0.7798363114455775]"
639,1,"[0.00022716374012749912, 0.565508930045374, 0.00044691238977565304, 0.017150380630060004, 0.416666613194663]"
640,1,"[3.561254112812895e-05, 0.4870524984337752, 6.974295542407228e-05, 0.00020348752610871066, 0.5126386585435638]"
641,4,"[0.0004960939843572101, 0.330954827550598, 0.00012552100681455187, 0.014463374602665321, 0.6539601828555649]"
642,1,"[3.186875150810813e-05, 0.5811716768200127, 6.482904592489254e-05, 0.0002055853198316308, 0.4185260400627227]"
643,4,"[0.003013290310095573, 0.44105272225948794, 9.237349890073154e-05, 0.005675680101770795, 0.550165933829745]"
644,4,"[0.00818991359510307, 0.26810033974991415, 0.0017696566742410758, 0.048940146977747505, 0.6729999430029941]"
645,1,"[0.00032850271539157605, 0.34338466946988144, 0.0006152333352567933, 0.01717981990538411, 0.638491774574086]"
646,4,"[0.000734556964356748, 0.44411791495237635, 0.0009569832254950017, 0.0010729781826591303, 0.5531175666751128]"
647,1,"[0.00041388935845579686, 0.34945784920960643, 0.0001081670977343506, 0.013414390149059124, 0.6366057041851444]"
648,4,"[0.0011560040910128294, 0.21938983381292698, 0.00036453053285454245, 0.0009667722524475912, 0.778122859310758]"
649,4,"[0.000631309895185912, 0.07024744667972724, 0.0017639038682147846, 0.0037387037143384147, 0.9236186358425337]"
650,4,"[0.00024599528666896097, 0.6372119626518036, 0.0001588695056068189, 0.002276585239152071, 0.36010658731676853]"
651,1,"[0.0002081577049777127, 0.6661229426062893, 0.00013694746082398368, 0.0021143776975464422, 0.33141757453036264]"
652,1,"[0.0006931748524124971, 0.6277553355838329, 0.002282724236192109, 0.005671641694186334, 0.3635971236333761]"
653,4,"[0.0005873064547271614, 0.10208379713307511, 0.0010190051830195545, 0.0009312281495244546, 0.8953786630796537]"
654,4,"[0.0007509537245743718, 0.21246220943975683, 0.0009690523956279822, 0.002305064139582624, 0.7835127203004582]"
655,4,"[0.0005095469824987664, 0.17962645596908933, 0.0009396740973741909, 0.0010987108908100836, 0.8178256120602275]"
656,4,"[0.001002023891689671, 0.14517838675100136, 0.0012480834301670416, 0.0022816743653445554, 0.8502898315617974]"
657,1,"[0.00019241277321345912, 0.6973499505994343, 0.00012859440410088887, 0.002058412930715896, 0.3002706292925355]"
658,4,"[0.0010967590994673867, 0.18769419465588608, 0.00034087534195550415, 0.0008777387953231569, 0.8099904321073678]"
659,1,"[0.0004368069725578102, 0.3506423516324072, 0.00011248603094713173, 0.013829789072420363, 0.6349785662916675]"
660,4,"[0.006192049176432674, 0.07174797277805385, 6.201626740266957e-05, 0.0004386658964305133, 0.9215592958816803]"
661,4,"[0.000545698533020732, 0.1512442333776484, 0.001602733373837949, 0.004778930108338493, 0.8418284046071544]"
662,4,"[0.00028911964280288184, 0.38796086338513713, 0.0005449308347384565, 0.01697984549674131, 0.5942252406405801]"
663,1,"[0.0027744160549780226, 0.49485186712519397, 0.00839984614803932, 0.006348046382841718, 0.48762582428894713]"
664,4,"[0.0032214133501338596, 0.33988995308792697, 0.0093855069483242, 0.005958415700689515, 0.6415447109129255]"
665,4,"[0.0005340390956077586, 0.4706305921345233, 0.002044959175196672, 0.04379504063509665, 0.4829953689595756]"
666,1,"[0.0002143789740778624, 0.6674672591426773, 0.00014270806558591025, 0.0021585499516969895, 0.3300171038659619]"
667,4,"[0.00039390573992658425, 0.6043976930918581, 0.001577645204224604, 0.04037163175179379, 0.353259124212197]"
668,4,"[0.00016231890730097431, 0.32798330932263, 0.00033477613995224994, 0.04324953989003592, 0.6282700557400809]"
669,1,"[0.008677071088350748, 0.16379337237539113, 0.00584221341115227, 0.036164969152104265, 0.7855223739730015]"
670,4,"[0.0027541350494739818, 0.449204002974131, 0.00030995756224630174, 0.0016532595032578326, 0.546078644910891]"
671,4,"[3.966572146700648e-05, 0.7265213256972524, 0.00012077145278679051, 0.00047328006888369456, 0.27284495705961]"
672,4,"[0.00023678853408648352, 0.546590332337895, 0.0004702029860436424, 0.017614337490964416, 0.43508833865101054]"
673,1,"[0.0035250607323194546, 0.3138238530525086, 0.01034489690583008, 0.006107237578927114, 0.6661989517304148]"
674,1,"[0.0026473910570473007, 0.475185776044905, 0.00014540032656002648, 0.0014093836722021101, 0.5206120488992856]"
675,1,"[0.00024155639969469604, 0.5320473930656718, 0.0004760086391512524, 0.017574591482662685, 0.44966045041281966]"
676,4,"[3.386798344544601e-05, 0.5165380003573287, 6.758058263483063e-05, 0.00020459194406802575, 0.48315595913252296]"
677,4,"[0.007481695221536907, 0.1122891618599344, 0.008659052025623112, 0.002041216647499881, 0.8695288742454057]"
678,4,"[0.0008928981026847406, 0.27519028192507355, 0.0011089589415066538, 0.000986272971313752, 0.7218215880594213]"
679,4,"[0.0004899649436546626, 0.11493905486596895, 0.0008766747760832725, 0.0009014249161361544, 0.8827928804981571]"
680,1,"[0.002745233333036401, 0.41436758731307155, 0.00022142691596538927, 0.0011307509991504935, 0.5815350014387761]"
681,4,"[0.0002485818692606637, 0.6513398445751389, 0.00016165759467292958, 0.00233073732385288, 0.34591917863707466]"
682,1,"[0.0003253971432633495, 0.3465863881282276, 0.0006214236698023669, 0.017365432747597633, 0.635101358311109]"
683,4,"[0.0005339464130863636, 0.10230838466071689, 0.0015338292061320327, 0.004069031114505159, 0.8915548086055595]"
684,4,"[0.0030068381983902933, 0.42690788532797624, 0.00024239291423307945, 0.0011955309640062865, 0.5686473525953941]"
685,1,"[4.3265917963206736e-05, 0.6791850698049907, 0.00012986070719312682, 0.0004895041888986943, 0.32015229938095413]"
686,1,"[0.0040046121022789824, 0.9418654796108027, 2.2556026945734478e-05, 0.00024344874068616684, 0.05386390351928621]"
687,4,"[0.0004743038663160663, 0.23159511493792387, 0.00011754940367693533, 0.012336659622108675, 0.7554763721699745]"
688,1,"[0.00017610384142191878, 0.736219844798751, 0.0002254093462268317, 0.00035295776240287167, 0.26302568425119727]"
689,4,"[0.006543436449215099, 0.33982084660983713, 0.004560768567005817, 0.04216458938553062, 0.6069103589884113]"
690,4,"[0.0003037068048142318, 0.6588083142355725, 0.0003726999885779298, 0.00045092506858947494, 0.3400643539024459]"
691,1,"[0.0031102307007369228, 0.5292521062082978, 0.00013066126806993028, 0.1255245175275698, 0.34198248429532563]"
692,4,"[0.000780737186803326, 0.1846406667953395, 0.0009964126062845162, 0.002226903172589118, 0.8113552802389836]"
693,1,"[0.0005527755208349793, 0.18745584191822695, 0.00013701832582531235, 0.012262893034374138, 0.7995914712007386]"
694,4,"[0.0006367464234852927, 0.685932294387412, 0.002152681006481849, 0.005622109632248477, 0.30565616855037236]"
695,1,"[0.0030110212747424467, 0.384368287931408, 0.008836900509878858, 0.006033057937343629, 0.597750732346627]"
696,1,"[0.003053443278754876, 0.9560829409292152, 1.7590223593461992e-05, 0.00020997241014890833, 0.04063605315828752]"
697,1,"[0.005905561673379334, 0.3597896670614969, 0.0042083267671179205, 0.04082471443001674, 0.589271730067989]"
698,4,"[0.0006942027438360773, 0.6244631742196397, 0.002303620228506428, 0.00572620971707209, 0.3668127930909459]"
699,1,"[0.0028155292962319008, 0.47080447126591035, 0.00015191396010495986, 0.0014430572081526607, 0.5247850282696]"
700,1,"[0.005376144525495643, 0.8051661911953121, 3.2439411471326635e-05, 0.00041069368387739314, 0.18901453118384356]"
701,4,"[0.0012049100238854886, 0.25613432901566385, 0.0014853736864480162, 0.0011103967650243976, 0.7400649905089782]"
702,4,"[0.0005752393328742366, 0.09743708273057577, 0.001641985214628429, 0.004116201648552938, 0.8962294910733687]"
703,1,"[0.003349962636114959, 0.45668158965538846, 0.00010317291985574441, 0.0034902648762950854, 0.5363750099123457]"
704,4,"[0.00443067736321719, 0.36702820611934694, 0.00017559993904986952, 0.13158451544547314, 0.49678100113291274]"
705,4,"[0.006649176944119562, 0.24444209494341412, 0.00450309010192108, 0.03717521500217437, 0.7072304230083709]"
706,4,"[3.962439749867341e-05, 0.4415886408063984, 7.820226735272235e-05, 0.00020979539155461055, 0.5580837371371956]"
707,1,"[0.0007183390260636976, 0.4505608304007858, 0.0009463727536205747, 0.0010714476990947475, 0.5467030101204352]"
708,1,"[0.0031037287149162625, 0.38043082061908995, 0.009047042866459971, 0.006104666151023356, 0.6013137416485105]"
709,4,"[0.00819171866670866, 0.1688251206245187, 0.0006697513471572765, 0.0014192511292221044, 0.8208941582323932]"
710,4,"[0.007044922338538064, 0.38057176841827195, 0.00158390752327422, 0.052381424119756784, 0.558417977600159]"
711,4,"[0.0009492711497036892, 0.31347937128874603, 0.0037890494412880934, 0.05101233604801946, 0.6307699720722426]"
712,1,"[0.0011274030530327433, 0.2182868369263512, 0.00036035471093514513, 0.0009570806870289087, 0.779268324622652]"
713,1,"[0.00012052641139394295, 0.4368737393096875, 0.00035881010925142484, 0.000718589158347665, 0.5619283350113196]"
714,1,"[0.0007200828941141597, 0.43661562031234724, 0.0009495849738676981, 0.0010667566959233633, 0.5606479551237475]"
715,1,"[0.0004277408061210902, 0.3645369250503628, 0.00011221384894565246, 0.014022986489026439, 0.6209001338055441]"
716,4,"[0.003699925875952741, 0.07047112814145652, 0.00012052988538515865, 0.0013604184061934111, 0.9243479976910122]"
717,4,"[0.0005289429546952393, 0.09029261444362537, 0.0015196764593508878, 0.0038441788359306495, 0.9038145873063979]"
718,4,"[0.007911676005834485, 0.5498532336787574, 4.3060985829512876e-05, 0.00046874202862534755, 0.44172328730095317]"
719,1,"[0.00018763078034318763, 0.7030722136862417, 0.00023892367064116046, 0.00036084179436900806, 0.2961403900684048]"
720,4,"[0.0029425309710995272, 0.3520350439411988, 0.00015442028427451043, 0.0013225428813507603, 0.6435454619220765]"
721,1,"[0.0008806518177112921, 0.27841960889741524, 0.0011036036327635545, 0.0009835460228907057, 0.7186125896292191]"
722,4,"[0.006174954707759316, 0.30006574290435073, 0.004299944155479675, 0.03901850733637272, 0.6504408508960376]"
723,4,"[3.238474042654559e-05, 0.5751835616888017, 6.595296276634708e-05, 0.00020762012483585787, 0.42451048048316953]"
724,4,"[0.00023815311920208235, 0.6282716922057706, 0.0001563555303821112, 0.0022475044211807695, 0.3690862947234644]"
725,4,"[0.007127081881577465, 0.3808934987261238, 0.0016032705537919014, 0.052835232695291424, 0.5575409161432153]"
726,4,"[0.000792968668411324, 0.3336830478084608, 0.0010034710252934656, 0.001006073812945332, 0.663514438684889]"
727,1,"[0.0034534574232826134, 0.29156876529339143, 0.0001009249679880473, 0.014276522631133142, 0.6906003296842048]"
728,4,"[0.0030128347821780357, 0.48224463161841546, 0.009073652839775813, 0.006602307235116404, 0.4990665735245144]"
729,4,"[0.0005209688900685326, 0.11237019191297312, 0.0014891358406590941, 0.004154260592627593, 0.8814654427636716]"
730,1,"[0.003790035567655977, 0.9404902414137454, 2.0828695481309154e-05, 0.00022797258632953883, 0.055470921736787734]"
731,1,"[0.009825086597799819, 0.2537161483087162, 0.0003770129511341222, 0.17470415119834443, 0.5613776009440055]"
732,4,"[0.0005052688486852081, 0.11405867416645532, 0.0014504599282235853, 0.004097406463846923, 0.8798881905927889]"
733,1,"[0.00015856573884171293, 0.7813089267389899, 0.00020715910905544087, 0.00033899864840812057, 0.2179863497647049]"
734,4,"[0.000532083457164642, 0.1600435116946631, 0.0015823410913068335, 0.004887318253869413, 0.8329547455029961]"
735,4,"[0.003371411639419695, 0.3200891897465718, 0.009772284892090345, 0.005978728865023065, 0.6607883848568952]"
736,4,"[0.006133104340930825, 0.2783948987220275, 0.0042246993964471825, 0.037604383698679605, 0.6736429138419149]"
737,1,"[0.00025822284000226486, 0.6249761383006058, 0.00032399200145086265, 0.0004098168295761672, 0.3740318300283648]"
738,4,"[0.0008757767190228784, 0.3154565341801053, 0.0011979835855690415, 0.0022837187704407235, 0.680185986744862]"
739,1,"[0.0006607010835026473, 0.6748480201448892, 0.0022273491141225612, 0.005726129940429341, 0.3165377997170563]"
740,4,"[0.0046966670753863455, 0.37851299477666317, 0.00013406134510691705, 0.0010521607530914938, 0.6156041160497522]"
741,4,"[0.0007832971284830426, 0.05528046196430409, 0.002219005455957715, 0.003845889710695354, 0.9378713457405599]"
742,1,"[0.003236891633194664, 0.5292713154799139, 0.0001343228587860702, 0.12880129608178192, 0.33855617394632354]"
743,4,"[0.005090511983439616, 0.10074869239362552, 5.0566404321028945e-05, 0.00045881798837049036, 0.8936514112302434]"
744,4,"[0.004877887662317809, 0.09279511130995369, 4.9037033076160813e-05, 0.00043448312175968664, 0.9018434808728926]"
745,4,"[6.758050980410438e-05, 0.5554032622971495, 0.0001966624941165107, 0.000575183555007994, 0.4437573111439218]"
746,4,"[0.0001459827170402489, 0.4295206387405708, 0.0003165328948290074, 0.045530547494606166, 0.5244862981529538]"
747,4,"[0.004005259315032049, 0.2951018069428694, 0.011533914857264854, 0.006314664335471031, 0.6830443545493626]"
748,4,"[3.944479402950845e-05, 0.7291122339315756, 0.0001210062664853162, 0.00047601881371189825, 0.27025129619419785]"
749,4,"[0.0010173825639486667, 0.19405806343604037, 0.0013433687995984612, 0.00202506457943569, 0.8015561206209768]"
750,4,"[0.0001419621998947613, 0.44085847904447206, 0.0003069795165489357, 0.04527120883876673, 0.5134213704003175]"
751,1,"[3.2496631497031955e-05, 0.5872386774296872, 6.643516812723389e-05, 0.00020956495685138358, 0.4124528258138371]"
752,4,"[0.0007432721364886178, 0.3836040321285438, 0.0009596925267078165, 0.0010307418145303884, 0.6136622613937293]"
753,1,"[3.405362641761693e-05, 0.5158417180006132, 6.819621156754489e-05, 0.00020541406386229388, 0.4838506180975394]"
754,1,"[0.0004467450400381857, 0.5108385872401188, 0.0017554419284950557, 0.041205987595123006, 0.4457532381962249]"
755,1,"[0.002874343153486466, 0.7098003285971802, 0.00010210943532030652, 0.03779691909497072, 0.2494262997190422]"
756,1,"[0.007077561107931914, 0.19008151040367438, 0.0007825650532730463, 0.0019414868775969208, 0.8001168765575238]"
757,4,"[0.0009676945547779781, 0.22348728958865238, 0.0012580487380460153, 0.002071902010414318, 0.7722150651081093]"
758,1,"[0.00044827648232445403, 0.3491872332669082, 0.0008394503611323885, 0.020669049287896032, 0.6288559906017388]"
759,1,"[0.0004555129273191525, 0.5060113773598042, 0.001784433961334978, 0.041479369942041315, 0.4502693058095004]"
760,4,"[0.0027416934021775355, 0.4706951754247655, 0.0002255636648078019, 0.0011866849620753627, 0.5251508825461738]"
761,4,"[0.0001588432209232708, 0.345247126049344, 0.0003297183079198999, 0.04383812404036184, 0.610426188381451]"
762,1,"[0.0007693761193184739, 0.14646707445601065, 0.0009830569938362032, 0.0020148987923941067, 0.8497655936384405]"
763,1,"[0.00018669177999247388, 0.7394972410565837, 0.0001262592926522922, 0.002082110645664445, 0.25810769722510724]"
764,1,"[0.00023891094112372255, 0.631463860694713, 0.0001572833933026951, 0.002252885561792063, 0.36588705940906846]"
765,4,"[0.0005226894723049127, 0.12970496581852453, 0.0015194846988155807, 0.0044405733500381215, 0.863812286660317]"
766,1,"[0.00026268842736819174, 0.6588572915696402, 0.0003217962378653064, 0.00041559866128482685, 0.3401426251038414]"
767,4,"[0.0004819189953062402, 0.11296052290147268, 0.000861383062484978, 0.0008873651333069916, 0.8848088099074292]"
768,1,"[0.00044085947686352213, 0.2747272466283935, 0.0001103374691594486, 0.012531885183609374, 0.7121896712419742]"
769,4,"[0.005244541019105453, 0.09914249260779404, 5.25143860507506e-05, 0.0004564194810487574, 0.8951040325060011]"
770,4,"[0.00023673782744907076, 0.45473782017041636, 0.00045911440192612356, 0.01619785857852748, 0.5283684690216809]"
771,1,"[3.058867144032935e-05, 0.5798636770303243, 6.288217800748336e-05, 0.00020030812745588524, 0.4198425439927719]"
772,4,"[0.00942304533151995, 0.2187043519318042, 0.0020333157056464687, 0.04843793700293665, 0.7214013500280927]"
773,1,"[0.0007177979045077677, 0.16019900415665891, 0.000919641834044657, 0.0019950766356006677, 0.8361684794691879]"
774,4,"[0.0007852679199639304, 0.5783656537164109, 0.0025343021402103815, 0.005881792091959029, 0.4124329841314556]"
775,4,"[0.00487042086567362, 0.1612882504809129, 5.1356510203489484e-05, 0.0005448072579856397, 0.8332451648852244]"
776,1,"[0.006800222147078485, 0.3937719706422326, 0.0015437274245707073, 0.0516992612456733, 0.546184818540445]"
777,4,"[0.0064272980860144435, 0.25251084868048423, 0.004381142885788163, 0.03669737622462979, 0.6999833341230832]"
778,1,"[0.00020942954784670587, 0.5600102819671237, 0.00042361227592550713, 0.01633098029241567, 0.42302569591668854]"
779,4,"[0.0005112424596774522, 0.4565326519234532, 0.001976210407279954, 0.04184680409294296, 0.4991330911166464]"
780,4,"[0.007702551408548172, 0.2617139793316437, 0.0016530300735127222, 0.04668044040277841, 0.682249998783517]"
781,4,"[4.4555500725534904e-05, 0.6626585062377903, 0.00013315982644796504, 0.00048793568666884906, 0.33667584274836715]"
782,1,"[0.005969715241545764, 0.34214600337586304, 0.004217282162344934, 0.039581137318886093, 0.6080858619013602]"
783,4,"[0.00023224893280545674, 0.5017764515660735, 0.0004544379099915893, 0.016619887154806137, 0.48091697443632336]"
784,4,"[0.00030667159750254576, 0.6020552467002581, 0.00037585638921614807, 0.0004348376070117428, 0.39682738770601156]"
785,4,"[0.00062622763129648, 0.08757801430017924, 0.0017593692327100463, 0.004053468415302932, 0.9059829204205112]"
786,4,"[0.003724363381591562, 0.2954901907375297, 0.010851660944146871, 0.006055287675555753, 0.683878497261176]"
787,1,"[0.0043495740710509075, 0.3943589405022699, 0.00012618505251898936, 0.0010195154178178896, 0.6001457849563422]"
788,1,"[0.0012421772943833455, 0.15332140024997176, 0.001593893661583101, 0.002003036867452487, 0.8418394919266092]"
789,4,"[0.0002394470428047125, 0.5381683586487384, 0.0004724554145710944, 0.01735213092407281, 0.44376760796981307]"
790,1,"[3.41684476253384e-05, 0.47942949386830364, 6.766278153859148e-05, 0.00019773703743307272, 0.5202709378650994]"
791,4,"[0.003064820981941354, 0.3811842992151119, 0.008947236889001392, 0.006011798801375858, 0.6007918441125696]"
792,4,"[4.410302293654411e-05, 0.4326709681719838, 8.423096413500722e-05, 0.0002163912674288348, 0.5669843065735158]"
793,4,"[0.006259500958340467, 0.6860370197367025, 3.507630572085344e-05, 0.00044054407224831385, 0.3072278589269878]"
794,1,"[7.725927076306742e-05, 0.4946568300622342, 0.00022329009994038785, 0.0005849225150339809, 0.5044576980520283]"
795,4,"[0.0007743542415425351, 0.32796218998239196, 0.0009806662884041149, 0.0009767351229192523, 0.669306054364742]"
796,4,"[0.0002377914472859183, 0.46241804290179284, 0.00046045578254877195, 0.016358615376611353, 0.520525094491761]"
797,4,"[5.835680366449554e-05, 0.5676735983236594, 0.00016656338250254512, 0.0005273600702294007, 0.4315741214199443]"
798,4,"[0.007170076967415342, 0.3631947586102523, 0.0016019023442316756, 0.05116677146444682, 0.5768664906136539]"
799,4,"[0.00019464581568784338, 0.7127751862295427, 0.00012960560723324015, 0.002079172715154308, 0.28482138963238185]"
