,cluster_id,time,seqlength,coh_cluster
0,0,15.36872,45,2
1,0,15.36872,51,2
2,0,15.36872,48,2
3,0,15.36872,43,2
4,0,15.36872,43,2
5,0,15.36872,38,2
6,0,15.36872,52,2
7,0,15.36872,40,2
8,0,15.36872,49,2
9,0,15.36872,37,2
10,0,15.36872,50,2
11,0,15.36872,60,2
12,0,15.36872,41,2
13,0,15.36872,52,2
14,0,15.36872,43,2
15,0,15.36872,52,2
16,0,15.36872,31,2
17,0,15.36872,32,2
18,0,15.36872,44,2
19,0,15.36872,31,2
20,0,15.36872,43,2
21,0,15.36872,47,2
22,0,15.36872,43,2
23,0,15.36872,39,2
24,0,15.36872,44,2
25,0,15.36872,47,2
26,0,15.36872,34,2
27,0,15.36872,45,2
28,0,15.36872,46,2
29,0,15.36872,41,2
30,0,15.36872,44,2
31,0,15.36872,42,2
32,0,15.36872,47,2
33,0,15.36872,37,2
34,0,15.36872,44,2
35,0,15.36872,39,2
36,0,15.36872,52,2
37,0,15.36872,46,2
38,0,15.36872,37,2
39,0,15.36872,48,2
40,0,15.36872,32,2
41,0,15.36872,30,2
42,0,15.36872,34,2
43,0,15.36872,50,2
44,0,15.36872,52,2
45,0,15.36872,24,2
46,0,15.36872,43,2
47,0,15.36872,44,2
48,0,15.36872,40,2
49,0,15.36872,43,2
50,0,15.36872,44,2
51,0,15.36872,50,2
52,0,15.36872,46,2
53,0,15.36872,44,2
54,0,15.36872,44,2
55,0,15.36872,39,2
56,0,15.36872,41,2
57,0,15.36872,47,2
58,0,15.36872,48,2
59,0,15.36872,39,2
60,0,15.36872,41,2
61,0,15.36872,46,2
62,0,15.36872,38,2
63,0,15.36872,37,2
64,0,15.36872,70,2
65,0,15.36872,46,2
66,0,15.36872,41,2
67,0,15.36872,45,2
68,0,15.36872,44,0
69,0,15.36872,45,2
70,0,15.36872,44,2
71,0,15.36872,47,2
72,0,15.36872,42,2
73,0,15.36872,30,2
74,0,15.36872,43,2
75,0,15.36872,46,2
76,0,15.36872,47,2
77,0,15.36872,40,2
78,0,15.36872,51,2
79,0,15.36872,45,2
80,0,15.36872,49,2
81,0,15.36872,37,2
82,0,15.36872,38,2
83,0,15.36872,37,2
84,0,15.36872,41,2
85,0,15.36872,39,2
86,0,15.36872,42,2
87,0,15.36872,30,2
88,0,15.36872,33,2
89,0,15.36872,37,2
90,0,15.36872,34,2
91,0,15.36872,50,2
92,0,15.36872,36,2
93,0,15.36872,45,2
94,0,15.36872,50,2
95,0,15.36872,43,2
96,0,15.36872,44,2
97,0,15.36872,52,2
98,0,15.36872,41,2
99,0,15.36872,33,2
100,0,15.36872,37,2
101,0,15.36872,38,2
102,0,15.36872,40,2
103,0,15.36872,44,2
104,0,15.36872,46,2
105,0,15.36872,32,2
106,0,15.36872,36,2
107,0,15.36872,43,2
108,0,15.36872,48,2
109,0,15.36872,47,2
110,0,15.36872,33,2
111,0,15.36872,55,2
112,0,15.36872,37,2
113,0,15.36872,52,2
114,0,15.36872,46,2
115,0,15.36872,42,2
116,0,15.36872,34,2
117,0,15.36872,36,2
118,0,15.36872,37,2
119,0,15.36872,39,2
120,0,15.36872,40,2
121,0,15.36872,47,2
122,0,15.36872,32,2
123,0,15.36872,33,2
124,0,15.36872,40,2
125,0,15.36872,41,2
126,0,15.36872,33,2
127,0,15.36872,41,2
128,0,15.36872,45,2
129,0,15.36872,28,2
130,0,15.36872,41,2
131,0,15.36872,38,2
132,0,15.36872,38,2
133,0,15.36872,45,2
134,0,15.36872,46,2
135,0,15.36872,39,2
136,0,15.36872,37,2
137,0,15.36872,46,2
138,0,15.36872,45,2
139,0,15.36872,36,2
140,0,15.36872,50,2
141,0,15.36872,39,2
142,0,15.36872,46,2
143,0,15.36872,42,2
144,0,15.36872,49,2
145,0,15.36872,45,2
146,0,15.36872,40,2
147,0,15.36872,50,2
148,0,15.36872,34,2
149,0,15.36872,39,2
150,0,15.36872,49,2
151,0,15.36872,46,2
152,0,15.36872,58,2
153,0,15.36872,45,2
154,0,15.36872,47,2
155,0,15.36872,42,2
156,0,15.36872,39,2
157,0,15.36872,45,2
158,0,15.36872,47,2
159,0,15.36872,45,2
160,0,15.36872,51,2
161,0,15.36872,39,2
162,0,15.36872,35,2
163,0,15.36872,45,2
164,0,15.36872,39,2
165,0,15.36872,42,2
166,0,15.36872,39,2
167,0,15.36872,37,2
168,0,15.36872,40,2
169,0,15.36872,45,2
170,0,15.36872,38,2
171,0,15.36872,45,2
172,0,15.36872,39,2
173,0,15.36872,38,2
174,0,15.36872,46,2
175,0,15.36872,36,2
176,0,15.36872,45,2
177,0,15.36872,40,2
178,0,15.36872,40,2
179,0,15.36872,39,2
180,0,15.36872,43,2
181,0,15.36872,35,2
182,0,15.36872,48,2
183,0,15.36872,40,2
184,0,15.36872,55,2
185,0,15.36872,34,2
186,0,15.36872,46,2
187,0,15.36872,34,2
188,0,15.36872,46,2
189,0,15.36872,41,2
190,0,15.36872,47,2
191,0,15.36872,38,2
192,0,15.36872,56,2
193,0,15.36872,40,2
194,0,15.36872,40,2
195,0,15.36872,35,2
196,0,15.36872,33,2
197,0,15.36872,41,2
198,0,15.36872,47,2
199,0,15.36872,54,2
200,0,15.36872,42,2
201,0,15.36872,38,2
202,0,15.36872,37,2
203,0,15.36872,40,2
204,0,15.36872,37,2
205,0,15.36872,47,2
206,0,15.36872,41,2
207,0,15.36872,37,2
208,0,15.36872,54,2
209,0,15.36872,41,2
210,0,15.36872,43,2
211,0,15.36872,39,2
212,0,15.36872,45,2
213,0,15.36872,41,2
214,0,15.36872,34,2
215,0,15.36872,39,2
216,0,15.36872,54,2
217,0,15.36872,43,2
218,0,15.36872,44,2
219,0,15.36872,47,2
220,0,15.36872,34,2
221,0,15.36872,53,2
222,0,15.36872,39,2
223,0,15.36872,51,2
224,0,15.36872,42,2
225,0,15.36872,45,2
226,0,15.36872,38,2
227,0,15.36872,36,2
228,0,15.36872,42,2
229,0,15.36872,29,2
230,0,15.36872,38,2
231,0,15.36872,44,2
232,0,15.36872,47,2
233,0,15.36872,48,2
234,0,15.36872,47,2
235,0,15.36872,27,2
236,0,15.36872,38,2
237,0,15.36872,35,2
238,0,15.36872,48,2
239,0,15.36872,47,2
240,0,15.36872,34,2
241,0,15.36872,37,2
242,0,15.36872,47,2
243,0,15.36872,35,2
244,0,15.36872,44,2
245,0,15.36872,43,2
246,0,15.36872,50,2
247,0,15.36872,41,2
248,0,15.36872,40,2
249,0,15.36872,45,2
250,0,15.36872,40,2
251,0,15.36872,45,2
252,0,15.36872,49,2
253,0,15.36872,40,2
254,0,15.36872,39,2
255,0,15.36872,41,2
256,0,15.36872,40,2
257,0,15.36872,40,2
258,0,15.36872,52,2
259,0,15.36872,36,2
260,0,15.36872,38,2
261,0,15.36872,45,2
262,0,15.36872,51,2
263,0,15.36872,49,2
264,0,15.36872,32,2
265,0,15.36872,42,2
266,0,15.36872,38,2
267,0,15.36872,57,2
268,0,15.36872,45,2
269,0,15.36872,42,2
270,0,15.36872,40,2
271,0,15.36872,50,2
272,0,15.36872,42,2
273,0,15.36872,49,2
274,0,15.36872,42,2
275,0,15.36872,37,2
276,0,15.36872,35,2
277,0,15.36872,39,2
278,0,15.36872,49,2
279,0,15.36872,44,2
280,0,15.36872,39,2
281,0,15.36872,35,2
282,0,15.36872,49,2
283,0,15.36872,42,2
284,0,15.36872,36,2
285,0,15.36872,36,2
286,0,15.36872,37,2
287,0,15.36872,35,2
288,0,15.36872,36,2
289,0,15.36872,38,2
290,0,15.36872,56,2
291,0,15.36872,43,2
292,0,15.36872,49,2
293,0,15.36872,45,2
294,0,15.36872,37,2
295,0,15.36872,53,2
296,0,15.36872,46,2
297,0,15.36872,45,2
298,0,15.36872,45,2
299,0,15.36872,39,2
300,0,15.36872,51,2
301,0,15.36872,35,2
302,0,15.36872,42,2
303,0,15.36872,45,2
304,0,15.36872,44,2
305,0,15.36872,48,2
306,0,15.36872,61,2
307,0,15.36872,37,2
308,0,15.36872,47,2
309,0,15.36872,42,2
310,0,15.36872,35,2
311,0,15.36872,47,2
312,0,15.36872,43,2
313,0,15.36872,36,2
314,0,15.36872,41,2
315,0,15.36872,36,2
316,0,15.36872,40,2
317,0,15.36872,39,2
318,0,15.36872,38,2
319,0,15.36872,32,2
320,0,15.36872,38,2
321,0,15.36872,43,2
322,0,15.36872,37,2
323,0,15.36872,44,2
324,0,15.36872,44,2
325,0,15.36872,41,2
326,0,15.36872,46,2
327,0,15.36872,47,2
328,0,15.36872,44,2
329,0,15.36872,44,2
330,0,15.36872,55,2
331,0,15.36872,46,2
332,0,15.36872,40,2
333,0,15.36872,55,2
334,0,15.36872,42,2
335,0,15.36872,48,2
336,0,15.36872,45,2
337,0,15.36872,48,2
338,0,15.36872,35,2
339,0,15.36872,49,2
340,0,15.36872,45,2
341,0,15.36872,45,2
342,0,15.36872,50,2
343,0,15.36872,43,2
344,0,15.36872,28,2
345,0,15.36872,44,2
346,0,15.36872,37,2
347,0,15.36872,46,2
348,0,15.36872,36,2
349,0,15.36872,45,2
350,0,15.36872,44,2
351,0,15.36872,33,2
352,0,15.36872,50,2
353,0,15.36872,42,2
354,0,15.36872,44,2
355,0,15.36872,41,2
356,0,15.36872,51,2
357,0,15.36872,41,2
358,0,15.36872,43,2
359,0,15.36872,40,2
360,0,15.36872,35,2
361,0,15.36872,48,2
362,0,15.36872,33,2
363,0,15.36872,46,2
364,0,15.36872,43,2
365,0,15.36872,30,2
366,0,15.36872,35,2
367,0,15.36872,49,2
368,0,15.36872,40,2
369,0,15.36872,51,2
370,0,15.36872,48,2
371,0,15.36872,44,2
372,0,15.36872,42,2
373,0,15.36872,38,2
374,0,15.36872,42,2
375,0,15.36872,33,2
376,0,15.36872,41,2
377,0,15.36872,39,2
378,0,15.36872,43,2
379,0,15.36872,32,2
380,0,15.36872,43,2
381,0,15.36872,38,2
382,0,15.36872,52,2
383,0,15.36872,35,2
384,0,15.36872,38,2
385,0,15.36872,45,2
386,0,15.36872,35,2
387,0,15.36872,41,2
388,0,15.36872,47,2
389,0,15.36872,54,2
390,0,15.36872,38,2
391,0,15.36872,38,2
392,0,15.36872,39,2
393,0,15.36872,42,2
394,0,15.36872,39,2
395,0,15.36872,43,2
396,0,15.36872,49,2
397,0,15.36872,43,2
398,0,15.36872,53,2
399,0,15.36872,40,2
400,1,15.36872,47,3
401,1,15.36872,55,3
402,1,15.36872,46,3
403,1,15.36872,62,3
404,1,15.36872,40,3
405,1,15.36872,44,3
406,1,15.36872,63,3
407,1,15.36872,44,3
408,1,15.36872,57,3
409,1,15.36872,53,3
410,1,15.36872,39,3
411,1,15.36872,61,3
412,1,15.36872,54,3
413,1,15.36872,51,3
414,1,15.36872,48,3
415,1,15.36872,46,3
416,1,15.36872,41,3
417,1,15.36872,53,3
418,1,15.36872,48,3
419,1,15.36872,36,3
420,1,15.36872,54,3
421,1,15.36872,61,3
422,1,15.36872,45,3
423,1,15.36872,52,3
424,1,15.36872,60,3
425,1,15.36872,45,3
426,1,15.36872,51,3
427,1,15.36872,52,3
428,1,15.36872,54,3
429,1,15.36872,52,3
430,1,15.36872,40,3
431,1,15.36872,46,3
432,1,15.36872,46,3
433,1,15.36872,56,3
434,1,15.36872,55,3
435,1,15.36872,43,3
436,1,15.36872,50,3
437,1,15.36872,56,3
438,1,15.36872,57,3
439,1,15.36872,53,3
440,1,15.36872,56,3
441,1,15.36872,47,3
442,1,15.36872,51,3
443,1,15.36872,58,3
444,1,15.36872,55,3
445,1,15.36872,35,3
446,1,15.36872,45,3
447,1,15.36872,50,3
448,1,15.36872,52,3
449,1,15.36872,50,3
450,1,15.36872,50,3
451,1,15.36872,49,3
452,1,15.36872,68,3
453,1,15.36872,45,3
454,1,15.36872,58,3
455,1,15.36872,40,3
456,1,15.36872,57,3
457,1,15.36872,49,3
458,1,15.36872,45,3
459,1,15.36872,45,3
460,1,15.36872,55,3
461,1,15.36872,36,3
462,1,15.36872,46,3
463,1,15.36872,46,3
464,1,15.36872,48,3
465,1,15.36872,51,3
466,1,15.36872,50,3
467,1,15.36872,49,3
468,1,15.36872,53,3
469,1,15.36872,49,3
470,1,15.36872,41,3
471,1,15.36872,44,3
472,1,15.36872,53,3
473,1,15.36872,45,3
474,1,15.36872,46,3
475,1,15.36872,38,3
476,1,15.36872,51,3
477,1,15.36872,53,3
478,1,15.36872,59,3
479,1,15.36872,47,3
480,1,15.36872,55,3
481,1,15.36872,47,3
482,1,15.36872,42,3
483,1,15.36872,40,3
484,1,15.36872,47,3
485,1,15.36872,48,3
486,1,15.36872,39,3
487,1,15.36872,37,3
488,1,15.36872,42,3
489,1,15.36872,40,3
490,1,15.36872,52,3
491,1,15.36872,53,3
492,1,15.36872,54,3
493,1,15.36872,53,3
494,1,15.36872,45,3
495,1,15.36872,44,3
496,1,15.36872,53,3
497,1,15.36872,42,3
498,1,15.36872,45,3
499,1,15.36872,38,3
500,1,15.36872,45,3
501,1,15.36872,57,3
502,1,15.36872,59,3
503,1,15.36872,42,3
504,1,15.36872,53,3
505,1,15.36872,56,3
506,1,15.36872,39,3
507,1,15.36872,62,3
508,1,15.36872,43,3
509,1,15.36872,49,3
510,1,15.36872,48,3
511,1,15.36872,57,3
512,1,15.36872,48,3
513,1,15.36872,54,3
514,1,15.36872,42,3
515,1,15.36872,51,3
516,1,15.36872,39,3
517,1,15.36872,57,3
518,1,15.36872,50,3
519,1,15.36872,41,3
520,1,15.36872,46,3
521,1,15.36872,52,3
522,1,15.36872,42,3
523,1,15.36872,57,3
524,1,15.36872,49,3
525,1,15.36872,53,3
526,1,15.36872,37,3
527,1,15.36872,46,3
528,1,15.36872,49,3
529,1,15.36872,52,3
530,1,15.36872,56,3
531,1,15.36872,42,3
532,1,15.36872,48,3
533,1,15.36872,58,3
534,1,15.36872,38,3
535,1,15.36872,46,3
536,1,15.36872,53,3
537,1,15.36872,49,3
538,1,15.36872,51,3
539,1,15.36872,44,3
540,1,15.36872,58,3
541,1,15.36872,47,3
542,1,15.36872,55,3
543,1,15.36872,61,3
544,1,15.36872,51,3
545,1,15.36872,53,3
546,1,15.36872,54,3
547,1,15.36872,53,3
548,1,15.36872,53,3
549,1,15.36872,60,3
550,1,15.36872,52,3
551,1,15.36872,58,3
552,1,15.36872,42,3
553,1,15.36872,44,3
554,1,15.36872,56,3
555,1,15.36872,56,3
556,1,15.36872,42,3
557,1,15.36872,50,3
558,1,15.36872,49,3
559,1,15.36872,46,3
560,1,15.36872,49,3
561,1,15.36872,56,3
562,1,15.36872,44,3
563,1,15.36872,62,3
564,1,15.36872,44,3
565,1,15.36872,57,3
566,1,15.36872,48,3
567,1,15.36872,56,3
568,1,15.36872,49,3
569,1,15.36872,36,3
570,1,15.36872,62,3
571,1,15.36872,48,3
572,1,15.36872,46,3
573,1,15.36872,47,3
574,1,15.36872,66,3
575,1,15.36872,60,3
576,1,15.36872,59,3
577,1,15.36872,56,3
578,1,15.36872,50,3
579,1,15.36872,42,3
580,1,15.36872,54,3
581,1,15.36872,47,3
582,1,15.36872,49,3
583,1,15.36872,55,3
584,1,15.36872,44,3
585,1,15.36872,44,3
586,1,15.36872,44,3
587,1,15.36872,53,3
588,1,15.36872,47,3
589,1,15.36872,57,3
590,1,15.36872,54,3
591,1,15.36872,49,3
592,1,15.36872,43,3
593,1,15.36872,54,3
594,1,15.36872,49,3
595,1,15.36872,60,3
596,1,15.36872,53,3
597,1,15.36872,52,3
598,1,15.36872,50,3
599,1,15.36872,51,3
600,1,15.36872,44,3
601,1,15.36872,47,3
602,1,15.36872,41,3
603,1,15.36872,52,3
604,1,15.36872,46,3
605,1,15.36872,48,3
606,1,15.36872,46,3
607,1,15.36872,54,3
608,1,15.36872,43,3
609,1,15.36872,54,3
610,1,15.36872,53,3
611,1,15.36872,55,3
612,1,15.36872,52,3
613,1,15.36872,44,3
614,1,15.36872,45,3
615,1,15.36872,64,3
616,1,15.36872,49,3
617,1,15.36872,53,3
618,1,15.36872,57,3
619,1,15.36872,43,3
620,1,15.36872,53,3
621,1,15.36872,52,3
622,1,15.36872,64,3
623,1,15.36872,46,3
624,1,15.36872,71,3
625,1,15.36872,59,3
626,1,15.36872,63,3
627,1,15.36872,57,3
628,1,15.36872,39,3
629,1,15.36872,51,3
630,1,15.36872,29,3
631,1,15.36872,59,3
632,1,15.36872,48,3
633,1,15.36872,59,3
634,1,15.36872,46,3
635,1,15.36872,52,3
636,1,15.36872,55,3
637,1,15.36872,53,3
638,1,15.36872,55,3
639,1,15.36872,49,3
640,1,15.36872,59,3
641,1,15.36872,41,3
642,1,15.36872,45,3
643,1,15.36872,53,3
644,1,15.36872,50,3
645,1,15.36872,57,3
646,1,15.36872,50,3
647,1,15.36872,61,3
648,1,15.36872,47,3
649,1,15.36872,52,3
650,1,15.36872,52,3
651,1,15.36872,45,3
652,1,15.36872,47,3
653,1,15.36872,49,3
654,1,15.36872,50,3
655,1,15.36872,35,3
656,1,15.36872,46,3
657,1,15.36872,44,3
658,1,15.36872,39,3
659,1,15.36872,61,3
660,1,15.36872,48,3
661,1,15.36872,48,3
662,1,15.36872,55,3
663,1,15.36872,52,3
664,1,15.36872,47,3
665,1,15.36872,55,3
666,1,15.36872,44,3
667,1,15.36872,62,3
668,1,15.36872,46,3
669,1,15.36872,49,3
670,1,15.36872,46,3
671,1,15.36872,57,3
672,1,15.36872,52,3
673,1,15.36872,57,3
674,1,15.36872,43,3
675,1,15.36872,53,3
676,1,15.36872,40,3
677,1,15.36872,45,3
678,1,15.36872,55,3
679,1,15.36872,48,3
680,1,15.36872,57,3
681,1,15.36872,39,3
682,1,15.36872,40,3
683,1,15.36872,48,3
684,1,15.36872,51,3
685,1,15.36872,45,3
686,1,15.36872,47,3
687,1,15.36872,41,3
688,1,15.36872,63,3
689,1,15.36872,45,3
690,1,15.36872,50,3
691,1,15.36872,55,3
692,1,15.36872,53,3
693,1,15.36872,46,3
694,1,15.36872,50,3
695,1,15.36872,49,3
696,1,15.36872,59,3
697,1,15.36872,47,3
698,1,15.36872,50,3
699,1,15.36872,45,3
700,1,15.36872,59,3
701,1,15.36872,54,3
702,1,15.36872,41,3
703,1,15.36872,65,3
704,1,15.36872,46,3
705,1,15.36872,52,3
706,1,15.36872,53,3
707,1,15.36872,47,3
708,1,15.36872,58,3
709,1,15.36872,60,3
710,1,15.36872,48,3
711,1,15.36872,40,3
712,1,15.36872,57,3
713,1,15.36872,58,3
714,1,15.36872,50,3
715,1,15.36872,42,3
716,1,15.36872,53,3
717,1,15.36872,46,3
718,1,15.36872,43,3
719,1,15.36872,47,3
720,1,15.36872,50,3
721,1,15.36872,53,3
722,1,15.36872,48,3
723,1,15.36872,55,3
724,1,15.36872,45,3
725,1,15.36872,46,3
726,1,15.36872,48,3
727,1,15.36872,50,3
728,1,15.36872,51,3
729,1,15.36872,54,3
730,1,15.36872,47,3
731,1,15.36872,40,3
732,1,15.36872,55,3
733,1,15.36872,47,3
734,1,15.36872,45,3
735,1,15.36872,58,3
736,1,15.36872,60,3
737,1,15.36872,60,3
738,1,15.36872,48,3
739,1,15.36872,41,3
740,1,15.36872,62,3
741,1,15.36872,64,3
742,1,15.36872,41,3
743,1,15.36872,51,3
744,1,15.36872,54,3
745,1,15.36872,51,3
746,1,15.36872,44,3
747,1,15.36872,41,3
748,1,15.36872,40,3
749,1,15.36872,40,3
750,1,15.36872,53,3
751,1,15.36872,55,3
752,1,15.36872,52,3
753,1,15.36872,52,3
754,1,15.36872,59,3
755,1,15.36872,44,3
756,1,15.36872,52,3
757,1,15.36872,59,3
758,1,15.36872,60,3
759,1,15.36872,55,3
760,1,15.36872,56,3
761,1,15.36872,56,3
762,1,15.36872,52,3
763,1,15.36872,62,3
764,1,15.36872,58,3
765,1,15.36872,52,3
766,1,15.36872,40,3
767,1,15.36872,41,3
768,1,15.36872,42,3
769,1,15.36872,53,3
770,1,15.36872,37,3
771,1,15.36872,53,3
772,1,15.36872,52,3
773,1,15.36872,48,3
774,1,15.36872,49,3
775,1,15.36872,42,3
776,1,15.36872,52,3
777,1,15.36872,52,3
778,1,15.36872,48,3
779,1,15.36872,32,3
780,1,15.36872,44,3
781,1,15.36872,36,3
782,1,15.36872,49,3
783,1,15.36872,45,3
784,1,15.36872,57,3
785,1,15.36872,37,3
786,1,15.36872,44,3
787,1,15.36872,44,3
788,1,15.36872,83,3
789,1,15.36872,49,3
790,1,15.36872,46,3
791,1,15.36872,53,3
792,1,15.36872,54,3
793,1,15.36872,50,3
794,1,15.36872,52,3
795,1,15.36872,42,3
796,1,15.36872,56,3
797,1,15.36872,49,3
798,1,15.36872,41,3
799,1,15.36872,53,3
800,2,15.36872,49,1
801,2,15.36872,59,1
802,2,15.36872,45,1
803,2,15.36872,46,1
804,2,15.36872,57,1
805,2,15.36872,51,1
806,2,15.36872,56,1
807,2,15.36872,48,1
808,2,15.36872,65,1
809,2,15.36872,48,1
810,2,15.36872,54,1
811,2,15.36872,43,1
812,2,15.36872,45,1
813,2,15.36872,60,1
814,2,15.36872,56,1
815,2,15.36872,43,1
816,2,15.36872,73,1
817,2,15.36872,49,1
818,2,15.36872,60,1
819,2,15.36872,61,1
820,2,15.36872,61,1
821,2,15.36872,41,1
822,2,15.36872,58,1
823,2,15.36872,50,1
824,2,15.36872,64,1
825,2,15.36872,53,1
826,2,15.36872,66,1
827,2,15.36872,55,1
828,2,15.36872,54,1
829,2,15.36872,52,1
830,2,15.36872,58,1
831,2,15.36872,52,0
832,2,15.36872,56,1
833,2,15.36872,58,1
834,2,15.36872,45,1
835,2,15.36872,57,1
836,2,15.36872,56,1
837,2,15.36872,62,1
838,2,15.36872,48,1
839,2,15.36872,60,1
840,2,15.36872,46,1
841,2,15.36872,66,1
842,2,15.36872,47,1
843,2,15.36872,46,1
844,2,15.36872,45,1
845,2,15.36872,60,1
846,2,15.36872,56,1
847,2,15.36872,56,1
848,2,15.36872,47,1
849,2,15.36872,71,1
850,2,15.36872,53,1
851,2,15.36872,59,1
852,2,15.36872,57,1
853,2,15.36872,64,1
854,2,15.36872,52,1
855,2,15.36872,46,1
856,2,15.36872,46,1
857,2,15.36872,51,1
858,2,15.36872,45,1
859,2,15.36872,55,1
860,2,15.36872,51,1
861,2,15.36872,41,1
862,2,15.36872,62,1
863,2,15.36872,65,1
864,2,15.36872,60,1
865,2,15.36872,48,1
866,2,15.36872,53,1
867,2,15.36872,59,1
868,2,15.36872,66,1
869,2,15.36872,54,1
870,2,15.36872,49,1
871,2,15.36872,42,1
872,2,15.36872,51,1
873,2,15.36872,53,1
874,2,15.36872,64,1
875,2,15.36872,57,1
876,2,15.36872,43,1
877,2,15.36872,64,1
878,2,15.36872,50,1
879,2,15.36872,52,1
880,2,15.36872,61,1
881,2,15.36872,59,1
882,2,15.36872,44,1
883,2,15.36872,52,1
884,2,15.36872,60,1
885,2,15.36872,65,1
886,2,15.36872,43,1
887,2,15.36872,43,1
888,2,15.36872,48,1
889,2,15.36872,58,1
890,2,15.36872,56,1
891,2,15.36872,75,1
892,2,15.36872,51,1
893,2,15.36872,55,1
894,2,15.36872,43,1
895,2,15.36872,65,1
896,2,15.36872,69,1
897,2,15.36872,69,1
898,2,15.36872,56,1
899,2,15.36872,47,1
900,2,15.36872,58,1
901,2,15.36872,56,1
902,2,15.36872,61,1
903,2,15.36872,58,1
904,2,15.36872,45,1
905,2,15.36872,56,1
906,2,15.36872,52,1
907,2,15.36872,53,1
908,2,15.36872,51,1
909,2,15.36872,43,1
910,2,15.36872,52,1
911,2,15.36872,56,1
912,2,15.36872,55,1
913,2,15.36872,56,1
914,2,15.36872,58,1
915,2,15.36872,49,1
916,2,15.36872,61,0
917,2,15.36872,50,1
918,2,15.36872,53,1
919,2,15.36872,66,1
920,2,15.36872,36,1
921,2,15.36872,64,1
922,2,15.36872,59,1
923,2,15.36872,61,1
924,2,15.36872,63,1
925,2,15.36872,47,1
926,2,15.36872,59,1
927,2,15.36872,54,1
928,2,15.36872,55,1
929,2,15.36872,54,1
930,2,15.36872,65,1
931,2,15.36872,54,1
932,2,15.36872,58,1
933,2,15.36872,58,1
934,2,15.36872,66,1
935,2,15.36872,51,1
936,2,15.36872,59,1
937,2,15.36872,58,1
938,2,15.36872,43,1
939,2,15.36872,46,1
940,2,15.36872,55,1
941,2,15.36872,49,1
942,2,15.36872,56,1
943,2,15.36872,55,1
944,2,15.36872,58,1
945,2,15.36872,48,1
946,2,15.36872,56,1
947,2,15.36872,59,1
948,2,15.36872,49,1
949,2,15.36872,47,1
950,2,15.36872,65,1
951,2,15.36872,57,1
952,2,15.36872,57,1
953,2,15.36872,59,1
954,2,15.36872,69,1
955,2,15.36872,52,1
956,2,15.36872,55,1
957,2,15.36872,56,1
958,2,15.36872,65,1
959,2,15.36872,57,1
960,2,15.36872,43,1
961,2,15.36872,58,1
962,2,15.36872,58,1
963,2,15.36872,50,1
964,2,15.36872,39,1
965,2,15.36872,53,1
966,2,15.36872,48,1
967,2,15.36872,59,1
968,2,15.36872,46,1
969,2,15.36872,60,1
970,2,15.36872,53,1
971,2,15.36872,55,1
972,2,15.36872,47,1
973,2,15.36872,33,1
974,2,15.36872,64,1
975,2,15.36872,48,1
976,2,15.36872,64,1
977,2,15.36872,55,1
978,2,15.36872,57,1
979,2,15.36872,50,1
980,2,15.36872,48,1
981,2,15.36872,60,1
982,2,15.36872,56,1
983,2,15.36872,49,1
984,2,15.36872,56,1
985,2,15.36872,51,1
986,2,15.36872,46,1
987,2,15.36872,71,1
988,2,15.36872,61,1
989,2,15.36872,49,1
990,2,15.36872,59,0
991,2,15.36872,64,1
992,2,15.36872,48,1
993,2,15.36872,46,1
994,2,15.36872,49,1
995,2,15.36872,52,1
996,2,15.36872,49,1
997,2,15.36872,43,1
998,2,15.36872,54,1
999,2,15.36872,63,1
1000,2,15.36872,64,1
1001,2,15.36872,55,1
1002,2,15.36872,64,1
1003,2,15.36872,56,1
1004,2,15.36872,64,1
1005,2,15.36872,54,1
1006,2,15.36872,55,1
1007,2,15.36872,57,1
1008,2,15.36872,53,1
1009,2,15.36872,33,1
1010,2,15.36872,52,1
1011,2,15.36872,58,1
1012,2,15.36872,38,1
1013,2,15.36872,55,1
1014,2,15.36872,51,1
1015,2,15.36872,44,1
1016,2,15.36872,65,1
1017,2,15.36872,55,1
1018,2,15.36872,56,1
1019,2,15.36872,39,1
1020,2,15.36872,55,1
1021,2,15.36872,57,1
1022,2,15.36872,58,1
1023,2,15.36872,62,1
1024,2,15.36872,47,1
1025,2,15.36872,56,1
1026,2,15.36872,51,1
1027,2,15.36872,54,1
1028,2,15.36872,52,1
1029,2,15.36872,56,1
1030,2,15.36872,53,1
1031,2,15.36872,39,1
1032,2,15.36872,63,1
1033,2,15.36872,62,1
1034,2,15.36872,61,1
1035,2,15.36872,59,1
1036,2,15.36872,59,1
1037,2,15.36872,50,1
1038,2,15.36872,50,1
1039,2,15.36872,53,1
1040,2,15.36872,47,1
1041,2,15.36872,57,1
1042,2,15.36872,49,1
1043,2,15.36872,61,1
1044,2,15.36872,50,1
1045,2,15.36872,47,1
1046,2,15.36872,47,1
1047,2,15.36872,53,1
1048,2,15.36872,44,1
1049,2,15.36872,43,1
1050,2,15.36872,52,1
1051,2,15.36872,59,1
1052,2,15.36872,63,1
1053,2,15.36872,61,1
1054,2,15.36872,51,1
1055,2,15.36872,54,1
1056,2,15.36872,37,1
1057,2,15.36872,51,1
1058,2,15.36872,63,1
1059,2,15.36872,60,1
1060,2,15.36872,47,1
1061,2,15.36872,56,1
1062,2,15.36872,70,1
1063,2,15.36872,44,1
1064,2,15.36872,50,1
1065,2,15.36872,58,1
1066,2,15.36872,55,1
1067,2,15.36872,47,1
1068,2,15.36872,63,1
1069,2,15.36872,48,1
1070,2,15.36872,59,1
1071,2,15.36872,44,1
1072,2,15.36872,61,1
1073,2,15.36872,61,1
1074,2,15.36872,54,1
1075,2,15.36872,57,1
1076,2,15.36872,46,1
1077,2,15.36872,53,1
1078,2,15.36872,51,0
1079,2,15.36872,38,1
1080,2,15.36872,50,1
1081,2,15.36872,69,1
1082,2,15.36872,51,1
1083,2,15.36872,57,1
1084,2,15.36872,44,1
1085,2,15.36872,40,1
1086,2,15.36872,47,1
1087,2,15.36872,49,1
1088,2,15.36872,55,1
1089,2,15.36872,65,1
1090,2,15.36872,44,1
1091,2,15.36872,63,1
1092,2,15.36872,53,1
1093,2,15.36872,51,1
1094,2,15.36872,49,1
1095,2,15.36872,63,1
1096,2,15.36872,63,1
1097,2,15.36872,50,1
1098,2,15.36872,68,1
1099,2,15.36872,56,1
1100,2,15.36872,52,1
1101,2,15.36872,46,1
1102,2,15.36872,42,1
1103,2,15.36872,65,1
1104,2,15.36872,63,1
1105,2,15.36872,47,1
1106,2,15.36872,58,1
1107,2,15.36872,60,1
1108,2,15.36872,56,1
1109,2,15.36872,43,1
1110,2,15.36872,52,1
1111,2,15.36872,52,1
1112,2,15.36872,55,1
1113,2,15.36872,56,1
1114,2,15.36872,69,1
1115,2,15.36872,58,1
1116,2,15.36872,49,1
1117,2,15.36872,50,1
1118,2,15.36872,55,1
1119,2,15.36872,68,1
1120,2,15.36872,54,1
1121,2,15.36872,59,1
1122,2,15.36872,47,1
1123,2,15.36872,55,1
1124,2,15.36872,62,1
1125,2,15.36872,61,1
1126,2,15.36872,56,1
1127,2,15.36872,53,1
1128,2,15.36872,45,1
1129,2,15.36872,57,1
1130,2,15.36872,53,1
1131,2,15.36872,49,1
1132,2,15.36872,55,1
1133,2,15.36872,48,1
1134,2,15.36872,52,1
1135,2,15.36872,61,1
1136,2,15.36872,65,1
1137,2,15.36872,51,1
1138,2,15.36872,67,1
1139,2,15.36872,60,1
1140,2,15.36872,46,1
1141,2,15.36872,59,1
1142,2,15.36872,58,1
1143,2,15.36872,55,1
1144,2,15.36872,57,1
1145,2,15.36872,51,1
1146,2,15.36872,45,1
1147,2,15.36872,44,1
1148,2,15.36872,74,0
1149,2,15.36872,56,1
1150,2,15.36872,44,1
1151,2,15.36872,59,1
1152,2,15.36872,76,1
1153,2,15.36872,63,1
1154,2,15.36872,54,1
1155,2,15.36872,43,1
1156,2,15.36872,58,1
1157,2,15.36872,47,1
1158,2,15.36872,46,1
1159,2,15.36872,58,1
1160,2,15.36872,46,1
1161,2,15.36872,49,1
1162,2,15.36872,42,1
1163,2,15.36872,56,1
1164,2,15.36872,55,1
1165,2,15.36872,52,1
1166,2,15.36872,68,1
1167,2,15.36872,48,1
1168,2,15.36872,52,1
1169,2,15.36872,61,1
1170,2,15.36872,47,1
1171,2,15.36872,61,1
1172,2,15.36872,67,1
1173,2,15.36872,50,1
1174,2,15.36872,46,1
1175,2,15.36872,65,1
1176,2,15.36872,58,1
1177,2,15.36872,47,1
1178,2,15.36872,56,1
1179,2,15.36872,57,1
1180,2,15.36872,46,1
1181,2,15.36872,48,1
1182,2,15.36872,54,1
1183,2,15.36872,61,1
1184,2,15.36872,53,1
1185,2,15.36872,53,1
1186,2,15.36872,54,1
1187,2,15.36872,55,1
1188,2,15.36872,59,1
1189,2,15.36872,54,1
1190,2,15.36872,40,1
1191,2,15.36872,54,1
1192,2,15.36872,54,1
1193,2,15.36872,55,1
1194,2,15.36872,43,1
1195,2,15.36872,55,1
1196,2,15.36872,51,1
1197,2,15.36872,53,1
1198,2,15.36872,46,1
1199,2,15.36872,51,1
1200,3,15.36872,67,0
1201,3,15.36872,61,0
1202,3,15.36872,80,0
1203,3,15.36872,57,0
1204,3,15.36872,65,0
1205,3,15.36872,65,0
1206,3,15.36872,49,0
1207,3,15.36872,66,0
1208,3,15.36872,60,0
1209,3,15.36872,86,0
1210,3,15.36872,57,0
1211,3,15.36872,63,0
1212,3,15.36872,65,0
1213,3,15.36872,78,0
1214,3,15.36872,65,0
1215,3,15.36872,57,0
1216,3,15.36872,58,0
1217,3,15.36872,61,0
1218,3,15.36872,83,0
1219,3,15.36872,85,0
1220,3,15.36872,59,0
1221,3,15.36872,67,0
1222,3,15.36872,59,0
1223,3,15.36872,71,0
1224,3,15.36872,78,0
1225,3,15.36872,73,0
1226,3,15.36872,68,0
1227,3,15.36872,57,0
1228,3,15.36872,59,0
1229,3,15.36872,61,0
1230,3,15.36872,59,0
1231,3,15.36872,68,0
1232,3,15.36872,70,0
1233,3,15.36872,59,0
1234,3,15.36872,75,0
1235,3,15.36872,65,0
1236,3,15.36872,62,0
1237,3,15.36872,74,0
1238,3,15.36872,63,0
1239,3,15.36872,71,0
1240,3,15.36872,66,0
1241,3,15.36872,57,0
1242,3,15.36872,61,0
1243,3,15.36872,81,0
1244,3,15.36872,83,0
1245,3,15.36872,57,0
1246,3,15.36872,82,0
1247,3,15.36872,73,0
1248,3,15.36872,69,0
1249,3,15.36872,64,0
1250,3,15.36872,70,0
1251,3,15.36872,67,0
1252,3,15.36872,75,0
1253,3,15.36872,62,0
1254,3,15.36872,61,0
1255,3,15.36872,60,0
1256,3,15.36872,71,0
1257,3,15.36872,83,0
1258,3,15.36872,67,0
1259,3,15.36872,74,0
1260,3,15.36872,66,0
1261,3,15.36872,62,0
1262,3,15.36872,63,0
1263,3,15.36872,66,0
1264,3,15.36872,62,0
1265,3,15.36872,60,0
1266,3,15.36872,71,0
1267,3,15.36872,75,0
1268,3,15.36872,64,0
1269,3,15.36872,73,0
1270,3,15.36872,63,0
1271,3,15.36872,73,0
1272,3,15.36872,58,0
1273,3,15.36872,67,0
1274,3,15.36872,62,0
1275,3,15.36872,70,0
1276,3,15.36872,65,0
1277,3,15.36872,74,0
1278,3,15.36872,60,0
1279,3,15.36872,79,0
1280,3,15.36872,60,0
1281,3,15.36872,56,0
1282,3,15.36872,63,0
1283,3,15.36872,66,0
1284,3,15.36872,73,0
1285,3,15.36872,76,0
1286,3,15.36872,87,0
1287,3,15.36872,68,0
1288,3,15.36872,65,0
1289,3,15.36872,61,0
1290,3,15.36872,59,0
1291,3,15.36872,83,0
1292,3,15.36872,65,0
1293,3,15.36872,63,0
1294,3,15.36872,79,0
1295,3,15.36872,72,0
1296,3,15.36872,73,0
1297,3,15.36872,60,0
1298,3,15.36872,66,0
1299,3,15.36872,80,0
1300,3,15.36872,62,0
1301,3,15.36872,71,0
1302,3,15.36872,71,0
1303,3,15.36872,71,0
1304,3,15.36872,66,0
1305,3,15.36872,75,0
1306,3,15.36872,74,0
1307,3,15.36872,78,0
1308,3,15.36872,78,0
1309,3,15.36872,54,0
1310,3,15.36872,55,0
1311,3,15.36872,74,0
1312,3,15.36872,70,0
1313,3,15.36872,84,0
1314,3,15.36872,57,0
1315,3,15.36872,76,0
1316,3,15.36872,77,0
1317,3,15.36872,73,0
1318,3,15.36872,58,0
1319,3,15.36872,42,0
1320,3,15.36872,71,0
1321,3,15.36872,62,0
1322,3,15.36872,71,0
1323,3,15.36872,65,0
1324,3,15.36872,52,1
1325,3,15.36872,66,0
1326,3,15.36872,80,0
1327,3,15.36872,83,0
1328,3,15.36872,59,0
1329,3,15.36872,70,0
1330,3,15.36872,65,0
1331,3,15.36872,58,0
1332,3,15.36872,81,0
1333,3,15.36872,84,0
1334,3,15.36872,62,0
1335,3,15.36872,58,0
1336,3,15.36872,62,0
1337,3,15.36872,78,0
1338,3,15.36872,65,0
1339,3,15.36872,70,0
1340,3,15.36872,74,0
1341,3,15.36872,70,0
1342,3,15.36872,60,0
1343,3,15.36872,57,0
1344,3,15.36872,68,0
1345,3,15.36872,59,0
1346,3,15.36872,79,0
1347,3,15.36872,62,0
1348,3,15.36872,49,0
1349,3,15.36872,89,0
1350,3,15.36872,70,0
1351,3,15.36872,50,0
1352,3,15.36872,62,0
1353,3,15.36872,75,0
1354,3,15.36872,80,0
1355,3,15.36872,66,0
1356,3,15.36872,56,0
1357,3,15.36872,72,0
1358,3,15.36872,83,0
1359,3,15.36872,69,0
1360,3,15.36872,57,0
1361,3,15.36872,73,0
1362,3,15.36872,50,0
1363,3,15.36872,63,0
1364,3,15.36872,83,0
1365,3,15.36872,68,0
1366,3,15.36872,63,0
1367,3,15.36872,62,0
1368,3,15.36872,57,0
1369,3,15.36872,60,0
1370,3,15.36872,68,0
1371,3,15.36872,69,0
1372,3,15.36872,63,0
1373,3,15.36872,72,0
1374,3,15.36872,52,0
1375,3,15.36872,71,0
1376,3,15.36872,61,1
1377,3,15.36872,57,0
1378,3,15.36872,73,0
1379,3,15.36872,62,0
1380,3,15.36872,73,0
1381,3,15.36872,62,0
1382,3,15.36872,58,0
1383,3,15.36872,72,0
1384,3,15.36872,62,0
1385,3,15.36872,74,0
1386,3,15.36872,69,0
1387,3,15.36872,69,0
1388,3,15.36872,61,0
1389,3,15.36872,74,0
1390,3,15.36872,70,0
1391,3,15.36872,83,0
1392,3,15.36872,76,0
1393,3,15.36872,82,0
1394,3,15.36872,67,0
1395,3,15.36872,69,0
1396,3,15.36872,78,0
1397,3,15.36872,68,0
1398,3,15.36872,69,0
1399,3,15.36872,58,0
1400,3,15.36872,59,0
1401,3,15.36872,69,0
1402,3,15.36872,58,0
1403,3,15.36872,82,0
1404,3,15.36872,72,0
1405,3,15.36872,73,0
1406,3,15.36872,70,0
1407,3,15.36872,56,0
1408,3,15.36872,72,0
1409,3,15.36872,62,1
1410,3,15.36872,81,0
1411,3,15.36872,67,0
1412,3,15.36872,77,0
1413,3,15.36872,63,0
1414,3,15.36872,65,0
1415,3,15.36872,53,0
1416,3,15.36872,48,1
1417,3,15.36872,79,0
1418,3,15.36872,69,0
1419,3,15.36872,63,0
1420,3,15.36872,72,0
1421,3,15.36872,69,0
1422,3,15.36872,67,0
1423,3,15.36872,58,2
1424,3,15.36872,64,0
1425,3,15.36872,66,0
1426,3,15.36872,61,0
1427,3,15.36872,70,0
1428,3,15.36872,58,0
1429,3,15.36872,90,0
1430,3,15.36872,45,0
1431,3,15.36872,71,0
1432,3,15.36872,64,0
1433,3,15.36872,82,0
1434,3,15.36872,78,0
1435,3,15.36872,59,0
1436,3,15.36872,65,0
1437,3,15.36872,67,0
1438,3,15.36872,77,0
1439,3,15.36872,66,0
1440,3,15.36872,55,0
1441,3,15.36872,78,0
1442,3,15.36872,77,0
1443,3,15.36872,74,0
1444,3,15.36872,57,0
1445,3,15.36872,80,0
1446,3,15.36872,63,0
1447,3,15.36872,70,0
1448,3,15.36872,63,0
1449,3,15.36872,69,0
1450,3,15.36872,66,0
1451,3,15.36872,80,0
1452,3,15.36872,65,0
1453,3,15.36872,72,0
1454,3,15.36872,57,0
1455,3,15.36872,70,0
1456,3,15.36872,79,0
1457,3,15.36872,55,0
1458,3,15.36872,60,1
1459,3,15.36872,79,0
1460,3,15.36872,61,0
1461,3,15.36872,64,0
1462,3,15.36872,55,0
1463,3,15.36872,60,0
1464,3,15.36872,73,0
1465,3,15.36872,58,1
1466,3,15.36872,64,0
1467,3,15.36872,69,0
1468,3,15.36872,80,0
1469,3,15.36872,78,0
1470,3,15.36872,75,0
1471,3,15.36872,50,0
1472,3,15.36872,77,0
1473,3,15.36872,63,0
1474,3,15.36872,68,0
1475,3,15.36872,68,0
1476,3,15.36872,64,0
1477,3,15.36872,66,0
1478,3,15.36872,74,0
1479,3,15.36872,68,0
1480,3,15.36872,67,0
1481,3,15.36872,64,0
1482,3,15.36872,62,0
1483,3,15.36872,74,0
1484,3,15.36872,72,0
1485,3,15.36872,57,0
1486,3,15.36872,53,0
1487,3,15.36872,75,0
1488,3,15.36872,73,0
1489,3,15.36872,66,0
1490,3,15.36872,78,0
1491,3,15.36872,60,0
1492,3,15.36872,58,0
1493,3,15.36872,68,0
1494,3,15.36872,82,0
1495,3,15.36872,73,0
1496,3,15.36872,78,0
1497,3,15.36872,73,0
1498,3,15.36872,73,0
1499,3,15.36872,59,0
1500,3,15.36872,72,0
1501,3,15.36872,64,0
1502,3,15.36872,66,0
1503,3,15.36872,64,0
1504,3,15.36872,71,0
1505,3,15.36872,70,0
1506,3,15.36872,79,0
1507,3,15.36872,72,0
1508,3,15.36872,60,1
1509,3,15.36872,55,0
1510,3,15.36872,63,0
1511,3,15.36872,66,0
1512,3,15.36872,63,0
1513,3,15.36872,55,0
1514,3,15.36872,75,0
1515,3,15.36872,63,0
1516,3,15.36872,68,0
1517,3,15.36872,48,0
1518,3,15.36872,58,1
1519,3,15.36872,73,0
1520,3,15.36872,65,0
1521,3,15.36872,64,0
1522,3,15.36872,56,0
1523,3,15.36872,59,0
1524,3,15.36872,65,0
1525,3,15.36872,59,0
1526,3,15.36872,65,0
1527,3,15.36872,63,0
1528,3,15.36872,71,0
1529,3,15.36872,60,0
1530,3,15.36872,71,0
1531,3,15.36872,68,0
1532,3,15.36872,57,0
1533,3,15.36872,67,0
1534,3,15.36872,62,0
1535,3,15.36872,65,0
1536,3,15.36872,78,0
1537,3,15.36872,64,0
1538,3,15.36872,68,0
1539,3,15.36872,59,0
1540,3,15.36872,75,0
1541,3,15.36872,62,0
1542,3,15.36872,68,0
1543,3,15.36872,72,0
1544,3,15.36872,69,0
1545,3,15.36872,47,0
1546,3,15.36872,68,0
1547,3,15.36872,59,0
1548,3,15.36872,79,0
1549,3,15.36872,70,0
1550,3,15.36872,57,0
1551,3,15.36872,69,0
1552,3,15.36872,74,0
1553,3,15.36872,71,0
1554,3,15.36872,75,0
1555,3,15.36872,74,0
1556,3,15.36872,71,0
1557,3,15.36872,68,0
1558,3,15.36872,67,0
1559,3,15.36872,66,0
1560,3,15.36872,61,0
1561,3,15.36872,62,0
1562,3,15.36872,62,0
1563,3,15.36872,65,0
1564,3,15.36872,67,0
1565,3,15.36872,53,0
1566,3,15.36872,70,0
1567,3,15.36872,57,0
1568,3,15.36872,75,0
1569,3,15.36872,69,0
1570,3,15.36872,58,0
1571,3,15.36872,75,0
1572,3,15.36872,70,0
1573,3,15.36872,68,0
1574,3,15.36872,72,0
1575,3,15.36872,72,0
1576,3,15.36872,62,0
1577,3,15.36872,73,0
1578,3,15.36872,67,0
1579,3,15.36872,52,2
1580,3,15.36872,65,0
1581,3,15.36872,78,0
1582,3,15.36872,71,0
1583,3,15.36872,74,0
1584,3,15.36872,63,0
1585,3,15.36872,57,0
1586,3,15.36872,54,0
1587,3,15.36872,64,0
1588,3,15.36872,58,0
1589,3,15.36872,64,0
1590,3,15.36872,52,0
1591,3,15.36872,61,0
1592,3,15.36872,65,0
1593,3,15.36872,61,0
1594,3,15.36872,71,0
1595,3,15.36872,53,0
1596,3,15.36872,69,0
1597,3,15.36872,72,0
1598,3,15.36872,74,0
1599,3,15.36872,60,0
