,cluster_id,cluster_thp
0,7,3
1,7,5
2,5,3
3,7,2
4,3,4
5,3,5
6,1,3
7,8,1
8,0,0
9,6,7
10,5,8
11,7,7
12,6,7
13,7,5
14,7,5
15,3,7
16,6,5
17,8,3
18,1,3
19,6,5
20,2,7
21,1,3
22,5,1
23,7,8
24,6,8
25,7,7
26,3,7
27,2,5
28,1,7
29,1,8
30,7,7
31,6,3
32,6,7
33,6,2
34,7,7
35,1,8
36,1,5
37,8,7
38,8,2
39,8,7
40,1,3
41,1,0
42,8,7
43,8,5
44,8,7
45,8,8
46,5,8
47,8,7
48,7,2
49,4,3
50,5,7
51,7,8
52,7,2
53,3,7
54,1,3
55,8,8
56,6,3
57,3,7
58,7,7
59,5,7
60,2,7
61,6,2
62,0,7
63,7,5
64,6,7
65,7,2
66,7,2
67,7,7
68,2,7
69,2,8
70,8,8
71,7,7
72,3,2
73,1,5
74,6,8
75,7,3
76,3,4
77,5,8
78,6,7
79,6,7
80,5,7
81,8,3
82,4,7
83,7,7
84,8,3
85,7,7
86,1,7
87,8,8
88,6,5
89,0,5
90,6,3
91,5,7
92,0,7
93,6,8
94,7,7
95,2,7
96,5,7
97,7,7
98,5,7
99,2,7
100,6,3
101,8,8
102,7,8
103,6,4
104,5,7
105,2,7
106,8,8
107,6,8
108,1,8
109,2,5
110,1,3
111,2,7
112,5,7
113,6,3
114,5,7
115,7,7
116,7,7
117,2,8
118,2,8
119,1,7
120,6,8
121,8,3
122,8,4
123,6,7
124,0,7
125,3,2
126,7,7
127,1,7
128,1,3
129,6,3
130,2,3
131,7,7
132,8,7
133,7,7
134,7,3
135,1,3
136,7,4
137,8,8
138,7,3
139,7,0
140,5,8
141,2,3
142,2,7
143,2,2
144,8,0
145,7,8
146,2,2
147,5,7
148,2,7
149,1,3
150,2,7
151,5,7
152,7,7
153,2,0
154,7,2
155,6,7
156,1,7
157,3,7
158,1,3
159,6,7
160,0,7
161,7,3
162,6,2
163,6,2
164,1,3
165,5,3
166,2,7
167,0,2
168,2,8
169,1,2
170,7,1
171,7,8
172,1,2
173,3,2
174,3,7
175,3,7
176,8,3
177,8,2
178,0,7
179,7,4
180,5,3
181,8,3
182,1,7
183,7,5
184,6,3
185,8,8
186,2,7
187,8,7
188,1,8
189,5,2
190,2,7
191,6,3
192,7,7
193,7,3
194,7,3
195,2,7
196,2,8
197,1,7
198,7,3
199,7,3
200,7,3
201,6,7
202,2,7
203,5,7
204,4,3
205,3,8
206,6,3
207,6,6
208,4,3
209,3,5
210,1,7
211,1,3
212,7,4
213,2,3
214,7,7
215,2,3
216,7,3
217,2,3
218,7,5
219,2,7
220,2,4
221,0,5
222,1,5
223,3,8
224,8,8
225,6,3
226,0,8
227,1,5
228,1,7
229,1,8
230,7,2
231,4,7
232,1,5
233,8,8
234,7,7
235,2,7
236,1,4
237,8,2
238,7,7
239,0,8
240,0,2
241,8,0
242,1,3
243,2,7
244,2,8
245,6,7
246,5,7
247,3,3
248,2,8
249,7,3
250,8,7
251,0,7
252,1,7
253,6,7
254,7,7
255,5,3
256,2,3
257,8,5
258,1,3
259,1,1
260,8,1
261,1,0
262,8,8
263,7,5
264,3,5
265,5,5
266,6,5
267,8,5
268,7,7
269,8,6
270,4,2
271,6,5
272,2,1
273,7,5
274,3,4
275,8,3
276,7,5
277,7,6
278,6,4
279,7,1
280,3,8
281,5,4
282,8,0
283,0,1
284,3,7
285,8,1
286,7,5
287,2,2
288,8,5
289,7,0
290,4,5
291,7,5
292,2,7
293,1,5
294,7,4
295,2,5
296,6,1
297,2,5
298,7,6
299,3,5
300,2,1
301,7,3
302,2,5
303,3,1
304,6,0
305,3,5
306,3,5
307,6,5
308,6,5
309,5,5
310,2,1
311,8,0
312,5,5
313,1,0
314,5,0
315,2,0
316,3,5
317,3,5
318,6,5
319,8,0
320,3,1
321,8,0
322,8,4
323,7,1
324,0,5
325,2,4
326,1,0
327,8,1
328,1,3
329,5,5
330,2,5
331,0,5
332,7,1
333,6,6
334,3,5
335,0,1
336,2,5
337,7,1
338,3,2
339,6,4
340,2,5
341,8,0
342,7,5
343,7,5
344,3,5
345,7,2
346,0,5
347,6,5
348,2,0
349,2,5
350,8,4
351,5,0
352,3,5
353,3,2
354,8,0
355,5,5
356,3,5
357,7,2
358,6,4
359,1,0
360,3,5
361,7,0
362,5,4
363,2,5
364,5,5
365,6,1
366,8,1
367,6,0
368,6,3
369,1,3
370,2,5
371,6,1
372,7,1
373,7,5
374,2,5
375,7,7
376,7,0
377,5,5
378,3,4
379,7,5
380,8,1
381,3,1
382,3,1
383,8,0
384,5,5
385,4,8
386,7,5
387,8,1
388,2,0
389,7,5
390,6,2
391,6,5
392,1,0
393,8,1
394,8,3
395,2,1
396,5,5
397,3,5
398,7,5
399,1,0
400,4,3
401,1,8
402,3,0
403,2,5
404,8,1
405,2,0
406,8,1
407,7,5
408,1,5
409,1,3
410,2,2
411,8,5
412,8,8
413,2,0
414,7,7
415,0,5
416,3,1
417,8,0
418,6,0
419,5,5
420,8,3
421,8,2
422,2,5
423,8,1
424,3,5
425,4,3
426,6,0
427,2,0
428,4,1
429,2,0
430,6,3
431,3,5
432,8,5
433,3,1
434,4,0
435,2,5
436,8,1
437,4,4
438,7,8
439,1,7
440,7,5
441,0,1
442,3,1
443,3,1
444,7,5
445,7,5
446,0,1
447,7,5
448,7,5
449,4,5
450,6,5
451,1,0
452,2,3
453,1,0
454,6,7
455,5,3
456,7,1
457,3,1
458,6,6
459,2,4
460,6,7
461,3,5
462,0,1
463,2,8
464,8,1
465,8,5
466,2,5
467,3,5
468,8,6
469,3,4
470,0,0
471,8,5
472,4,5
473,8,3
474,1,3
475,3,5
476,1,5
477,6,1
478,7,3
479,2,0
480,3,3
481,5,5
482,3,1
483,2,3
484,6,6
485,6,5
486,6,1
487,8,1
488,2,6
489,7,5
490,4,7
491,8,0
492,8,5
493,6,4
494,6,1
495,5,5
496,8,5
497,2,0
498,1,1
499,1,0
500,1,5
501,1,4
502,4,7
503,8,4
504,7,5
505,6,5
506,7,0
507,7,0
508,2,5
509,6,0
510,3,5
511,7,1
512,0,3
513,8,4
514,8,8
515,8,3
516,6,3
517,3,3
518,1,7
519,1,7
520,3,1
521,2,2
522,5,3
523,4,6
524,3,8
525,4,3
526,8,6
527,8,7
528,2,7
529,3,6
530,8,7
531,5,8
532,7,5
533,8,4
534,8,3
535,2,3
536,8,3
537,3,6
538,3,8
539,4,2
540,1,7
541,0,6
542,7,8
543,7,0
544,7,4
545,8,8
546,1,1
547,4,7
548,6,3
549,2,0
550,6,3
551,8,3
552,2,6
553,2,1
554,2,1
555,7,1
556,6,6
557,4,8
558,2,7
559,0,3
560,8,8
561,7,5
562,1,3
563,6,5
564,4,4
565,7,7
566,8,3
567,4,7
568,7,7
569,1,7
570,7,5
571,6,8
572,7,6
573,0,2
574,6,3
575,2,7
576,3,7
577,2,4
578,2,1
579,8,3
580,2,3
581,6,0
582,8,8
583,3,6
584,8,8
585,2,6
586,7,6
587,1,6
588,1,8
589,1,6
590,2,1
591,7,0
592,3,8
593,8,4
594,0,4
595,7,6
596,2,6
597,3,3
598,7,5
599,7,4
600,6,2
601,7,3
602,3,8
603,4,0
604,7,5
605,1,2
606,6,8
607,2,6
608,7,5
609,8,4
610,3,3
611,8,6
612,2,0
613,8,6
614,6,7
615,8,7
616,2,0
617,2,7
618,7,8
619,8,7
620,7,7
621,8,7
622,2,0
623,6,7
624,1,7
625,1,8
626,8,3
627,6,2
628,7,3
629,4,4
630,0,3
631,7,0
632,0,7
633,2,3
634,4,6
635,7,3
636,6,6
637,8,7
638,8,8
639,2,2
640,8,8
641,4,6
642,5,3
643,3,1
644,7,5
645,8,3
646,8,8
647,3,7
648,8,6
649,6,3
650,7,6
651,6,6
652,3,8
653,1,4
654,2,2
655,2,3
656,5,7
657,1,1
658,6,3
659,4,4
660,8,8
661,8,4
662,2,8
663,8,7
664,2,7
665,7,1
666,7,3
667,6,7
668,8,8
669,0,2
670,3,7
671,2,0
672,8,3
673,8,4
674,8,8
675,3,8
676,3,8
677,7,6
678,4,7
679,7,3
680,6,7
681,7,4
682,0,8
683,2,0
684,8,8
685,8,3
686,2,6
687,3,1
688,7,2
689,1,1
690,6,7
691,1,7
692,7,8
693,2,8
694,1,3
695,1,7
696,8,0
697,6,6
698,2,1
699,5,7
700,1,2
701,7,5
702,6,8
703,7,6
704,3,3
705,7,6
706,7,3
707,1,8
708,3,1
709,2,3
710,7,3
711,7,8
712,2,3
713,3,8
714,3,0
715,7,6
716,7,1
717,5,6
718,3,8
719,7,8
720,6,3
721,1,3
722,1,5
723,1,8
724,2,3
725,5,5
726,7,3
727,5,2
728,5,8
729,5,6
730,2,2
731,2,2
732,1,3
733,6,7
734,0,8
735,7,5
736,2,0
737,5,3
738,8,8
739,6,2
740,7,6
741,7,6
742,0,7
743,4,6
744,4,8
745,8,0
746,4,6
747,0,8
748,1,3
749,2,6
750,2,8
751,2,0
752,8,6
753,1,7
754,7,3
755,1,8
756,8,7
757,3,6
758,7,7
759,7,6
760,7,0
761,0,3
762,7,8
763,1,7
764,8,2
765,7,1
766,7,6
767,7,6
768,0,6
769,3,6
770,2,1
771,2,2
772,2,8
773,3,6
774,8,0
775,1,8
776,8,1
777,8,4
778,8,4
779,7,0
780,8,1
781,6,0
782,6,6
783,7,8
784,4,8
785,8,1
786,2,8
787,7,1
788,6,8
789,8,6
790,1,1
791,2,1
792,7,4
793,6,1
794,0,7
795,0,2
796,6,7
797,6,6
798,2,0
799,8,0
800,5,6
801,8,6
802,7,3
803,3,4
804,6,6
805,4,6
806,2,0
807,5,6
808,2,8
809,7,5
810,3,0
811,1,4
812,1,1
813,2,1
814,8,8
815,2,5
816,8,8
817,2,1
818,7,8
819,1,6
820,8,0
821,7,6
822,7,6
823,1,1
824,8,4
825,0,6
826,3,6
827,8,6
828,2,0
829,0,6
830,3,1
831,5,6
832,7,0
833,8,0
834,2,3
835,6,6
836,7,6
837,7,4
838,8,3
839,0,1
840,8,4
841,7,6
842,7,7
843,2,1
844,7,4
845,1,1
846,1,0
847,6,8
848,2,1
849,5,1
850,7,0
851,4,4
852,6,8
853,3,1
854,7,6
855,6,6
856,7,8
857,1,6
858,7,4
859,7,8
860,8,0
861,1,1
862,5,6
863,3,1
864,8,6
865,7,4
866,0,6
867,5,1
868,6,0
869,7,8
870,8,6
871,7,8
872,5,6
873,0,0
874,7,7
875,7,6
876,2,6
877,7,0
878,2,1
879,2,6
880,5,1
881,8,8
882,0,1
883,2,6
884,1,1
885,7,0
886,6,1
887,7,1
888,7,5
889,3,6
890,0,3
891,3,0
892,8,1
893,7,1
894,6,6
895,8,1
896,3,6
897,0,3
898,7,1
899,0,6
900,8,1
901,8,5
902,6,1
903,7,6
904,4,1
905,5,3
906,2,1
907,6,8
908,0,8
909,0,3
910,3,1
911,1,4
912,8,8
913,7,1
914,7,0
915,7,8
916,5,3
917,5,1
918,1,4
919,2,0
920,1,6
921,7,6
922,6,0
923,6,5
924,1,0
925,1,8
926,5,1
927,4,7
928,2,0
929,2,6
930,8,1
931,6,2
932,3,8
933,8,8
934,7,8
935,4,4
936,2,6
937,2,1
938,6,3
939,4,0
940,4,6
941,7,1
942,4,1
943,7,6
944,0,8
945,6,7
946,3,1
947,4,0
948,6,8
949,3,1
950,6,0
951,6,8
952,6,1
953,8,0
954,8,1
955,1,0
956,8,8
957,5,6
958,7,1
959,1,6
960,2,6
961,2,3
962,6,3
963,1,6
964,2,8
965,8,1
966,2,1
967,8,4
968,5,4
969,2,6
970,6,8
971,4,8
972,5,8
973,7,3
974,1,3
975,7,1
976,1,6
977,2,0
978,7,4
979,4,6
980,7,0
981,3,6
982,1,3
983,7,6
984,7,1
985,2,1
986,8,3
987,6,0
988,7,4
989,4,6
990,8,8
991,7,6
992,7,0
993,0,6
994,0,6
995,4,8
996,4,8
997,1,6
998,2,3
999,3,8
1000,5,6
1001,7,6
1002,6,1
1003,7,6
1004,1,6
1005,6,0
1006,6,0
1007,6,8
1008,7,7
1009,2,0
1010,6,1
1011,3,6
1012,0,3
1013,8,1
1014,7,6
1015,1,1
1016,1,6
1017,7,4
1018,8,1
1019,0,8
1020,6,0
1021,8,1
1022,4,0
1023,1,0
1024,2,0
1025,4,8
1026,6,2
1027,1,2
1028,7,8
1029,1,2
1030,7,8
1031,6,0
1032,7,8
1033,2,5
1034,0,2
1035,1,1
1036,7,2
1037,1,2
1038,1,2
1039,2,2
1040,6,7
1041,2,0
1042,7,2
1043,7,2
1044,7,8
1045,5,1
1046,7,8
1047,7,6
1048,6,7
1049,2,8
1050,7,7
1051,1,1
1052,5,2
1053,8,4
1054,1,6
1055,3,7
1056,3,8
1057,2,2
1058,8,7
1059,4,2
1060,3,8
1061,7,2
1062,2,7
1063,8,8
1064,2,8
1065,3,8
1066,5,8
1067,5,8
1068,7,1
1069,5,1
1070,8,1
1071,6,7
1072,8,3
1073,0,1
1074,6,6
1075,6,2
1076,3,2
1077,2,6
1078,8,7
1079,8,1
1080,0,7
1081,2,2
1082,7,1
1083,2,7
1084,4,8
1085,6,2
1086,8,1
1087,1,2
1088,2,8
1089,8,8
1090,6,8
1091,8,8
1092,7,1
1093,4,1
1094,2,2
1095,2,6
1096,1,1
1097,8,2
1098,8,7
1099,0,2
1100,6,2
1101,7,2
1102,8,7
1103,8,1
1104,5,8
1105,3,2
1106,4,8
1107,3,8
1108,3,8
1109,4,8
1110,3,2
1111,5,8
1112,1,7
1113,8,8
1114,5,2
1115,3,7
1116,2,2
1117,2,0
1118,7,4
1119,7,1
1120,2,2
1121,7,1
1122,6,0
1123,7,2
1124,7,2
1125,6,1
1126,0,8
1127,6,7
1128,6,8
1129,0,1
1130,7,6
1131,6,2
1132,2,7
1133,1,2
1134,3,5
1135,7,7
1136,6,2
1137,1,2
1138,5,7
1139,1,5
1140,5,8
1141,7,7
1142,6,6
1143,1,6
1144,0,8
1145,7,2
1146,6,7
1147,7,2
1148,8,7
1149,2,2
1150,8,8
1151,2,6
1152,0,2
1153,3,8
1154,3,2
1155,8,7
1156,7,2
1157,3,2
1158,6,2
1159,7,2
1160,8,2
1161,0,8
1162,5,2
1163,2,2
1164,3,8
1165,8,1
1166,1,7
1167,8,8
1168,7,4
1169,7,2
1170,2,3
1171,7,8
1172,2,7
1173,6,2
1174,1,2
1175,1,2
1176,6,8
1177,2,5
1178,8,8
1179,8,1
1180,6,1
1181,6,7
1182,1,0
1183,7,8
1184,8,7
1185,2,7
1186,2,8
1187,2,8
1188,6,0
1189,0,6
1190,1,0
1191,3,8
1192,7,7
1193,8,7
1194,7,8
1195,6,2
1196,7,7
1197,7,7
1198,8,8
1199,4,1
1200,2,1
1201,4,2
1202,7,0
1203,4,6
1204,6,8
1205,1,2
1206,6,8
1207,1,5
1208,0,1
1209,4,8
1210,1,2
1211,6,8
1212,0,8
1213,6,2
1214,5,2
1215,3,8
1216,7,2
1217,7,1
1218,7,8
1219,7,2
1220,2,8
1221,1,8
1222,4,2
1223,1,1
1224,7,2
1225,6,2
1226,0,2
1227,8,1
1228,8,1
1229,1,8
1230,8,5
1231,7,8
1232,1,2
1233,4,4
1234,8,0
1235,4,2
1236,2,8
1237,7,2
1238,1,8
1239,7,2
1240,6,7
1241,8,8
1242,7,0
1243,6,2
1244,1,6
1245,6,2
1246,7,2
1247,6,1
1248,8,2
1249,1,8
1250,5,2
1251,2,2
1252,3,8
1253,8,8
1254,4,8
1255,1,0
1256,6,8
1257,3,8
1258,2,8
1259,2,8
1260,7,2
1261,8,1
1262,1,8
1263,6,8
1264,8,2
1265,7,7
1266,4,8
1267,4,8
1268,8,1
1269,7,2
1270,3,3
1271,6,2
1272,2,2
1273,1,8
1274,7,2
1275,0,2
1276,7,0
1277,2,0
1278,2,0
1279,0,8
1280,3,4
1281,4,3
1282,8,4
1283,3,3
1284,1,3
1285,3,3
1286,2,2
1287,2,3
1288,4,1
1289,2,6
1290,6,5
1291,1,5
1292,5,3
1293,7,6
1294,1,2
1295,6,3
1296,0,1
1297,8,1
1298,5,4
1299,7,5
1300,0,4
1301,0,4
1302,8,3
1303,2,3
1304,3,0
1305,6,5
1306,1,4
1307,7,7
1308,3,1
1309,5,3
1310,2,5
1311,7,4
1312,8,4
1313,7,5
1314,2,3
1315,1,3
1316,6,5
1317,8,6
1318,7,5
1319,8,1
1320,1,1
1321,5,4
1322,8,0
1323,6,6
1324,8,1
1325,3,3
1326,4,1
1327,4,3
1328,4,5
1329,7,6
1330,2,5
1331,5,5
1332,2,3
1333,8,5
1334,8,5
1335,8,6
1336,0,4
1337,4,5
1338,6,5
1339,0,8
1340,8,5
1341,6,8
1342,0,5
1343,6,3
1344,4,5
1345,6,0
1346,8,6
1347,2,4
1348,3,3
1349,7,5
1350,6,1
1351,6,4
1352,7,0
1353,2,0
1354,8,5
1355,7,3
1356,7,4
1357,6,2
1358,7,1
1359,4,5
1360,1,2
1361,7,4
1362,2,3
1363,7,4
1364,4,1
1365,8,3
1366,5,6
1367,3,3
1368,3,4
1369,7,6
1370,1,0
1371,8,5
1372,7,3
1373,3,3
1374,7,3
1375,3,3
1376,8,3
1377,6,3
1378,8,3
1379,1,6
1380,8,5
1381,7,4
1382,7,5
1383,5,3
1384,6,3
1385,7,3
1386,6,3
1387,8,4
1388,8,6
1389,6,6
1390,2,5
1391,7,3
1392,7,3
1393,1,5
1394,2,6
1395,2,3
1396,7,2
1397,1,6
1398,3,3
1399,1,0
1400,4,3
1401,1,3
1402,7,3
1403,3,3
1404,3,5
1405,1,3
1406,7,4
1407,2,3
1408,1,5
1409,1,5
1410,6,8
1411,6,3
1412,5,5
1413,1,5
1414,4,4
1415,5,3
1416,7,3
1417,8,4
1418,8,6
1419,8,4
1420,8,3
1421,3,4
1422,5,3
1423,1,3
1424,2,4
1425,5,3
1426,2,3
1427,7,5
1428,3,2
1429,3,6
1430,6,2
1431,7,5
1432,4,5
1433,6,3
1434,1,3
1435,0,3
1436,0,5
1437,1,3
1438,8,8
1439,4,5
1440,4,5
1441,7,3
1442,2,4
1443,7,1
1444,8,3
1445,0,3
1446,1,1
1447,6,3
1448,6,6
1449,1,3
1450,8,8
1451,1,3
1452,7,3
1453,6,3
1454,6,3
1455,6,3
1456,0,1
1457,7,5
1458,1,3
1459,4,6
1460,2,5
1461,0,4
1462,7,5
1463,1,4
1464,1,3
1465,0,3
1466,3,5
1467,5,4
1468,6,4
1469,0,3
1470,3,4
1471,3,5
1472,3,3
1473,6,5
1474,6,5
1475,4,6
1476,7,6
1477,6,6
1478,7,1
1479,3,3
1480,7,5
1481,7,3
1482,3,2
1483,1,8
1484,6,4
1485,2,3
1486,8,5
1487,8,2
1488,7,3
1489,4,3
1490,6,5
1491,0,1
1492,7,6
1493,6,6
1494,6,5
1495,6,5
1496,8,4
1497,5,3
1498,0,5
1499,1,0
1500,7,3
1501,7,4
1502,7,3
1503,8,8
1504,4,3
1505,1,8
1506,4,5
1507,0,3
1508,7,1
1509,7,4
1510,3,5
1511,0,1
1512,7,6
1513,3,3
1514,2,5
1515,1,3
1516,6,4
1517,6,3
1518,7,3
1519,2,5
1520,8,3
1521,1,3
1522,8,3
1523,2,1
1524,6,5
1525,8,0
1526,0,1
1527,2,3
1528,8,3
1529,2,4
1530,5,3
1531,8,4
1532,2,1
1533,3,5
1534,8,1
1535,8,5
1536,1,3
1537,4,3
1538,1,3
1539,0,5
1540,7,0
1541,1,0
1542,3,8
1543,4,0
1544,6,3
1545,4,0
1546,6,3
1547,6,3
1548,5,0
1549,7,7
1550,6,3
1551,3,4
1552,1,0
1553,7,0
1554,3,8
1555,5,3
1556,4,3
1557,2,0
1558,7,0
1559,6,8
1560,6,0
1561,1,3
1562,6,3
1563,8,1
1564,6,3
1565,8,7
1566,2,3
1567,2,8
1568,7,3
1569,8,2
1570,2,3
1571,7,3
1572,4,3
1573,7,5
1574,6,4
1575,6,0
1576,6,8
1577,2,6
1578,3,8
1579,0,6
1580,8,3
1581,6,0
1582,0,4
1583,7,0
1584,8,3
1585,7,3
1586,6,3
1587,2,6
1588,1,0
1589,3,0
1590,2,3
1591,3,0
1592,7,3
1593,7,3
1594,1,1
1595,2,3
1596,0,4
1597,5,3
1598,1,8
1599,6,3
1600,7,3
1601,7,1
1602,6,1
1603,1,3
1604,2,0
1605,1,3
1606,3,6
1607,8,0
1608,8,5
1609,5,4
1610,3,4
1611,3,0
1612,8,3
1613,6,1
1614,2,3
1615,5,4
1616,7,3
1617,2,0
1618,1,3
1619,8,3
1620,2,5
1621,7,0
1622,6,3
1623,6,6
1624,2,0
1625,6,3
1626,3,0
1627,7,4
1628,2,2
1629,6,3
1630,4,4
1631,7,3
1632,8,3
1633,0,3
1634,6,8
1635,6,4
1636,8,8
1637,7,3
1638,8,3
1639,8,0
1640,2,3
1641,3,3
1642,0,8
1643,8,3
1644,7,5
1645,5,4
1646,5,8
1647,6,8
1648,4,3
1649,7,3
1650,8,8
1651,3,8
1652,2,3
1653,0,4
1654,4,0
1655,4,8
1656,4,3
1657,2,3
1658,0,4
1659,2,4
1660,1,3
1661,7,3
1662,7,8
1663,8,8
1664,6,3
1665,0,8
1666,0,3
1667,8,8
1668,5,4
1669,8,3
1670,8,3
1671,0,4
1672,2,3
1673,7,8
1674,5,3
1675,4,8
1676,1,0
1677,2,3
1678,2,3
1679,2,0
1680,2,0
1681,0,4
1682,3,1
1683,4,7
1684,7,3
1685,7,3
1686,6,3
1687,2,0
1688,4,4
1689,1,0
1690,8,7
1691,1,8
1692,7,3
1693,1,0
1694,1,4
1695,6,1
1696,3,3
1697,5,4
1698,1,8
1699,8,3
1700,8,3
1701,7,3
1702,3,0
1703,2,1
1704,1,8
1705,7,3
1706,6,8
1707,6,0
1708,3,0
1709,2,3
1710,2,3
1711,7,3
1712,6,3
1713,4,3
1714,4,8
1715,8,8
1716,5,3
1717,6,6
1718,8,0
1719,5,3
1720,6,8
1721,5,3
1722,6,0
1723,6,3
1724,3,3
1725,3,8
1726,1,4
1727,6,3
1728,5,0
1729,2,3
1730,4,2
1731,7,0
1732,5,0
1733,8,1
1734,1,3
1735,2,3
1736,1,6
1737,7,7
1738,3,4
1739,8,3
1740,0,4
1741,2,6
1742,7,3
1743,3,4
1744,1,3
1745,8,0
1746,7,0
1747,0,3
1748,7,3
1749,8,8
1750,1,3
1751,4,3
1752,1,0
1753,6,7
1754,4,3
1755,6,1
1756,2,4
1757,2,0
1758,2,3
1759,7,3
1760,2,3
1761,1,3
1762,8,0
1763,8,8
1764,4,8
1765,6,3
1766,5,3
1767,6,0
1768,2,0
1769,8,3
1770,6,0
1771,8,3
1772,4,8
1773,5,0
1774,5,0
1775,2,4
1776,8,1
1777,3,3
1778,2,4
1779,4,3
1780,2,3
1781,7,3
1782,7,3
1783,8,3
1784,8,3
1785,5,6
1786,4,0
1787,6,3
1788,6,4
1789,1,1
1790,6,3
1791,7,3
1792,2,5
1793,7,7
1794,0,7
1795,8,5
1796,3,5
1797,7,0
1798,7,7
1799,4,5
1800,5,2
1801,2,7
1802,5,3
1803,6,6
1804,8,3
1805,2,5
1806,0,3
1807,6,7
1808,6,6
1809,6,1
1810,3,5
1811,2,3
1812,8,7
1813,6,5
1814,6,7
1815,8,0
1816,7,3
1817,2,3
1818,2,3
1819,7,5
1820,8,7
1821,6,3
1822,7,2
1823,0,0
1824,8,0
1825,6,0
1826,8,5
1827,8,6
1828,7,3
1829,7,1
1830,3,2
1831,7,3
1832,0,2
1833,5,7
1834,1,1
1835,7,3
1836,7,1
1837,3,2
1838,8,5
1839,6,3
1840,8,0
1841,2,2
1842,7,7
1843,0,1
1844,4,7
1845,6,5
1846,8,1
1847,6,3
1848,7,7
1849,7,5
1850,6,3
1851,8,3
1852,2,3
1853,7,7
1854,8,7
1855,8,0
1856,2,0
1857,6,3
1858,2,7
1859,1,7
1860,8,7
1861,6,8
1862,7,0
1863,3,2
1864,8,6
1865,1,0
1866,6,3
1867,8,1
1868,7,7
1869,8,6
1870,6,5
1871,5,7
1872,3,0
1873,3,3
1874,1,3
1875,8,7
1876,4,5
1877,8,5
1878,8,3
1879,6,7
1880,6,7
1881,2,1
1882,7,3
1883,4,7
1884,8,8
1885,2,7
1886,2,1
1887,2,2
1888,4,2
1889,6,3
1890,3,3
1891,2,1
1892,2,3
1893,7,3
1894,2,7
1895,1,3
1896,3,0
1897,1,7
1898,6,8
1899,7,7
1900,7,1
1901,1,1
1902,8,1
1903,3,7
1904,7,3
1905,6,7
1906,7,6
1907,7,5
1908,6,2
1909,4,2
1910,6,3
1911,7,2
1912,7,8
1913,2,2
1914,5,7
1915,8,3
1916,6,7
1917,7,5
1918,2,4
1919,4,1
1920,8,8
1921,6,5
1922,1,5
1923,0,3
1924,7,7
1925,6,1
1926,5,0
1927,7,7
1928,2,7
1929,1,5
1930,5,3
1931,5,7
1932,1,7
1933,1,3
1934,0,7
1935,2,7
1936,8,1
1937,7,6
1938,7,7
1939,3,7
1940,6,3
1941,2,2
1942,6,3
1943,6,6
1944,1,3
1945,3,7
1946,3,7
1947,7,0
1948,6,1
1949,7,0
1950,4,1
1951,0,1
1952,8,8
1953,7,3
1954,3,0
1955,8,5
1956,7,3
1957,1,2
1958,3,3
1959,8,5
1960,4,2
1961,7,1
1962,3,7
1963,0,0
1964,3,2
1965,7,4
1966,3,3
1967,7,5
1968,7,5
1969,6,8
1970,2,3
1971,4,3
1972,7,3
1973,6,4
1974,3,1
1975,7,7
1976,2,6
1977,6,1
1978,8,7
1979,6,1
1980,0,3
1981,3,7
1982,7,7
1983,0,7
1984,2,3
1985,0,1
1986,8,7
1987,7,3
1988,7,1
1989,3,7
1990,8,3
1991,5,0
1992,1,7
1993,7,3
1994,6,3
1995,3,0
1996,0,6
1997,7,1
1998,1,7
1999,4,5
2000,8,6
2001,8,6
2002,2,0
2003,1,1
2004,8,3
2005,6,1
2006,7,6
2007,7,3
2008,0,7
2009,4,5
2010,4,7
2011,7,2
2012,6,3
2013,8,5
2014,6,7
2015,3,3
2016,4,7
2017,4,7
2018,8,7
2019,4,3
2020,7,8
2021,5,7
2022,0,7
2023,0,2
2024,1,7
2025,0,7
2026,8,1
2027,7,3
2028,2,5
2029,8,7
2030,0,0
2031,6,7
2032,2,1
2033,0,7
2034,6,0
2035,2,7
2036,2,8
2037,0,2
2038,6,7
2039,5,2
2040,8,7
2041,1,5
2042,8,6
2043,4,1
2044,0,1
2045,0,0
2046,1,3
2047,6,3
2048,1,1
2049,4,2
2050,7,5
2051,1,2
2052,8,6
2053,2,7
2054,8,4
2055,7,2
2056,8,6
2057,5,5
2058,4,6
2059,7,5
2060,8,6
2061,4,0
2062,7,6
2063,6,6
2064,2,2
2065,2,2
2066,8,2
2067,8,0
2068,8,2
2069,5,4
2070,6,1
2071,6,0
2072,0,2
2073,6,5
2074,4,0
2075,3,1
2076,4,5
2077,4,2
2078,4,2
2079,4,1
2080,6,6
2081,1,2
2082,7,5
2083,2,2
2084,8,0
2085,8,6
2086,8,2
2087,8,5
2088,2,2
2089,1,2
2090,3,6
2091,7,6
2092,6,8
2093,1,1
2094,7,0
2095,7,1
2096,7,7
2097,2,5
2098,4,2
2099,7,2
2100,4,0
2101,6,2
2102,6,1
2103,8,0
2104,5,6
2105,4,2
2106,8,2
2107,0,6
2108,6,2
2109,5,2
2110,6,2
2111,7,0
2112,6,6
2113,0,1
2114,6,6
2115,8,5
2116,1,0
2117,2,6
2118,8,2
2119,7,2
2120,8,5
2121,0,0
2122,2,2
2123,7,2
2124,4,2
2125,5,2
2126,2,2
2127,7,0
2128,8,0
2129,6,0
2130,8,0
2131,6,1
2132,1,2
2133,5,1
2134,8,8
2135,7,0
2136,7,0
2137,1,2
2138,5,5
2139,7,2
2140,2,2
2141,8,5
2142,1,2
2143,3,6
2144,7,6
2145,1,0
2146,2,6
2147,8,5
2148,7,2
2149,7,5
2150,5,0
2151,1,0
2152,1,0
2153,1,2
2154,2,0
2155,3,2
2156,1,2
2157,7,2
2158,4,5
2159,8,0
2160,7,6
2161,3,0
2162,7,0
2163,7,0
2164,2,5
2165,7,2
2166,6,5
2167,2,0
2168,6,1
2169,7,7
2170,2,5
2171,6,5
2172,7,2
2173,7,1
2174,2,2
2175,4,0
2176,3,6
2177,6,6
2178,7,2
2179,2,1
2180,6,5
2181,8,6
2182,2,0
2183,3,1
2184,1,0
2185,3,2
2186,4,1
2187,2,0
2188,3,0
2189,8,5
2190,8,2
2191,1,6
2192,6,0
2193,3,4
2194,7,0
2195,3,2
2196,6,6
2197,7,5
2198,6,2
2199,1,5
2200,4,1
2201,7,2
2202,6,2
2203,1,1
2204,2,2
2205,1,5
2206,7,0
2207,6,0
2208,7,1
2209,8,6
2210,3,2
2211,6,3
2212,2,8
2213,3,7
2214,2,2
2215,7,0
2216,5,2
2217,7,0
2218,8,1
2219,1,6
2220,6,2
2221,2,2
2222,1,2
2223,7,2
2224,2,8
2225,6,2
2226,5,2
2227,3,7
2228,0,2
2229,2,7
2230,2,8
2231,7,6
2232,3,2
2233,7,6
2234,7,2
2235,7,0
2236,6,5
2237,7,2
2238,7,7
2239,8,3
2240,8,0
2241,6,0
2242,4,1
2243,6,0
2244,6,5
2245,2,4
2246,6,5
2247,2,2
2248,2,0
2249,7,6
2250,4,0
2251,6,0
2252,2,2
2253,6,2
2254,8,7
2255,3,5
2256,5,2
2257,7,0
2258,2,2
2259,4,0
2260,8,2
2261,4,1
2262,7,6
2263,1,0
2264,7,2
2265,8,6
2266,7,2
2267,8,6
2268,3,2
2269,0,5
2270,1,4
2271,5,1
2272,5,0
2273,7,0
2274,6,6
2275,7,6
2276,3,0
2277,1,0
2278,8,0
2279,4,0
2280,7,2
2281,7,2
2282,5,1
2283,8,0
2284,8,2
2285,1,2
2286,2,6
2287,2,2
2288,7,2
2289,1,0
2290,4,0
2291,8,5
2292,2,0
2293,8,0
2294,4,0
2295,7,6
2296,4,1
2297,6,6
2298,8,0
2299,7,6
2300,5,0
2301,8,5
2302,1,6
2303,6,2
2304,4,3
2305,6,5
2306,8,1
2307,6,1
2308,7,0
2309,7,1
2310,7,0
2311,4,5
2312,5,2
2313,7,0
2314,8,1
2315,6,8
2316,7,7
2317,2,1
2318,3,0
2319,1,3
2320,2,1
2321,0,1
2322,8,5
2323,3,8
2324,2,8
2325,6,1
2326,8,0
2327,7,8
2328,6,0
2329,7,8
2330,8,5
2331,1,0
2332,2,5
2333,6,5
2334,8,1
2335,6,0
2336,7,7
2337,2,1
2338,8,1
2339,5,2
2340,6,8
2341,6,0
2342,1,0
2343,7,0
2344,7,4
2345,7,3
2346,7,5
2347,7,3
2348,1,8
2349,6,0
2350,8,4
2351,6,8
2352,7,0
2353,7,8
2354,5,8
2355,7,5
2356,7,0
2357,2,1
2358,3,0
2359,7,7
2360,3,1
2361,8,0
2362,4,5
2363,2,1
2364,6,1
2365,0,7
2366,4,0
2367,1,0
2368,7,0
2369,7,0
2370,6,0
2371,8,0
2372,1,0
2373,7,4
2374,1,2
2375,2,5
2376,3,1
2377,3,1
2378,8,5
2379,2,4
2380,8,4
2381,7,8
2382,3,0
2383,2,8
2384,1,4
2385,7,1
2386,7,0
2387,0,5
2388,7,2
2389,7,0
2390,1,5
2391,6,0
2392,8,5
2393,7,0
2394,7,8
2395,7,0
2396,7,8
2397,1,1
2398,4,1
2399,7,0
2400,7,0
2401,7,3
2402,6,0
2403,4,5
2404,8,0
2405,8,5
2406,6,0
2407,6,0
2408,1,0
2409,3,5
2410,0,8
2411,4,8
2412,2,0
2413,2,0
2414,7,5
2415,7,8
2416,8,0
2417,2,0
2418,2,0
2419,7,0
2420,4,6
2421,1,3
2422,7,8
2423,6,0
2424,4,5
2425,4,8
2426,1,5
2427,7,1
2428,8,5
2429,4,0
2430,7,7
2431,6,0
2432,6,5
2433,8,1
2434,6,5
2435,2,0
2436,6,8
2437,2,0
2438,6,0
